id	gene	event_exact_plasmid	joint_exact_plasmid
APITD1-CORT_76016_GCAGCAGTTCACTATACTGT	APITD1-CORT	102	2
CGB5_56585_GCCACGGCGTAGGAGACCAC	CGB5	218	13
CGB7_56641_CAGGACCCCCTGCAGCACGC	CGB7	49	3
CGB_3087_CCACGGCGTAGGAGACCACG	CGB	206	1
CSNK1E_4075_TCCTTCGGAGATATCTACCT	CSNK1E	112	0
CT47A10_74531_CCTCTGGGGCAGCAGCAGCG	CT47A10	122	12
CT47A2_74562_CAACTCAGCCGCCTGATGGT	CT47A2	104	10
CT47A3_74558_CTCTGGGGCAGCAGCAGCGG	CT47A3	142	4
EIF3C_22605_AGGATGCGGATATAGAACCG	EIF3C	188	22
GAGE10_76418_CATAGGCCCAATCATTTCAG	GAGE10	173	0
GAGE10_76419_GCATAGGCCCAATCATTTCA	GAGE10	183	11
GOLGA8N_73827_CAGCAAAGCACATACAGAGT	GOLGA8N	54	0
GPR89B_38816_GAGAACAATGTTCCAGAAGG	GPR89B	109	21
HIST2H2AA3_21647_GCAACTACGCGGAGCGAGTG	HIST2H2AA3	154	11
HIST2H2AA4_74466_AGGACCGCAGCCATGTAGAC	HIST2H2AA4	148	4
HIST2H2AA4_74467_CAACTACGCGGAGCGAGTGG	HIST2H2AA4	143	0
HP_8785_ATAGCCATGTGCAATCTCGG	HP	64	6
JMJD7-PLA2G4B_22668_TGGCCATAATAGCTACCACT	JMJD7-PLA2G4B	114	3
KRTAP2-3_75072_ACCACAGCCGTGCACGACGA	KRTAP2-3	212	16
LIMS3L_75692_ACAGTGTTAAGGGCTGCTCG	LIMS3L	128	14
LOC101060321_76314_AAGAAACTAACAAGAAAGCA	LOC101060321	40	3
LOC102723859_76412_GAAGAAACTAACAAGAAAGA	LOC102723859	99	29
LOC388436_71032_TTTCCAAGGCCTTGTCAAGT	LOC388436	52	0
MAGEA2_11003_CTCTAGTGGAAGTTACCCTG	MAGEA2	110	16
MAGEA6_11018_CTCTAGTTGAAGTCACCCTG	MAGEA6	111	11
MAP1LC3B2_73764_GTGATAATAGAACGATACAA	MAP1LC3B2	78	1
MBD3L2_58997_ATGCAGCTGGTGAGTCTCAT	MBD3L2	175	0
MBD3L4_74384_TCTTAAGTATCCTTGCACCG	MBD3L4	54	7
NME1_12660_TCATTGCGATCAAACCAGAT	NME1	81	11
PLGLB2_14159_GGTATTCACATAGTCATCCA	PLGLB2	174	2
POC1B-GALNT4_76082_ATTAGGACCAATAAGCGAGA	POC1B-GALNT4	50	0
POLR2J2_66229_ATGGTGAATAAGCAGGCCTT	POLR2J2	30	0
POTEB2_75622_GGACACTGACATGAACAAGA	POTEB2	69	1
PRR20B_74855_GGGACGCTGGCCAGAGACAG	PRR20B	199	7
PRR20C_74861_GGACGCTGGCCAGAGACAGG	PRR20C	197	5
PRR20D_74864_AAGGCTCCGTGGAAGCAGAT	PRR20D	116	0
PRR20E_74868_AAGGGTTTCACGTAAGCGAT	PRR20E	73	2
PRR21_73877_GGTGAAGAGGCATGGACGAA	PRR21	43	0
RBMY1F_63277_ATGGTTATGCAACTAACGAT	RBMY1F	90	1
RGPD6_74948_AAATTATCTGACAAAGACCA	RGPD6	102	0
RHOXF2B_74523_CTTACCGCAGGAACTCACTG	RHOXF2B	259	1
RHOXF2_53753_GCTTACCGCAGGAACTCACT	RHOXF2	280	22
SLX1B_48701_CGGAGCCTGAGCCAGACCAG	SLX1B	42	3
SPATA31A5_74511_CAGGATCGACGCACACACAC	SPATA31A5	85	14
SPRR2A_18106_GGCAGGGCTCAGGGCACTTC	SPRR2A	171	1
SPRR2D_18113_GCTGTGGACACTTTGGTGAT	SPRR2D	58	1
SSX2_18305_AAACGGGCCGAAGACTTCCA	SSX2	127	20
SULT1A3_18476_GTGTGACTTGATGAGCCGTG	SULT1A3	184	7
SULT1A4_73304_TGTGACTTGATGAGCCGTGG	SULT1A4	178	1
TBC1D3C_72733_AAGAAACTAACAAGAAAGAA	TBC1D3C	71	0
TBC1D3L_76322_AGAAACTAACAAGAAAGCAG	TBC1D3L	200	15
TBC1D3_74996_ACGTCACAACCCAAGACCAT	TBC1D3	133	15
TBC1D3_74997_AGAAACTAACAAGAAAGAAG	TBC1D3	219	14
TGIF2-C20orf24_76060_GCGGGCAAAAGGAAGCGCAG	TGIF2-C20orf24	151	3
TGIF2_46866_GGCGGGCAAAAGGAAGCGCA	TGIF2	155	7
TMEM189-UBE2V1_70777_ACCAACACCGAGTATGACGA	TMEM189-UBE2V1	216	22
TP53TG3B_74888_CTGAAGAGACATTGGAGCTA	TP53TG3B	74	0
TP53TG3B_74889_GAACCGTCTTCAACCGTTCC	TP53TG3B	38	0
TSPY10_75710_CTCCTCCAGTGCAGACTCTG	TSPY10	132	1
TSPY1_19656_GGCGCCTCTGCGGTCTAGGT	TSPY1	184	6
TSPY3_74583_GCGCCTCTGCGGTCTAGGTG	TSPY3	179	1
TSPY3_74585_GTGTGTGCGAGTGCCAAGGA	TSPY3	88	1
TSPY8_74692_GCTCCTCCAGTGCAGACTCT	TSPY8	136	5
USP17L30_74699_CCAGCAGCCAATGCCTGTGA	USP17L30	51	1
ZNF587_54464_ATGAGGCCACACATTTCACA	ZNF587	234	28
ZNF700_55550_TTCAAGCATTCGAAGACACA	ZNF700	200	2
