library,cell_line,method,reference_genes,essentials,nonessentials,average_precision,roc_auc,recall_at_95pct_precision,essential_calls,nonessential_calls,essential_call_rate,nonessential_call_rate
Avana,ACH-000147,fit,625,303,322,0.9857074031031778,0.9825144005083737,0.9405940594059405,288,26,0.9504950495049505,0.08074534161490683
Avana,ACH-000147,fit_gene_bh,625,303,322,0.9857074031031778,0.9825144005083737,0.9405940594059405,276,9,0.9108910891089109,0.027950310559006212
Avana,ACH-000147,fit_gene_by,625,303,322,0.9857074031031778,0.9825144005083737,0.9405940594059405,0,0,0.0,0.0
Avana,ACH-000147,chronos,625,303,322,0.9874246791026213,0.9849230264641371,0.9306930693069307,270,3,0.8910891089108911,0.009316770186335404
Avana,ACH-000147,jacks,625,303,322,0.9859820120464065,0.9837750855830925,0.9372937293729373,,,,
Avana,ACH-000147,joint,625,303,322,0.9859820120464065,0.9837750855830925,0.9372937293729373,,,,
Avana,ACH-000147,joint_gene_bh,625,303,322,0.9859820120464065,0.9837750855830925,0.9372937293729373,275,7,0.9075907590759076,0.021739130434782608
Avana,ACH-000147,joint_gene_by,625,303,322,0.9859820120464065,0.9837750855830925,0.9372937293729373,0,0,0.0,0.0
Avana,ACH-000183,fit,625,303,322,0.9899806713859882,0.988541090133858,0.9636963696369637,288,12,0.9504950495049505,0.037267080745341616
Avana,ACH-000183,fit_gene_bh,625,303,322,0.9899806713859882,0.988541090133858,0.9636963696369637,285,9,0.9405940594059405,0.027950310559006212
Avana,ACH-000183,fit_gene_by,625,303,322,0.9899806713859882,0.988541090133858,0.9636963696369637,0,0,0.0,0.0
Avana,ACH-000183,chronos,625,303,322,0.9882472473424726,0.9848820285755284,0.9438943894389439,264,1,0.8712871287128713,0.003105590062111801
Avana,ACH-000183,jacks,625,303,322,0.9920877140531988,0.9898017752085767,0.9636963696369637,,,,
Avana,ACH-000183,joint,625,303,322,0.9920877140531988,0.9898017752085767,0.9636963696369637,,,,
Avana,ACH-000183,joint_gene_bh,625,303,322,0.9920877140531988,0.9898017752085767,0.9636963696369637,290,7,0.9570957095709571,0.021739130434782608
Avana,ACH-000183,joint_gene_by,625,303,322,0.9920877140531988,0.9898017752085767,0.9636963696369637,0,0,0.0,0.0
Avana,ACH-000434,fit,625,303,322,0.9557355793872035,0.9455753028719021,0.801980198019802,251,18,0.8283828382838284,0.055900621118012424
Avana,ACH-000434,fit_gene_bh,625,303,322,0.9557355793872035,0.9455753028719021,0.801980198019802,213,6,0.7029702970297029,0.018633540372670808
Avana,ACH-000434,fit_gene_by,625,303,322,0.9557355793872035,0.9455753028719021,0.801980198019802,0,0,0.0,0.0
Avana,ACH-000434,chronos,625,303,322,0.9675195064540151,0.9574954389848922,0.8844884488448845,254,8,0.8382838283828383,0.024844720496894408
Avana,ACH-000434,jacks,625,303,322,0.9675150707632496,0.957198204292479,0.8877887788778878,,,,
Avana,ACH-000434,joint,625,303,322,0.9675150707632496,0.957198204292479,0.8877887788778878,,,,
Avana,ACH-000434,joint_gene_bh,625,303,322,0.9675150707632496,0.957198204292479,0.8877887788778878,250,7,0.8250825082508251,0.021739130434782608
Avana,ACH-000434,joint_gene_by,625,303,322,0.9675150707632496,0.957198204292479,0.8877887788778878,0,0,0.0,0.0
KY,ACH-000147,fit,538,277,261,0.9615907970994545,0.9525844779174795,0.8158844765342961,227,13,0.8194945848375451,0.04980842911877394
KY,ACH-000147,fit_gene_bh,538,277,261,0.9615907970994545,0.9525844779174795,0.8158844765342961,206,5,0.7436823104693141,0.019157088122605363
KY,ACH-000147,fit_gene_by,538,277,261,0.9615907970994545,0.9525844779174795,0.8158844765342961,0,0,0.0,0.0
KY,ACH-000147,chronos,538,277,261,0.9667511774880224,0.9548667302930965,0.8339350180505415,213,1,0.7689530685920578,0.0038314176245210726
KY,ACH-000147,jacks,538,277,261,0.9750067968396045,0.9661120101802287,0.8880866425992779,,,,
KY,ACH-000147,joint,538,277,261,0.9750067968396045,0.9661120101802287,0.8880866425992779,,,,
KY,ACH-000147,joint_gene_bh,538,277,261,0.9750067968396045,0.9661120101802287,0.8880866425992779,235,5,0.8483754512635379,0.019157088122605363
KY,ACH-000147,joint_gene_by,538,277,261,0.9750067968396045,0.9661120101802287,0.8880866425992779,0,0,0.0,0.0
KY,ACH-000183,fit,538,277,261,0.9815465774898233,0.9745494280537227,0.9025270758122743,239,5,0.8628158844765343,0.019157088122605363
KY,ACH-000183,fit_gene_bh,538,277,261,0.9815465774898233,0.9745494280537227,0.9025270758122743,243,7,0.8772563176895307,0.02681992337164751
KY,ACH-000183,fit_gene_by,538,277,261,0.9815465774898233,0.9745494280537227,0.9025270758122743,0,0,0.0,0.0
KY,ACH-000183,chronos,538,277,261,0.9769211402477238,0.9653097638906178,0.9169675090252708,228,2,0.8231046931407943,0.007662835249042145
KY,ACH-000183,jacks,538,277,261,0.9860994831739869,0.9818388038231186,0.924187725631769,,,,
KY,ACH-000183,joint,538,277,261,0.9860994831739869,0.9818388038231186,0.924187725631769,,,,
KY,ACH-000183,joint_gene_bh,538,277,261,0.9860994831739869,0.9818388038231186,0.924187725631769,244,6,0.8808664259927798,0.022988505747126436
KY,ACH-000183,joint_gene_by,538,277,261,0.9860994831739869,0.9818388038231186,0.924187725631769,0,0,0.0,0.0
KY,ACH-000434,fit,538,277,261,0.9056488992694074,0.8833561558570895,0.631768953068592,176,10,0.6353790613718412,0.038314176245210725
KY,ACH-000434,fit_gene_bh,538,277,261,0.9056488992694074,0.8833561558570895,0.631768953068592,76,3,0.2743682310469314,0.011494252873563218
KY,ACH-000434,fit_gene_by,538,277,261,0.9056488992694074,0.8833561558570895,0.631768953068592,0,0,0.0,0.0
KY,ACH-000434,chronos,538,277,261,0.9231084945197147,0.8985988353596969,0.6678700361010831,134,3,0.48375451263537905,0.011494252873563218
KY,ACH-000434,jacks,538,277,261,0.9233090699490815,0.8996777183008977,0.6570397111913358,,,,
KY,ACH-000434,joint,538,277,261,0.9233090699490815,0.8996777183008977,0.6570397111913358,,,,
KY,ACH-000434,joint_gene_bh,538,277,261,0.9233090699490815,0.8996777183008977,0.6570397111913358,156,4,0.5631768953068592,0.01532567049808429
KY,ACH-000434,joint_gene_by,538,277,261,0.9233090699490815,0.8996777183008977,0.6570397111913358,0,0,0.0,0.0
