dataset,method,genes,essentials,nonessentials,average_precision,roc_auc,recall_at_95pct_precision,ap_ci_low,ap_ci_high,essential_call_rate_at_nominal_fdr_005,nonessential_call_rate_at_nominal_fdr_005
hap1-tko,fit_beta,1362,619,743,0.9984487487604066,0.9985888758188977,0.9935379644588045,0.9973249401769493,0.999367310851708,,
hap1-tko,fit_wald_z,1362,619,743,0.9987375857379127,0.9987606459426375,0.9967689822294022,0.997450485690506,0.9996613595875012,,
hap1-tko,fit_finite_depletion_p,1362,619,743,0.9983041913369014,0.998512775131165,0.9935379644588045,0.9968923332281913,0.999364875118929,0.01615508885298869,0.0
hap1-tko,fit_control_beta,1362,619,743,0.9982657262092018,0.9983931883361563,0.9935379644588045,0.9969344628132967,0.9993483342432562,,
hap1-tko,fit_control_depletion_p,1362,619,743,0.998279714289855,0.998407321321021,0.9935379644588045,0.9969696070751832,0.9993458170255988,0.9450726978998385,0.006729475100942127
hap1-tko,bagel2,1362,619,743,0.998008376196948,0.9979822446223993,0.9919224555735057,0.9963781677060634,0.9993388258636892,,
hap1-tko,mean_log2fc,1362,619,743,0.998027314569518,0.9980279050350389,0.9919224555735057,0.9964621606143811,0.9993123810725353,,
hap1-tkov3,fit_beta,1344,610,734,0.9973582985058175,0.9967257783535087,0.9918032786885246,0.9947211760711211,0.9990909795747397,,
hap1-tkov3,fit_wald_z,1344,610,734,0.9946896218248046,0.9946241122079779,0.980327868852459,0.9915179579691432,0.9970641298557594,,
hap1-tkov3,fit_finite_depletion_p,1344,610,734,0.9973582985058175,0.9967257783535088,0.9918032786885246,0.9947211760711211,0.9990909795747398,0.5721311475409836,0.0
hap1-tkov3,fit_control_beta,1344,610,734,0.9984360187422998,0.9985125295930675,0.9934426229508196,0.9970201781546687,0.9994435728759331,,
hap1-tkov3,fit_control_depletion_p,1344,610,734,0.998431534992657,0.9985136463125922,0.9934426229508196,0.9970091971250228,0.9994342922770728,0.9868852459016394,0.01226158038147139
hap1-tkov3,bagel2,1344,610,734,0.9984621843100289,0.9985292803859382,0.9918032786885246,0.9970953585455484,0.9994407881897674,,
hap1-tkov3,mean_log2fc,1344,610,734,0.9984674140881176,0.9985303971054629,0.9918032786885246,0.9970926389548166,0.9994594099785472,,
