library,cell_line,candidate,comparator,bootstraps,seed,ap_difference,ap_difference_ci_low,ap_difference_ci_high
Avana,ACH-000147,joint,fit,2000,1729,0.00027460894322861584,-0.004075956878773076,0.005154956749792815
Avana,ACH-000147,joint,chronos,2000,1729,-0.0014426670562148747,-0.0045470914564440575,0.0018791497192995532
Avana,ACH-000183,joint,fit,2000,1729,0.0021070426672106235,-0.0012602598496774004,0.005809425623931863
Avana,ACH-000183,joint,chronos,2000,1729,0.0038404667107262425,0.00047677402095025473,0.0071903266522059806
Avana,ACH-000434,joint,fit,2000,1729,0.011779491376046058,0.00585069458274344,0.01846973922376159
Avana,ACH-000434,joint,chronos,2000,1729,-4.43569076546968e-06,-0.004440430348660531,0.004423477236718464
KY,ACH-000147,joint,fit,2000,1729,0.013415999740149953,0.005104143970133942,0.022873682396517808
KY,ACH-000147,joint,chronos,2000,1729,0.008255619351582033,0.0006526008524823962,0.016537610751689448
KY,ACH-000183,joint,fit,2000,1729,0.004552905684163555,-0.0007412382133412526,0.01024427473483412
KY,ACH-000183,joint,chronos,2000,1729,0.009178342926263072,0.0033334716796758535,0.015737031701850795
KY,ACH-000434,joint,fit,2000,1729,0.01766017067967407,0.007933324993747362,0.030280594981978746
KY,ACH-000434,joint,chronos,2000,1729,0.0002005754293668005,-0.005900758230360181,0.005928300685486742
