correlated,alternatives,method,repeats,mean_fdp,mc_ci_low,mc_ci_high,mean_power,any_false_probability
0,0,pooled_guide_bh,200,0.07,0.03454969080373838,0.10545030919626164,,0.07
0,0,whole_gene_bh,200,0.0,0.0,0.0,,0.0
0,0,whole_gene_by,200,0.0,0.0,0.0,,0.0
0,1,pooled_guide_bh,200,0.040406409582379205,0.037829078952748715,0.042983740212009694,1.0,0.985
0,1,whole_gene_bh,200,0.040194886067210535,0.03755117922818153,0.042838592906239537,1.0,0.985
0,1,whole_gene_by,200,0.004640489845117671,0.003707588005761014,0.005573391684474328,1.0,0.4
1,0,pooled_guide_bh,200,1.0,1.0,1.0,,1.0
1,0,whole_gene_bh,200,0.0,0.0,0.0,,0.0
1,0,whole_gene_by,200,0.0,0.0,0.0,,0.0
1,1,pooled_guide_bh,200,0.35565363150696483,0.3507536733103235,0.3605535897036062,0.9087083333333332,1.0
1,1,whole_gene_bh,200,0.03759913172434884,0.033851802253821034,0.041346461194876644,0.43829166666666663,0.855
1,1,whole_gene_by,200,0.002771854606103186,0.0013244827806119606,0.004219226431594412,0.06754166666666667,0.075
