workload,scope,k,repeat,order,tool,n_reads,n_targets,samples,seconds,cpu_seconds,reads_per_second,peak_rss_kib,counts_sha256,count_mismatches,extended_mismatches,stats_mismatches,mapped_by_sample,exit_code,output_sha256,command
controlled_yusa_100000_1sample,controlled_simulation,0,0,0,guide_counter,100000,87437,1,0.234782553,0.285959,425926.02696504456,49600,11dcfa528c673473a5c876285397ebbe3e90dbfe0343cc600432a211331f0fc7,0,0,0,[71456],0,"{""counts.txt"": ""ad1c37091d62be75d0366b1ca0c1c82bd42621391c1490e478a60e0c8cb3c3d4"", ""extended-counts.txt"": ""c6199679e1549be00a847e66854f38163a06c7c77209ede986ed805a4fbbf03b"", ""stats.txt"": ""82dbc33c57e1c3d769173926b725cab3b83d3d0308459ea711eb607636f9bcc4""}","[""/workspace/.scientific-dotmatch/guide-counter/target/release/guide-counter"", ""count"", ""--input"", ""/workspace/dotmatch/benchmarks/work/guide_counter_final/controlled_yusa_100000_1sample-0.fastq.gz"", ""--samples"", ""sample0"", ""--library"", ""/workspace/dotmatch/benchmarks/real/data/yusa_library.csv"", ""--output"", ""/workspace/dotmatch/benchmarks/work/guide_counter_precision/controlled_yusa_100000_1sample-k0-r0-guide_counter"", ""--offset-sample-size"", ""100000"", ""--offset-min-fraction"", "".0025"", ""--exact-match""]"
controlled_yusa_100000_1sample,controlled_simulation,0,0,1,dotmatch,100000,87437,1,0.239511347,0.239354,417516.7533920637,30740,11dcfa528c673473a5c876285397ebbe3e90dbfe0343cc600432a211331f0fc7,0,0,0,[71456],0,"{""counts.txt"": ""ad1c37091d62be75d0366b1ca0c1c82bd42621391c1490e478a60e0c8cb3c3d4"", ""extended-counts.txt"": ""c6199679e1549be00a847e66854f38163a06c7c77209ede986ed805a4fbbf03b"", ""stats.txt"": ""e51107eddce28e29c6c81826b1f42fc59e9f4f4d149a31ddeafad923f946c982""}","[""/workspace/dotmatch/dotmatch"", ""guide-counter"", ""count"", ""--input"", ""/workspace/dotmatch/benchmarks/work/guide_counter_final/controlled_yusa_100000_1sample-0.fastq.gz"", ""--samples"", ""sample0"", ""--library"", ""/workspace/dotmatch/benchmarks/real/data/yusa_library.csv"", ""--output"", ""/workspace/dotmatch/benchmarks/work/guide_counter_precision/controlled_yusa_100000_1sample-k0-r0-dotmatch"", ""--offset-sample-size"", ""100000"", ""--offset-min-fraction"", "".0025"", ""--exact-match""]"
controlled_yusa_100000_1sample,controlled_simulation,0,1,0,dotmatch,100000,87437,1,0.245639566,0.244657,407100.5401466961,30632,11dcfa528c673473a5c876285397ebbe3e90dbfe0343cc600432a211331f0fc7,0,0,0,[71456],0,"{""counts.txt"": ""ad1c37091d62be75d0366b1ca0c1c82bd42621391c1490e478a60e0c8cb3c3d4"", ""extended-counts.txt"": ""c6199679e1549be00a847e66854f38163a06c7c77209ede986ed805a4fbbf03b"", ""stats.txt"": ""e51107eddce28e29c6c81826b1f42fc59e9f4f4d149a31ddeafad923f946c982""}","[""/workspace/dotmatch/dotmatch"", ""guide-counter"", ""count"", ""--input"", ""/workspace/dotmatch/benchmarks/work/guide_counter_final/controlled_yusa_100000_1sample-0.fastq.gz"", ""--samples"", ""sample0"", ""--library"", ""/workspace/dotmatch/benchmarks/real/data/yusa_library.csv"", ""--output"", ""/workspace/dotmatch/benchmarks/work/guide_counter_precision/controlled_yusa_100000_1sample-k0-r1-dotmatch"", ""--offset-sample-size"", ""100000"", ""--offset-min-fraction"", "".0025"", ""--exact-match""]"
controlled_yusa_100000_1sample,controlled_simulation,0,1,1,guide_counter,100000,87437,1,0.210907525,0.256684,474141.45133038756,49648,11dcfa528c673473a5c876285397ebbe3e90dbfe0343cc600432a211331f0fc7,0,0,0,[71456],0,"{""counts.txt"": ""ad1c37091d62be75d0366b1ca0c1c82bd42621391c1490e478a60e0c8cb3c3d4"", ""extended-counts.txt"": ""c6199679e1549be00a847e66854f38163a06c7c77209ede986ed805a4fbbf03b"", ""stats.txt"": ""82dbc33c57e1c3d769173926b725cab3b83d3d0308459ea711eb607636f9bcc4""}","[""/workspace/.scientific-dotmatch/guide-counter/target/release/guide-counter"", ""count"", ""--input"", ""/workspace/dotmatch/benchmarks/work/guide_counter_final/controlled_yusa_100000_1sample-0.fastq.gz"", ""--samples"", ""sample0"", ""--library"", ""/workspace/dotmatch/benchmarks/real/data/yusa_library.csv"", ""--output"", ""/workspace/dotmatch/benchmarks/work/guide_counter_precision/controlled_yusa_100000_1sample-k0-r1-guide_counter"", ""--offset-sample-size"", ""100000"", ""--offset-min-fraction"", "".0025"", ""--exact-match""]"
controlled_yusa_100000_1sample,controlled_simulation,0,2,0,guide_counter,100000,87437,1,0.214520471,0.263913,466155.9781863429,49600,11dcfa528c673473a5c876285397ebbe3e90dbfe0343cc600432a211331f0fc7,0,0,0,[71456],0,"{""counts.txt"": ""ad1c37091d62be75d0366b1ca0c1c82bd42621391c1490e478a60e0c8cb3c3d4"", ""extended-counts.txt"": ""c6199679e1549be00a847e66854f38163a06c7c77209ede986ed805a4fbbf03b"", ""stats.txt"": ""82dbc33c57e1c3d769173926b725cab3b83d3d0308459ea711eb607636f9bcc4""}","[""/workspace/.scientific-dotmatch/guide-counter/target/release/guide-counter"", ""count"", ""--input"", ""/workspace/dotmatch/benchmarks/work/guide_counter_final/controlled_yusa_100000_1sample-0.fastq.gz"", ""--samples"", ""sample0"", ""--library"", ""/workspace/dotmatch/benchmarks/real/data/yusa_library.csv"", ""--output"", ""/workspace/dotmatch/benchmarks/work/guide_counter_precision/controlled_yusa_100000_1sample-k0-r2-guide_counter"", ""--offset-sample-size"", ""100000"", ""--offset-min-fraction"", "".0025"", ""--exact-match""]"
controlled_yusa_100000_1sample,controlled_simulation,0,2,1,dotmatch,100000,87437,1,0.234555379,0.23428,426338.5492429913,30764,11dcfa528c673473a5c876285397ebbe3e90dbfe0343cc600432a211331f0fc7,0,0,0,[71456],0,"{""counts.txt"": ""ad1c37091d62be75d0366b1ca0c1c82bd42621391c1490e478a60e0c8cb3c3d4"", ""extended-counts.txt"": ""c6199679e1549be00a847e66854f38163a06c7c77209ede986ed805a4fbbf03b"", ""stats.txt"": ""e51107eddce28e29c6c81826b1f42fc59e9f4f4d149a31ddeafad923f946c982""}","[""/workspace/dotmatch/dotmatch"", ""guide-counter"", ""count"", ""--input"", ""/workspace/dotmatch/benchmarks/work/guide_counter_final/controlled_yusa_100000_1sample-0.fastq.gz"", ""--samples"", ""sample0"", ""--library"", ""/workspace/dotmatch/benchmarks/real/data/yusa_library.csv"", ""--output"", ""/workspace/dotmatch/benchmarks/work/guide_counter_precision/controlled_yusa_100000_1sample-k0-r2-dotmatch"", ""--offset-sample-size"", ""100000"", ""--offset-min-fraction"", "".0025"", ""--exact-match""]"
controlled_yusa_100000_1sample,controlled_simulation,0,3,0,dotmatch,100000,87437,1,0.260452524,0.260046,383947.13348986395,30768,11dcfa528c673473a5c876285397ebbe3e90dbfe0343cc600432a211331f0fc7,0,0,0,[71456],0,"{""counts.txt"": ""ad1c37091d62be75d0366b1ca0c1c82bd42621391c1490e478a60e0c8cb3c3d4"", ""extended-counts.txt"": ""c6199679e1549be00a847e66854f38163a06c7c77209ede986ed805a4fbbf03b"", ""stats.txt"": ""e51107eddce28e29c6c81826b1f42fc59e9f4f4d149a31ddeafad923f946c982""}","[""/workspace/dotmatch/dotmatch"", ""guide-counter"", ""count"", ""--input"", ""/workspace/dotmatch/benchmarks/work/guide_counter_final/controlled_yusa_100000_1sample-0.fastq.gz"", ""--samples"", ""sample0"", ""--library"", ""/workspace/dotmatch/benchmarks/real/data/yusa_library.csv"", ""--output"", ""/workspace/dotmatch/benchmarks/work/guide_counter_precision/controlled_yusa_100000_1sample-k0-r3-dotmatch"", ""--offset-sample-size"", ""100000"", ""--offset-min-fraction"", "".0025"", ""--exact-match""]"
controlled_yusa_100000_1sample,controlled_simulation,0,3,1,guide_counter,100000,87437,1,0.233693381,0.286859,427911.13540353114,49512,11dcfa528c673473a5c876285397ebbe3e90dbfe0343cc600432a211331f0fc7,0,0,0,[71456],0,"{""counts.txt"": ""ad1c37091d62be75d0366b1ca0c1c82bd42621391c1490e478a60e0c8cb3c3d4"", ""extended-counts.txt"": ""c6199679e1549be00a847e66854f38163a06c7c77209ede986ed805a4fbbf03b"", ""stats.txt"": ""82dbc33c57e1c3d769173926b725cab3b83d3d0308459ea711eb607636f9bcc4""}","[""/workspace/.scientific-dotmatch/guide-counter/target/release/guide-counter"", ""count"", ""--input"", ""/workspace/dotmatch/benchmarks/work/guide_counter_final/controlled_yusa_100000_1sample-0.fastq.gz"", ""--samples"", ""sample0"", ""--library"", ""/workspace/dotmatch/benchmarks/real/data/yusa_library.csv"", ""--output"", ""/workspace/dotmatch/benchmarks/work/guide_counter_precision/controlled_yusa_100000_1sample-k0-r3-guide_counter"", ""--offset-sample-size"", ""100000"", ""--offset-min-fraction"", "".0025"", ""--exact-match""]"
controlled_yusa_100000_1sample,controlled_simulation,0,4,0,guide_counter,100000,87437,1,0.217279145,0.261557,460237.45168916235,49600,11dcfa528c673473a5c876285397ebbe3e90dbfe0343cc600432a211331f0fc7,0,0,0,[71456],0,"{""counts.txt"": ""ad1c37091d62be75d0366b1ca0c1c82bd42621391c1490e478a60e0c8cb3c3d4"", ""extended-counts.txt"": ""c6199679e1549be00a847e66854f38163a06c7c77209ede986ed805a4fbbf03b"", ""stats.txt"": ""82dbc33c57e1c3d769173926b725cab3b83d3d0308459ea711eb607636f9bcc4""}","[""/workspace/.scientific-dotmatch/guide-counter/target/release/guide-counter"", ""count"", ""--input"", ""/workspace/dotmatch/benchmarks/work/guide_counter_final/controlled_yusa_100000_1sample-0.fastq.gz"", ""--samples"", ""sample0"", ""--library"", ""/workspace/dotmatch/benchmarks/real/data/yusa_library.csv"", ""--output"", ""/workspace/dotmatch/benchmarks/work/guide_counter_precision/controlled_yusa_100000_1sample-k0-r4-guide_counter"", ""--offset-sample-size"", ""100000"", ""--offset-min-fraction"", "".0025"", ""--exact-match""]"
controlled_yusa_100000_1sample,controlled_simulation,0,4,1,dotmatch,100000,87437,1,0.250159875,0.249992,399744.3634795549,30764,11dcfa528c673473a5c876285397ebbe3e90dbfe0343cc600432a211331f0fc7,0,0,0,[71456],0,"{""counts.txt"": ""ad1c37091d62be75d0366b1ca0c1c82bd42621391c1490e478a60e0c8cb3c3d4"", ""extended-counts.txt"": ""c6199679e1549be00a847e66854f38163a06c7c77209ede986ed805a4fbbf03b"", ""stats.txt"": ""e51107eddce28e29c6c81826b1f42fc59e9f4f4d149a31ddeafad923f946c982""}","[""/workspace/dotmatch/dotmatch"", ""guide-counter"", ""count"", ""--input"", ""/workspace/dotmatch/benchmarks/work/guide_counter_final/controlled_yusa_100000_1sample-0.fastq.gz"", ""--samples"", ""sample0"", ""--library"", ""/workspace/dotmatch/benchmarks/real/data/yusa_library.csv"", ""--output"", ""/workspace/dotmatch/benchmarks/work/guide_counter_precision/controlled_yusa_100000_1sample-k0-r4-dotmatch"", ""--offset-sample-size"", ""100000"", ""--offset-min-fraction"", "".0025"", ""--exact-match""]"
controlled_yusa_100000_1sample,controlled_simulation,1,0,0,guide_counter,100000,87437,1,4.318770563,4.36338,23154.737798929465,541372,c138049e4454af06e22a02abf5f63eab89736ef0e4bb4616525ce194302d629f,0,0,0,[96531],0,"{""counts.txt"": ""1b36beea6e6e811be343ab63c1982479798480754c84a74c997ed7df14bf917c"", ""extended-counts.txt"": ""6fade83e38c5f0cd9e8f7f87256c9f10fa819461046c9966f0225c8d3ba6cd0e"", ""stats.txt"": ""ae43ed0300c909ed3ad28095fe7bc353b1dc18a988e5865fae7aff38f5b21018""}","[""/workspace/.scientific-dotmatch/guide-counter/target/release/guide-counter"", ""count"", ""--input"", ""/workspace/dotmatch/benchmarks/work/guide_counter_final/controlled_yusa_100000_1sample-0.fastq.gz"", ""--samples"", ""sample0"", ""--library"", ""/workspace/dotmatch/benchmarks/real/data/yusa_library.csv"", ""--output"", ""/workspace/dotmatch/benchmarks/work/guide_counter_precision/controlled_yusa_100000_1sample-k1-r0-guide_counter"", ""--offset-sample-size"", ""100000"", ""--offset-min-fraction"", "".0025""]"
controlled_yusa_100000_1sample,controlled_simulation,1,0,1,dotmatch,100000,87437,1,0.516510251,0.51611,193606.99967985725,37520,c138049e4454af06e22a02abf5f63eab89736ef0e4bb4616525ce194302d629f,0,0,0,[96531],0,"{""counts.txt"": ""1b36beea6e6e811be343ab63c1982479798480754c84a74c997ed7df14bf917c"", ""extended-counts.txt"": ""6fade83e38c5f0cd9e8f7f87256c9f10fa819461046c9966f0225c8d3ba6cd0e"", ""stats.txt"": ""bd60d4ec7034cf9c7ea975371d8ed6c90ae469beae2e10f320d99dae8261bf0c""}","[""/workspace/dotmatch/dotmatch"", ""guide-counter"", ""count"", ""--input"", ""/workspace/dotmatch/benchmarks/work/guide_counter_final/controlled_yusa_100000_1sample-0.fastq.gz"", ""--samples"", ""sample0"", ""--library"", ""/workspace/dotmatch/benchmarks/real/data/yusa_library.csv"", ""--output"", ""/workspace/dotmatch/benchmarks/work/guide_counter_precision/controlled_yusa_100000_1sample-k1-r0-dotmatch"", ""--offset-sample-size"", ""100000"", ""--offset-min-fraction"", "".0025""]"
controlled_yusa_100000_1sample,controlled_simulation,1,1,0,dotmatch,100000,87437,1,0.563182063,0.56268,177562.4732565391,37504,c138049e4454af06e22a02abf5f63eab89736ef0e4bb4616525ce194302d629f,0,0,0,[96531],0,"{""counts.txt"": ""1b36beea6e6e811be343ab63c1982479798480754c84a74c997ed7df14bf917c"", ""extended-counts.txt"": ""6fade83e38c5f0cd9e8f7f87256c9f10fa819461046c9966f0225c8d3ba6cd0e"", ""stats.txt"": ""bd60d4ec7034cf9c7ea975371d8ed6c90ae469beae2e10f320d99dae8261bf0c""}","[""/workspace/dotmatch/dotmatch"", ""guide-counter"", ""count"", ""--input"", ""/workspace/dotmatch/benchmarks/work/guide_counter_final/controlled_yusa_100000_1sample-0.fastq.gz"", ""--samples"", ""sample0"", ""--library"", ""/workspace/dotmatch/benchmarks/real/data/yusa_library.csv"", ""--output"", ""/workspace/dotmatch/benchmarks/work/guide_counter_precision/controlled_yusa_100000_1sample-k1-r1-dotmatch"", ""--offset-sample-size"", ""100000"", ""--offset-min-fraction"", "".0025""]"
controlled_yusa_100000_1sample,controlled_simulation,1,1,1,guide_counter,100000,87437,1,2.856927727,2.904094,35002.63554269464,541368,c138049e4454af06e22a02abf5f63eab89736ef0e4bb4616525ce194302d629f,0,0,0,[96531],0,"{""counts.txt"": ""1b36beea6e6e811be343ab63c1982479798480754c84a74c997ed7df14bf917c"", ""extended-counts.txt"": ""6fade83e38c5f0cd9e8f7f87256c9f10fa819461046c9966f0225c8d3ba6cd0e"", ""stats.txt"": ""ae43ed0300c909ed3ad28095fe7bc353b1dc18a988e5865fae7aff38f5b21018""}","[""/workspace/.scientific-dotmatch/guide-counter/target/release/guide-counter"", ""count"", ""--input"", ""/workspace/dotmatch/benchmarks/work/guide_counter_final/controlled_yusa_100000_1sample-0.fastq.gz"", ""--samples"", ""sample0"", ""--library"", ""/workspace/dotmatch/benchmarks/real/data/yusa_library.csv"", ""--output"", ""/workspace/dotmatch/benchmarks/work/guide_counter_precision/controlled_yusa_100000_1sample-k1-r1-guide_counter"", ""--offset-sample-size"", ""100000"", ""--offset-min-fraction"", "".0025""]"
controlled_yusa_100000_1sample,controlled_simulation,1,2,0,guide_counter,100000,87437,1,2.801759102,2.849362,35691.86227631643,541276,c138049e4454af06e22a02abf5f63eab89736ef0e4bb4616525ce194302d629f,0,0,0,[96531],0,"{""counts.txt"": ""1b36beea6e6e811be343ab63c1982479798480754c84a74c997ed7df14bf917c"", ""extended-counts.txt"": ""6fade83e38c5f0cd9e8f7f87256c9f10fa819461046c9966f0225c8d3ba6cd0e"", ""stats.txt"": ""ae43ed0300c909ed3ad28095fe7bc353b1dc18a988e5865fae7aff38f5b21018""}","[""/workspace/.scientific-dotmatch/guide-counter/target/release/guide-counter"", ""count"", ""--input"", ""/workspace/dotmatch/benchmarks/work/guide_counter_final/controlled_yusa_100000_1sample-0.fastq.gz"", ""--samples"", ""sample0"", ""--library"", ""/workspace/dotmatch/benchmarks/real/data/yusa_library.csv"", ""--output"", ""/workspace/dotmatch/benchmarks/work/guide_counter_precision/controlled_yusa_100000_1sample-k1-r2-guide_counter"", ""--offset-sample-size"", ""100000"", ""--offset-min-fraction"", "".0025""]"
controlled_yusa_100000_1sample,controlled_simulation,1,2,1,dotmatch,100000,87437,1,0.61369551,0.612897,162947.25702001632,37524,c138049e4454af06e22a02abf5f63eab89736ef0e4bb4616525ce194302d629f,0,0,0,[96531],0,"{""counts.txt"": ""1b36beea6e6e811be343ab63c1982479798480754c84a74c997ed7df14bf917c"", ""extended-counts.txt"": ""6fade83e38c5f0cd9e8f7f87256c9f10fa819461046c9966f0225c8d3ba6cd0e"", ""stats.txt"": ""bd60d4ec7034cf9c7ea975371d8ed6c90ae469beae2e10f320d99dae8261bf0c""}","[""/workspace/dotmatch/dotmatch"", ""guide-counter"", ""count"", ""--input"", ""/workspace/dotmatch/benchmarks/work/guide_counter_final/controlled_yusa_100000_1sample-0.fastq.gz"", ""--samples"", ""sample0"", ""--library"", ""/workspace/dotmatch/benchmarks/real/data/yusa_library.csv"", ""--output"", ""/workspace/dotmatch/benchmarks/work/guide_counter_precision/controlled_yusa_100000_1sample-k1-r2-dotmatch"", ""--offset-sample-size"", ""100000"", ""--offset-min-fraction"", "".0025""]"
controlled_yusa_100000_1sample,controlled_simulation,1,3,0,dotmatch,100000,87437,1,0.512193548,0.511975,195238.69519730847,37548,c138049e4454af06e22a02abf5f63eab89736ef0e4bb4616525ce194302d629f,0,0,0,[96531],0,"{""counts.txt"": ""1b36beea6e6e811be343ab63c1982479798480754c84a74c997ed7df14bf917c"", ""extended-counts.txt"": ""6fade83e38c5f0cd9e8f7f87256c9f10fa819461046c9966f0225c8d3ba6cd0e"", ""stats.txt"": ""bd60d4ec7034cf9c7ea975371d8ed6c90ae469beae2e10f320d99dae8261bf0c""}","[""/workspace/dotmatch/dotmatch"", ""guide-counter"", ""count"", ""--input"", ""/workspace/dotmatch/benchmarks/work/guide_counter_final/controlled_yusa_100000_1sample-0.fastq.gz"", ""--samples"", ""sample0"", ""--library"", ""/workspace/dotmatch/benchmarks/real/data/yusa_library.csv"", ""--output"", ""/workspace/dotmatch/benchmarks/work/guide_counter_precision/controlled_yusa_100000_1sample-k1-r3-dotmatch"", ""--offset-sample-size"", ""100000"", ""--offset-min-fraction"", "".0025""]"
controlled_yusa_100000_1sample,controlled_simulation,1,3,1,guide_counter,100000,87437,1,2.84099949,2.887019,35198.87995474438,541244,c138049e4454af06e22a02abf5f63eab89736ef0e4bb4616525ce194302d629f,0,0,0,[96531],0,"{""counts.txt"": ""1b36beea6e6e811be343ab63c1982479798480754c84a74c997ed7df14bf917c"", ""extended-counts.txt"": ""6fade83e38c5f0cd9e8f7f87256c9f10fa819461046c9966f0225c8d3ba6cd0e"", ""stats.txt"": ""ae43ed0300c909ed3ad28095fe7bc353b1dc18a988e5865fae7aff38f5b21018""}","[""/workspace/.scientific-dotmatch/guide-counter/target/release/guide-counter"", ""count"", ""--input"", ""/workspace/dotmatch/benchmarks/work/guide_counter_final/controlled_yusa_100000_1sample-0.fastq.gz"", ""--samples"", ""sample0"", ""--library"", ""/workspace/dotmatch/benchmarks/real/data/yusa_library.csv"", ""--output"", ""/workspace/dotmatch/benchmarks/work/guide_counter_precision/controlled_yusa_100000_1sample-k1-r3-guide_counter"", ""--offset-sample-size"", ""100000"", ""--offset-min-fraction"", "".0025""]"
controlled_yusa_100000_1sample,controlled_simulation,1,4,0,guide_counter,100000,87437,1,3.101567722,3.148968,32241.759317612607,541276,c138049e4454af06e22a02abf5f63eab89736ef0e4bb4616525ce194302d629f,0,0,0,[96531],0,"{""counts.txt"": ""1b36beea6e6e811be343ab63c1982479798480754c84a74c997ed7df14bf917c"", ""extended-counts.txt"": ""6fade83e38c5f0cd9e8f7f87256c9f10fa819461046c9966f0225c8d3ba6cd0e"", ""stats.txt"": ""ae43ed0300c909ed3ad28095fe7bc353b1dc18a988e5865fae7aff38f5b21018""}","[""/workspace/.scientific-dotmatch/guide-counter/target/release/guide-counter"", ""count"", ""--input"", ""/workspace/dotmatch/benchmarks/work/guide_counter_final/controlled_yusa_100000_1sample-0.fastq.gz"", ""--samples"", ""sample0"", ""--library"", ""/workspace/dotmatch/benchmarks/real/data/yusa_library.csv"", ""--output"", ""/workspace/dotmatch/benchmarks/work/guide_counter_precision/controlled_yusa_100000_1sample-k1-r4-guide_counter"", ""--offset-sample-size"", ""100000"", ""--offset-min-fraction"", "".0025""]"
controlled_yusa_100000_1sample,controlled_simulation,1,4,1,dotmatch,100000,87437,1,0.520442343,0.52026,192144.24295987768,37552,c138049e4454af06e22a02abf5f63eab89736ef0e4bb4616525ce194302d629f,0,0,0,[96531],0,"{""counts.txt"": ""1b36beea6e6e811be343ab63c1982479798480754c84a74c997ed7df14bf917c"", ""extended-counts.txt"": ""6fade83e38c5f0cd9e8f7f87256c9f10fa819461046c9966f0225c8d3ba6cd0e"", ""stats.txt"": ""bd60d4ec7034cf9c7ea975371d8ed6c90ae469beae2e10f320d99dae8261bf0c""}","[""/workspace/dotmatch/dotmatch"", ""guide-counter"", ""count"", ""--input"", ""/workspace/dotmatch/benchmarks/work/guide_counter_final/controlled_yusa_100000_1sample-0.fastq.gz"", ""--samples"", ""sample0"", ""--library"", ""/workspace/dotmatch/benchmarks/real/data/yusa_library.csv"", ""--output"", ""/workspace/dotmatch/benchmarks/work/guide_counter_precision/controlled_yusa_100000_1sample-k1-r4-dotmatch"", ""--offset-sample-size"", ""100000"", ""--offset-min-fraction"", "".0025""]"
controlled_yusa_1000000_1sample,controlled_simulation,0,0,0,guide_counter,1000000,87437,1,0.470615965,0.687891,2124874.790424927,49600,cd3305228c1b641c046d365781f47ae058bd8fe120ec4e04837ac31bf2ebfa56,0,0,0,[715021],0,"{""counts.txt"": ""10421dabb70c69afafe96ce5320548cebce2cb0ceea6e26786175d020453db7d"", ""extended-counts.txt"": ""0f5eec6f95dd660ab018e6261896c48ae1184f2b9e0fe888c77ab7229088a06f"", ""stats.txt"": ""dde13a6c75b6466591441915b8d07c8d7e6f3ec72dbb1b125805404a504640e0""}","[""/workspace/.scientific-dotmatch/guide-counter/target/release/guide-counter"", ""count"", ""--input"", ""/workspace/dotmatch/benchmarks/work/guide_counter_final/controlled_yusa_1000000_1sample-0.fastq.gz"", ""--samples"", ""sample0"", ""--library"", ""/workspace/dotmatch/benchmarks/real/data/yusa_library.csv"", ""--output"", ""/workspace/dotmatch/benchmarks/work/guide_counter_precision/controlled_yusa_1000000_1sample-k0-r0-guide_counter"", ""--offset-sample-size"", ""100000"", ""--offset-min-fraction"", "".0025"", ""--exact-match""]"
controlled_yusa_1000000_1sample,controlled_simulation,0,0,1,dotmatch,1000000,87437,1,0.883022328,0.882394,1132474.1949220563,30720,cd3305228c1b641c046d365781f47ae058bd8fe120ec4e04837ac31bf2ebfa56,0,0,0,[715021],0,"{""counts.txt"": ""10421dabb70c69afafe96ce5320548cebce2cb0ceea6e26786175d020453db7d"", ""extended-counts.txt"": ""0f5eec6f95dd660ab018e6261896c48ae1184f2b9e0fe888c77ab7229088a06f"", ""stats.txt"": ""45deef3098ba9d8f508d2c28d2b91fbe236b03689af48a94d74fce51cf59ca06""}","[""/workspace/dotmatch/dotmatch"", ""guide-counter"", ""count"", ""--input"", ""/workspace/dotmatch/benchmarks/work/guide_counter_final/controlled_yusa_1000000_1sample-0.fastq.gz"", ""--samples"", ""sample0"", ""--library"", ""/workspace/dotmatch/benchmarks/real/data/yusa_library.csv"", ""--output"", ""/workspace/dotmatch/benchmarks/work/guide_counter_precision/controlled_yusa_1000000_1sample-k0-r0-dotmatch"", ""--offset-sample-size"", ""100000"", ""--offset-min-fraction"", "".0025"", ""--exact-match""]"
controlled_yusa_1000000_1sample,controlled_simulation,0,1,0,dotmatch,1000000,87437,1,0.846913143,0.846082,1180758.6270980802,30768,cd3305228c1b641c046d365781f47ae058bd8fe120ec4e04837ac31bf2ebfa56,0,0,0,[715021],0,"{""counts.txt"": ""10421dabb70c69afafe96ce5320548cebce2cb0ceea6e26786175d020453db7d"", ""extended-counts.txt"": ""0f5eec6f95dd660ab018e6261896c48ae1184f2b9e0fe888c77ab7229088a06f"", ""stats.txt"": ""45deef3098ba9d8f508d2c28d2b91fbe236b03689af48a94d74fce51cf59ca06""}","[""/workspace/dotmatch/dotmatch"", ""guide-counter"", ""count"", ""--input"", ""/workspace/dotmatch/benchmarks/work/guide_counter_final/controlled_yusa_1000000_1sample-0.fastq.gz"", ""--samples"", ""sample0"", ""--library"", ""/workspace/dotmatch/benchmarks/real/data/yusa_library.csv"", ""--output"", ""/workspace/dotmatch/benchmarks/work/guide_counter_precision/controlled_yusa_1000000_1sample-k0-r1-dotmatch"", ""--offset-sample-size"", ""100000"", ""--offset-min-fraction"", "".0025"", ""--exact-match""]"
controlled_yusa_1000000_1sample,controlled_simulation,0,1,1,guide_counter,1000000,87437,1,0.486891199,0.711728,2053846.941686042,49656,cd3305228c1b641c046d365781f47ae058bd8fe120ec4e04837ac31bf2ebfa56,0,0,0,[715021],0,"{""counts.txt"": ""10421dabb70c69afafe96ce5320548cebce2cb0ceea6e26786175d020453db7d"", ""extended-counts.txt"": ""0f5eec6f95dd660ab018e6261896c48ae1184f2b9e0fe888c77ab7229088a06f"", ""stats.txt"": ""dde13a6c75b6466591441915b8d07c8d7e6f3ec72dbb1b125805404a504640e0""}","[""/workspace/.scientific-dotmatch/guide-counter/target/release/guide-counter"", ""count"", ""--input"", ""/workspace/dotmatch/benchmarks/work/guide_counter_final/controlled_yusa_1000000_1sample-0.fastq.gz"", ""--samples"", ""sample0"", ""--library"", ""/workspace/dotmatch/benchmarks/real/data/yusa_library.csv"", ""--output"", ""/workspace/dotmatch/benchmarks/work/guide_counter_precision/controlled_yusa_1000000_1sample-k0-r1-guide_counter"", ""--offset-sample-size"", ""100000"", ""--offset-min-fraction"", "".0025"", ""--exact-match""]"
controlled_yusa_1000000_1sample,controlled_simulation,0,2,0,guide_counter,1000000,87437,1,0.474666116,0.707106,2106744.0170934806,49652,cd3305228c1b641c046d365781f47ae058bd8fe120ec4e04837ac31bf2ebfa56,0,0,0,[715021],0,"{""counts.txt"": ""10421dabb70c69afafe96ce5320548cebce2cb0ceea6e26786175d020453db7d"", ""extended-counts.txt"": ""0f5eec6f95dd660ab018e6261896c48ae1184f2b9e0fe888c77ab7229088a06f"", ""stats.txt"": ""dde13a6c75b6466591441915b8d07c8d7e6f3ec72dbb1b125805404a504640e0""}","[""/workspace/.scientific-dotmatch/guide-counter/target/release/guide-counter"", ""count"", ""--input"", ""/workspace/dotmatch/benchmarks/work/guide_counter_final/controlled_yusa_1000000_1sample-0.fastq.gz"", ""--samples"", ""sample0"", ""--library"", ""/workspace/dotmatch/benchmarks/real/data/yusa_library.csv"", ""--output"", ""/workspace/dotmatch/benchmarks/work/guide_counter_precision/controlled_yusa_1000000_1sample-k0-r2-guide_counter"", ""--offset-sample-size"", ""100000"", ""--offset-min-fraction"", "".0025"", ""--exact-match""]"
controlled_yusa_1000000_1sample,controlled_simulation,0,2,1,dotmatch,1000000,87437,1,0.873043673,0.87171,1145418.0711988276,30740,cd3305228c1b641c046d365781f47ae058bd8fe120ec4e04837ac31bf2ebfa56,0,0,0,[715021],0,"{""counts.txt"": ""10421dabb70c69afafe96ce5320548cebce2cb0ceea6e26786175d020453db7d"", ""extended-counts.txt"": ""0f5eec6f95dd660ab018e6261896c48ae1184f2b9e0fe888c77ab7229088a06f"", ""stats.txt"": ""45deef3098ba9d8f508d2c28d2b91fbe236b03689af48a94d74fce51cf59ca06""}","[""/workspace/dotmatch/dotmatch"", ""guide-counter"", ""count"", ""--input"", ""/workspace/dotmatch/benchmarks/work/guide_counter_final/controlled_yusa_1000000_1sample-0.fastq.gz"", ""--samples"", ""sample0"", ""--library"", ""/workspace/dotmatch/benchmarks/real/data/yusa_library.csv"", ""--output"", ""/workspace/dotmatch/benchmarks/work/guide_counter_precision/controlled_yusa_1000000_1sample-k0-r2-dotmatch"", ""--offset-sample-size"", ""100000"", ""--offset-min-fraction"", "".0025"", ""--exact-match""]"
controlled_yusa_1000000_1sample,controlled_simulation,0,3,0,dotmatch,1000000,87437,1,0.851366853,0.8497,1174581.7874823932,30732,cd3305228c1b641c046d365781f47ae058bd8fe120ec4e04837ac31bf2ebfa56,0,0,0,[715021],0,"{""counts.txt"": ""10421dabb70c69afafe96ce5320548cebce2cb0ceea6e26786175d020453db7d"", ""extended-counts.txt"": ""0f5eec6f95dd660ab018e6261896c48ae1184f2b9e0fe888c77ab7229088a06f"", ""stats.txt"": ""45deef3098ba9d8f508d2c28d2b91fbe236b03689af48a94d74fce51cf59ca06""}","[""/workspace/dotmatch/dotmatch"", ""guide-counter"", ""count"", ""--input"", ""/workspace/dotmatch/benchmarks/work/guide_counter_final/controlled_yusa_1000000_1sample-0.fastq.gz"", ""--samples"", ""sample0"", ""--library"", ""/workspace/dotmatch/benchmarks/real/data/yusa_library.csv"", ""--output"", ""/workspace/dotmatch/benchmarks/work/guide_counter_precision/controlled_yusa_1000000_1sample-k0-r3-dotmatch"", ""--offset-sample-size"", ""100000"", ""--offset-min-fraction"", "".0025"", ""--exact-match""]"
controlled_yusa_1000000_1sample,controlled_simulation,0,3,1,guide_counter,1000000,87437,1,0.505737914,0.749896,1977308.7449401708,49600,cd3305228c1b641c046d365781f47ae058bd8fe120ec4e04837ac31bf2ebfa56,0,0,0,[715021],0,"{""counts.txt"": ""10421dabb70c69afafe96ce5320548cebce2cb0ceea6e26786175d020453db7d"", ""extended-counts.txt"": ""0f5eec6f95dd660ab018e6261896c48ae1184f2b9e0fe888c77ab7229088a06f"", ""stats.txt"": ""dde13a6c75b6466591441915b8d07c8d7e6f3ec72dbb1b125805404a504640e0""}","[""/workspace/.scientific-dotmatch/guide-counter/target/release/guide-counter"", ""count"", ""--input"", ""/workspace/dotmatch/benchmarks/work/guide_counter_final/controlled_yusa_1000000_1sample-0.fastq.gz"", ""--samples"", ""sample0"", ""--library"", ""/workspace/dotmatch/benchmarks/real/data/yusa_library.csv"", ""--output"", ""/workspace/dotmatch/benchmarks/work/guide_counter_precision/controlled_yusa_1000000_1sample-k0-r3-guide_counter"", ""--offset-sample-size"", ""100000"", ""--offset-min-fraction"", "".0025"", ""--exact-match""]"
controlled_yusa_1000000_1sample,controlled_simulation,0,4,0,guide_counter,1000000,87437,1,0.513400065,0.751976,1947798.7405396998,49628,cd3305228c1b641c046d365781f47ae058bd8fe120ec4e04837ac31bf2ebfa56,0,0,0,[715021],0,"{""counts.txt"": ""10421dabb70c69afafe96ce5320548cebce2cb0ceea6e26786175d020453db7d"", ""extended-counts.txt"": ""0f5eec6f95dd660ab018e6261896c48ae1184f2b9e0fe888c77ab7229088a06f"", ""stats.txt"": ""dde13a6c75b6466591441915b8d07c8d7e6f3ec72dbb1b125805404a504640e0""}","[""/workspace/.scientific-dotmatch/guide-counter/target/release/guide-counter"", ""count"", ""--input"", ""/workspace/dotmatch/benchmarks/work/guide_counter_final/controlled_yusa_1000000_1sample-0.fastq.gz"", ""--samples"", ""sample0"", ""--library"", ""/workspace/dotmatch/benchmarks/real/data/yusa_library.csv"", ""--output"", ""/workspace/dotmatch/benchmarks/work/guide_counter_precision/controlled_yusa_1000000_1sample-k0-r4-guide_counter"", ""--offset-sample-size"", ""100000"", ""--offset-min-fraction"", "".0025"", ""--exact-match""]"
controlled_yusa_1000000_1sample,controlled_simulation,0,4,1,dotmatch,1000000,87437,1,1.392254265,1.390345,718259.6061215872,30764,cd3305228c1b641c046d365781f47ae058bd8fe120ec4e04837ac31bf2ebfa56,0,0,0,[715021],0,"{""counts.txt"": ""10421dabb70c69afafe96ce5320548cebce2cb0ceea6e26786175d020453db7d"", ""extended-counts.txt"": ""0f5eec6f95dd660ab018e6261896c48ae1184f2b9e0fe888c77ab7229088a06f"", ""stats.txt"": ""45deef3098ba9d8f508d2c28d2b91fbe236b03689af48a94d74fce51cf59ca06""}","[""/workspace/dotmatch/dotmatch"", ""guide-counter"", ""count"", ""--input"", ""/workspace/dotmatch/benchmarks/work/guide_counter_final/controlled_yusa_1000000_1sample-0.fastq.gz"", ""--samples"", ""sample0"", ""--library"", ""/workspace/dotmatch/benchmarks/real/data/yusa_library.csv"", ""--output"", ""/workspace/dotmatch/benchmarks/work/guide_counter_precision/controlled_yusa_1000000_1sample-k0-r4-dotmatch"", ""--offset-sample-size"", ""100000"", ""--offset-min-fraction"", "".0025"", ""--exact-match""]"
controlled_yusa_1000000_1sample,controlled_simulation,1,0,0,guide_counter,1000000,87437,1,3.847673233,4.110203,259897.33000801317,541428,6841d1e0676f14fce12e6d96d137d142731a9302d4abd6259903b18f60adf309,0,0,0,[966513],0,"{""counts.txt"": ""a11f341b69a29076ba5498241b84de097c00d3f0da3aabb941fdf59a38e984ab"", ""extended-counts.txt"": ""c44cc7a2eb0b6f0fb555ed4098483b2a91eaa9b8040ccf4b51e23a5aec55e32e"", ""stats.txt"": ""7b5285886b142b77400689de8d4759511fe459499b11b11f3ae5b25424fa9098""}","[""/workspace/.scientific-dotmatch/guide-counter/target/release/guide-counter"", ""count"", ""--input"", ""/workspace/dotmatch/benchmarks/work/guide_counter_final/controlled_yusa_1000000_1sample-0.fastq.gz"", ""--samples"", ""sample0"", ""--library"", ""/workspace/dotmatch/benchmarks/real/data/yusa_library.csv"", ""--output"", ""/workspace/dotmatch/benchmarks/work/guide_counter_precision/controlled_yusa_1000000_1sample-k1-r0-guide_counter"", ""--offset-sample-size"", ""100000"", ""--offset-min-fraction"", "".0025""]"
controlled_yusa_1000000_1sample,controlled_simulation,1,0,1,dotmatch,1000000,87437,1,1.588272005,1.586675,629615.0765435168,37508,6841d1e0676f14fce12e6d96d137d142731a9302d4abd6259903b18f60adf309,0,0,0,[966513],0,"{""counts.txt"": ""a11f341b69a29076ba5498241b84de097c00d3f0da3aabb941fdf59a38e984ab"", ""extended-counts.txt"": ""c44cc7a2eb0b6f0fb555ed4098483b2a91eaa9b8040ccf4b51e23a5aec55e32e"", ""stats.txt"": ""bfdbaf5f78663c0f84669332ee4ff65445b3bde8122c77bd20bdb3144782e13f""}","[""/workspace/dotmatch/dotmatch"", ""guide-counter"", ""count"", ""--input"", ""/workspace/dotmatch/benchmarks/work/guide_counter_final/controlled_yusa_1000000_1sample-0.fastq.gz"", ""--samples"", ""sample0"", ""--library"", ""/workspace/dotmatch/benchmarks/real/data/yusa_library.csv"", ""--output"", ""/workspace/dotmatch/benchmarks/work/guide_counter_precision/controlled_yusa_1000000_1sample-k1-r0-dotmatch"", ""--offset-sample-size"", ""100000"", ""--offset-min-fraction"", "".0025""]"
controlled_yusa_1000000_1sample,controlled_simulation,1,1,0,dotmatch,1000000,87437,1,1.538174583,1.536382,650121.2613002851,37504,6841d1e0676f14fce12e6d96d137d142731a9302d4abd6259903b18f60adf309,0,0,0,[966513],0,"{""counts.txt"": ""a11f341b69a29076ba5498241b84de097c00d3f0da3aabb941fdf59a38e984ab"", ""extended-counts.txt"": ""c44cc7a2eb0b6f0fb555ed4098483b2a91eaa9b8040ccf4b51e23a5aec55e32e"", ""stats.txt"": ""bfdbaf5f78663c0f84669332ee4ff65445b3bde8122c77bd20bdb3144782e13f""}","[""/workspace/dotmatch/dotmatch"", ""guide-counter"", ""count"", ""--input"", ""/workspace/dotmatch/benchmarks/work/guide_counter_final/controlled_yusa_1000000_1sample-0.fastq.gz"", ""--samples"", ""sample0"", ""--library"", ""/workspace/dotmatch/benchmarks/real/data/yusa_library.csv"", ""--output"", ""/workspace/dotmatch/benchmarks/work/guide_counter_precision/controlled_yusa_1000000_1sample-k1-r1-dotmatch"", ""--offset-sample-size"", ""100000"", ""--offset-min-fraction"", "".0025""]"
controlled_yusa_1000000_1sample,controlled_simulation,1,1,1,guide_counter,1000000,87437,1,3.405161639,3.669598,293671.8153249464,541372,6841d1e0676f14fce12e6d96d137d142731a9302d4abd6259903b18f60adf309,0,0,0,[966513],0,"{""counts.txt"": ""a11f341b69a29076ba5498241b84de097c00d3f0da3aabb941fdf59a38e984ab"", ""extended-counts.txt"": ""c44cc7a2eb0b6f0fb555ed4098483b2a91eaa9b8040ccf4b51e23a5aec55e32e"", ""stats.txt"": ""7b5285886b142b77400689de8d4759511fe459499b11b11f3ae5b25424fa9098""}","[""/workspace/.scientific-dotmatch/guide-counter/target/release/guide-counter"", ""count"", ""--input"", ""/workspace/dotmatch/benchmarks/work/guide_counter_final/controlled_yusa_1000000_1sample-0.fastq.gz"", ""--samples"", ""sample0"", ""--library"", ""/workspace/dotmatch/benchmarks/real/data/yusa_library.csv"", ""--output"", ""/workspace/dotmatch/benchmarks/work/guide_counter_precision/controlled_yusa_1000000_1sample-k1-r1-guide_counter"", ""--offset-sample-size"", ""100000"", ""--offset-min-fraction"", "".0025""]"
controlled_yusa_1000000_1sample,controlled_simulation,1,2,0,guide_counter,1000000,87437,1,3.460240516,3.716399,288997.25188929617,541428,6841d1e0676f14fce12e6d96d137d142731a9302d4abd6259903b18f60adf309,0,0,0,[966513],0,"{""counts.txt"": ""a11f341b69a29076ba5498241b84de097c00d3f0da3aabb941fdf59a38e984ab"", ""extended-counts.txt"": ""c44cc7a2eb0b6f0fb555ed4098483b2a91eaa9b8040ccf4b51e23a5aec55e32e"", ""stats.txt"": ""7b5285886b142b77400689de8d4759511fe459499b11b11f3ae5b25424fa9098""}","[""/workspace/.scientific-dotmatch/guide-counter/target/release/guide-counter"", ""count"", ""--input"", ""/workspace/dotmatch/benchmarks/work/guide_counter_final/controlled_yusa_1000000_1sample-0.fastq.gz"", ""--samples"", ""sample0"", ""--library"", ""/workspace/dotmatch/benchmarks/real/data/yusa_library.csv"", ""--output"", ""/workspace/dotmatch/benchmarks/work/guide_counter_precision/controlled_yusa_1000000_1sample-k1-r2-guide_counter"", ""--offset-sample-size"", ""100000"", ""--offset-min-fraction"", "".0025""]"
controlled_yusa_1000000_1sample,controlled_simulation,1,2,1,dotmatch,1000000,87437,1,1.83403765,1.832248,545245.0771662185,37524,6841d1e0676f14fce12e6d96d137d142731a9302d4abd6259903b18f60adf309,0,0,0,[966513],0,"{""counts.txt"": ""a11f341b69a29076ba5498241b84de097c00d3f0da3aabb941fdf59a38e984ab"", ""extended-counts.txt"": ""c44cc7a2eb0b6f0fb555ed4098483b2a91eaa9b8040ccf4b51e23a5aec55e32e"", ""stats.txt"": ""bfdbaf5f78663c0f84669332ee4ff65445b3bde8122c77bd20bdb3144782e13f""}","[""/workspace/dotmatch/dotmatch"", ""guide-counter"", ""count"", ""--input"", ""/workspace/dotmatch/benchmarks/work/guide_counter_final/controlled_yusa_1000000_1sample-0.fastq.gz"", ""--samples"", ""sample0"", ""--library"", ""/workspace/dotmatch/benchmarks/real/data/yusa_library.csv"", ""--output"", ""/workspace/dotmatch/benchmarks/work/guide_counter_precision/controlled_yusa_1000000_1sample-k1-r2-dotmatch"", ""--offset-sample-size"", ""100000"", ""--offset-min-fraction"", "".0025""]"
controlled_yusa_1000000_1sample,controlled_simulation,1,3,0,dotmatch,1000000,87437,1,1.760400514,1.758984,568052.5494325093,37544,6841d1e0676f14fce12e6d96d137d142731a9302d4abd6259903b18f60adf309,0,0,0,[966513],0,"{""counts.txt"": ""a11f341b69a29076ba5498241b84de097c00d3f0da3aabb941fdf59a38e984ab"", ""extended-counts.txt"": ""c44cc7a2eb0b6f0fb555ed4098483b2a91eaa9b8040ccf4b51e23a5aec55e32e"", ""stats.txt"": ""bfdbaf5f78663c0f84669332ee4ff65445b3bde8122c77bd20bdb3144782e13f""}","[""/workspace/dotmatch/dotmatch"", ""guide-counter"", ""count"", ""--input"", ""/workspace/dotmatch/benchmarks/work/guide_counter_final/controlled_yusa_1000000_1sample-0.fastq.gz"", ""--samples"", ""sample0"", ""--library"", ""/workspace/dotmatch/benchmarks/real/data/yusa_library.csv"", ""--output"", ""/workspace/dotmatch/benchmarks/work/guide_counter_precision/controlled_yusa_1000000_1sample-k1-r3-dotmatch"", ""--offset-sample-size"", ""100000"", ""--offset-min-fraction"", "".0025""]"
controlled_yusa_1000000_1sample,controlled_simulation,1,3,1,guide_counter,1000000,87437,1,3.762109945,4.080426,265808.28700369096,541276,6841d1e0676f14fce12e6d96d137d142731a9302d4abd6259903b18f60adf309,0,0,0,[966513],0,"{""counts.txt"": ""a11f341b69a29076ba5498241b84de097c00d3f0da3aabb941fdf59a38e984ab"", ""extended-counts.txt"": ""c44cc7a2eb0b6f0fb555ed4098483b2a91eaa9b8040ccf4b51e23a5aec55e32e"", ""stats.txt"": ""7b5285886b142b77400689de8d4759511fe459499b11b11f3ae5b25424fa9098""}","[""/workspace/.scientific-dotmatch/guide-counter/target/release/guide-counter"", ""count"", ""--input"", ""/workspace/dotmatch/benchmarks/work/guide_counter_final/controlled_yusa_1000000_1sample-0.fastq.gz"", ""--samples"", ""sample0"", ""--library"", ""/workspace/dotmatch/benchmarks/real/data/yusa_library.csv"", ""--output"", ""/workspace/dotmatch/benchmarks/work/guide_counter_precision/controlled_yusa_1000000_1sample-k1-r3-guide_counter"", ""--offset-sample-size"", ""100000"", ""--offset-min-fraction"", "".0025""]"
controlled_yusa_1000000_1sample,controlled_simulation,1,4,0,guide_counter,1000000,87437,1,3.229211072,3.484742,309673.1609373102,541416,6841d1e0676f14fce12e6d96d137d142731a9302d4abd6259903b18f60adf309,0,0,0,[966513],0,"{""counts.txt"": ""a11f341b69a29076ba5498241b84de097c00d3f0da3aabb941fdf59a38e984ab"", ""extended-counts.txt"": ""c44cc7a2eb0b6f0fb555ed4098483b2a91eaa9b8040ccf4b51e23a5aec55e32e"", ""stats.txt"": ""7b5285886b142b77400689de8d4759511fe459499b11b11f3ae5b25424fa9098""}","[""/workspace/.scientific-dotmatch/guide-counter/target/release/guide-counter"", ""count"", ""--input"", ""/workspace/dotmatch/benchmarks/work/guide_counter_final/controlled_yusa_1000000_1sample-0.fastq.gz"", ""--samples"", ""sample0"", ""--library"", ""/workspace/dotmatch/benchmarks/real/data/yusa_library.csv"", ""--output"", ""/workspace/dotmatch/benchmarks/work/guide_counter_precision/controlled_yusa_1000000_1sample-k1-r4-guide_counter"", ""--offset-sample-size"", ""100000"", ""--offset-min-fraction"", "".0025""]"
controlled_yusa_1000000_1sample,controlled_simulation,1,4,1,dotmatch,1000000,87437,1,1.547663479,1.544752,646135.2959275974,37552,6841d1e0676f14fce12e6d96d137d142731a9302d4abd6259903b18f60adf309,0,0,0,[966513],0,"{""counts.txt"": ""a11f341b69a29076ba5498241b84de097c00d3f0da3aabb941fdf59a38e984ab"", ""extended-counts.txt"": ""c44cc7a2eb0b6f0fb555ed4098483b2a91eaa9b8040ccf4b51e23a5aec55e32e"", ""stats.txt"": ""bfdbaf5f78663c0f84669332ee4ff65445b3bde8122c77bd20bdb3144782e13f""}","[""/workspace/dotmatch/dotmatch"", ""guide-counter"", ""count"", ""--input"", ""/workspace/dotmatch/benchmarks/work/guide_counter_final/controlled_yusa_1000000_1sample-0.fastq.gz"", ""--samples"", ""sample0"", ""--library"", ""/workspace/dotmatch/benchmarks/real/data/yusa_library.csv"", ""--output"", ""/workspace/dotmatch/benchmarks/work/guide_counter_precision/controlled_yusa_1000000_1sample-k1-r4-dotmatch"", ""--offset-sample-size"", ""100000"", ""--offset-min-fraction"", "".0025""]"
controlled_yusa_1000000_4sample,controlled_simulation,0,0,0,guide_counter,1000000,87437,4,0.808155333,1.117791,1237385.8825973992,61672,56419041c7b96089fc8853cb83e5ecb7b255345d37ae9038a84c4050aae1a59e,0,0,0,"[178664, 178626, 178620, 178761]",0,"{""counts.txt"": ""e091e4452125a5773cb02602fb7ec18823936a5aa1f1d26e1ef0950c502de9a1"", ""extended-counts.txt"": ""b1d1f46810e85bb3468124a927699d525472c6fc6c5dd48eee7bbbfadaa0f58f"", ""stats.txt"": ""739770530cbaac6b36085e1f0551fee7997ad26cf50606e1b20f16a9919af0fb""}","[""/workspace/.scientific-dotmatch/guide-counter/target/release/guide-counter"", ""count"", ""--input"", ""/workspace/dotmatch/benchmarks/work/guide_counter_final/controlled_yusa_1000000_4sample-0.fastq.gz"", ""/workspace/dotmatch/benchmarks/work/guide_counter_final/controlled_yusa_1000000_4sample-1.fastq.gz"", ""/workspace/dotmatch/benchmarks/work/guide_counter_final/controlled_yusa_1000000_4sample-2.fastq.gz"", ""/workspace/dotmatch/benchmarks/work/guide_counter_final/controlled_yusa_1000000_4sample-3.fastq.gz"", ""--samples"", ""sample0"", ""sample1"", ""sample2"", ""sample3"", ""--library"", ""/workspace/dotmatch/benchmarks/real/data/yusa_library.csv"", ""--output"", ""/workspace/dotmatch/benchmarks/work/guide_counter_precision/controlled_yusa_1000000_4sample-k0-r0-guide_counter"", ""--offset-sample-size"", ""100000"", ""--offset-min-fraction"", "".0025"", ""--exact-match""]"
controlled_yusa_1000000_4sample,controlled_simulation,0,0,1,dotmatch,1000000,87437,4,1.338849503,1.337427,746909.9385399704,41036,56419041c7b96089fc8853cb83e5ecb7b255345d37ae9038a84c4050aae1a59e,0,0,0,"[178664, 178626, 178620, 178761]",0,"{""counts.txt"": ""e091e4452125a5773cb02602fb7ec18823936a5aa1f1d26e1ef0950c502de9a1"", ""extended-counts.txt"": ""b1d1f46810e85bb3468124a927699d525472c6fc6c5dd48eee7bbbfadaa0f58f"", ""stats.txt"": ""424fa7a8885fa26facea801c3f5f79a5c9e2dcdec3d72bb7c9bcf3327bc9a65a""}","[""/workspace/dotmatch/dotmatch"", ""guide-counter"", ""count"", ""--input"", ""/workspace/dotmatch/benchmarks/work/guide_counter_final/controlled_yusa_1000000_4sample-0.fastq.gz"", ""/workspace/dotmatch/benchmarks/work/guide_counter_final/controlled_yusa_1000000_4sample-1.fastq.gz"", ""/workspace/dotmatch/benchmarks/work/guide_counter_final/controlled_yusa_1000000_4sample-2.fastq.gz"", ""/workspace/dotmatch/benchmarks/work/guide_counter_final/controlled_yusa_1000000_4sample-3.fastq.gz"", ""--samples"", ""sample0"", ""sample1"", ""sample2"", ""sample3"", ""--library"", ""/workspace/dotmatch/benchmarks/real/data/yusa_library.csv"", ""--output"", ""/workspace/dotmatch/benchmarks/work/guide_counter_precision/controlled_yusa_1000000_4sample-k0-r0-dotmatch"", ""--offset-sample-size"", ""100000"", ""--offset-min-fraction"", "".0025"", ""--exact-match""]"
controlled_yusa_1000000_4sample,controlled_simulation,0,1,0,dotmatch,1000000,87437,4,1.081513955,1.081286,924629.770496119,41040,56419041c7b96089fc8853cb83e5ecb7b255345d37ae9038a84c4050aae1a59e,0,0,0,"[178664, 178626, 178620, 178761]",0,"{""counts.txt"": ""e091e4452125a5773cb02602fb7ec18823936a5aa1f1d26e1ef0950c502de9a1"", ""extended-counts.txt"": ""b1d1f46810e85bb3468124a927699d525472c6fc6c5dd48eee7bbbfadaa0f58f"", ""stats.txt"": ""424fa7a8885fa26facea801c3f5f79a5c9e2dcdec3d72bb7c9bcf3327bc9a65a""}","[""/workspace/dotmatch/dotmatch"", ""guide-counter"", ""count"", ""--input"", ""/workspace/dotmatch/benchmarks/work/guide_counter_final/controlled_yusa_1000000_4sample-0.fastq.gz"", ""/workspace/dotmatch/benchmarks/work/guide_counter_final/controlled_yusa_1000000_4sample-1.fastq.gz"", ""/workspace/dotmatch/benchmarks/work/guide_counter_final/controlled_yusa_1000000_4sample-2.fastq.gz"", ""/workspace/dotmatch/benchmarks/work/guide_counter_final/controlled_yusa_1000000_4sample-3.fastq.gz"", ""--samples"", ""sample0"", ""sample1"", ""sample2"", ""sample3"", ""--library"", ""/workspace/dotmatch/benchmarks/real/data/yusa_library.csv"", ""--output"", ""/workspace/dotmatch/benchmarks/work/guide_counter_precision/controlled_yusa_1000000_4sample-k0-r1-dotmatch"", ""--offset-sample-size"", ""100000"", ""--offset-min-fraction"", "".0025"", ""--exact-match""]"
controlled_yusa_1000000_4sample,controlled_simulation,0,1,1,guide_counter,1000000,87437,4,0.803858493,1.100666,1244000.0431767534,61760,56419041c7b96089fc8853cb83e5ecb7b255345d37ae9038a84c4050aae1a59e,0,0,0,"[178664, 178626, 178620, 178761]",0,"{""counts.txt"": ""e091e4452125a5773cb02602fb7ec18823936a5aa1f1d26e1ef0950c502de9a1"", ""extended-counts.txt"": ""b1d1f46810e85bb3468124a927699d525472c6fc6c5dd48eee7bbbfadaa0f58f"", ""stats.txt"": ""739770530cbaac6b36085e1f0551fee7997ad26cf50606e1b20f16a9919af0fb""}","[""/workspace/.scientific-dotmatch/guide-counter/target/release/guide-counter"", ""count"", ""--input"", ""/workspace/dotmatch/benchmarks/work/guide_counter_final/controlled_yusa_1000000_4sample-0.fastq.gz"", ""/workspace/dotmatch/benchmarks/work/guide_counter_final/controlled_yusa_1000000_4sample-1.fastq.gz"", ""/workspace/dotmatch/benchmarks/work/guide_counter_final/controlled_yusa_1000000_4sample-2.fastq.gz"", ""/workspace/dotmatch/benchmarks/work/guide_counter_final/controlled_yusa_1000000_4sample-3.fastq.gz"", ""--samples"", ""sample0"", ""sample1"", ""sample2"", ""sample3"", ""--library"", ""/workspace/dotmatch/benchmarks/real/data/yusa_library.csv"", ""--output"", ""/workspace/dotmatch/benchmarks/work/guide_counter_precision/controlled_yusa_1000000_4sample-k0-r1-guide_counter"", ""--offset-sample-size"", ""100000"", ""--offset-min-fraction"", "".0025"", ""--exact-match""]"
controlled_yusa_1000000_4sample,controlled_simulation,0,2,0,guide_counter,1000000,87437,4,0.821316273,1.135724,1217557.758045298,61808,56419041c7b96089fc8853cb83e5ecb7b255345d37ae9038a84c4050aae1a59e,0,0,0,"[178664, 178626, 178620, 178761]",0,"{""counts.txt"": ""e091e4452125a5773cb02602fb7ec18823936a5aa1f1d26e1ef0950c502de9a1"", ""extended-counts.txt"": ""b1d1f46810e85bb3468124a927699d525472c6fc6c5dd48eee7bbbfadaa0f58f"", ""stats.txt"": ""739770530cbaac6b36085e1f0551fee7997ad26cf50606e1b20f16a9919af0fb""}","[""/workspace/.scientific-dotmatch/guide-counter/target/release/guide-counter"", ""count"", ""--input"", ""/workspace/dotmatch/benchmarks/work/guide_counter_final/controlled_yusa_1000000_4sample-0.fastq.gz"", ""/workspace/dotmatch/benchmarks/work/guide_counter_final/controlled_yusa_1000000_4sample-1.fastq.gz"", ""/workspace/dotmatch/benchmarks/work/guide_counter_final/controlled_yusa_1000000_4sample-2.fastq.gz"", ""/workspace/dotmatch/benchmarks/work/guide_counter_final/controlled_yusa_1000000_4sample-3.fastq.gz"", ""--samples"", ""sample0"", ""sample1"", ""sample2"", ""sample3"", ""--library"", ""/workspace/dotmatch/benchmarks/real/data/yusa_library.csv"", ""--output"", ""/workspace/dotmatch/benchmarks/work/guide_counter_precision/controlled_yusa_1000000_4sample-k0-r2-guide_counter"", ""--offset-sample-size"", ""100000"", ""--offset-min-fraction"", "".0025"", ""--exact-match""]"
controlled_yusa_1000000_4sample,controlled_simulation,0,2,1,dotmatch,1000000,87437,4,1.135993636,1.133614,880286.6216056865,41040,56419041c7b96089fc8853cb83e5ecb7b255345d37ae9038a84c4050aae1a59e,0,0,0,"[178664, 178626, 178620, 178761]",0,"{""counts.txt"": ""e091e4452125a5773cb02602fb7ec18823936a5aa1f1d26e1ef0950c502de9a1"", ""extended-counts.txt"": ""b1d1f46810e85bb3468124a927699d525472c6fc6c5dd48eee7bbbfadaa0f58f"", ""stats.txt"": ""424fa7a8885fa26facea801c3f5f79a5c9e2dcdec3d72bb7c9bcf3327bc9a65a""}","[""/workspace/dotmatch/dotmatch"", ""guide-counter"", ""count"", ""--input"", ""/workspace/dotmatch/benchmarks/work/guide_counter_final/controlled_yusa_1000000_4sample-0.fastq.gz"", ""/workspace/dotmatch/benchmarks/work/guide_counter_final/controlled_yusa_1000000_4sample-1.fastq.gz"", ""/workspace/dotmatch/benchmarks/work/guide_counter_final/controlled_yusa_1000000_4sample-2.fastq.gz"", ""/workspace/dotmatch/benchmarks/work/guide_counter_final/controlled_yusa_1000000_4sample-3.fastq.gz"", ""--samples"", ""sample0"", ""sample1"", ""sample2"", ""sample3"", ""--library"", ""/workspace/dotmatch/benchmarks/real/data/yusa_library.csv"", ""--output"", ""/workspace/dotmatch/benchmarks/work/guide_counter_precision/controlled_yusa_1000000_4sample-k0-r2-dotmatch"", ""--offset-sample-size"", ""100000"", ""--offset-min-fraction"", "".0025"", ""--exact-match""]"
controlled_yusa_1000000_4sample,controlled_simulation,0,3,0,dotmatch,1000000,87437,4,1.144814456,1.142563,873503.9942577385,41040,56419041c7b96089fc8853cb83e5ecb7b255345d37ae9038a84c4050aae1a59e,0,0,0,"[178664, 178626, 178620, 178761]",0,"{""counts.txt"": ""e091e4452125a5773cb02602fb7ec18823936a5aa1f1d26e1ef0950c502de9a1"", ""extended-counts.txt"": ""b1d1f46810e85bb3468124a927699d525472c6fc6c5dd48eee7bbbfadaa0f58f"", ""stats.txt"": ""424fa7a8885fa26facea801c3f5f79a5c9e2dcdec3d72bb7c9bcf3327bc9a65a""}","[""/workspace/dotmatch/dotmatch"", ""guide-counter"", ""count"", ""--input"", ""/workspace/dotmatch/benchmarks/work/guide_counter_final/controlled_yusa_1000000_4sample-0.fastq.gz"", ""/workspace/dotmatch/benchmarks/work/guide_counter_final/controlled_yusa_1000000_4sample-1.fastq.gz"", ""/workspace/dotmatch/benchmarks/work/guide_counter_final/controlled_yusa_1000000_4sample-2.fastq.gz"", ""/workspace/dotmatch/benchmarks/work/guide_counter_final/controlled_yusa_1000000_4sample-3.fastq.gz"", ""--samples"", ""sample0"", ""sample1"", ""sample2"", ""sample3"", ""--library"", ""/workspace/dotmatch/benchmarks/real/data/yusa_library.csv"", ""--output"", ""/workspace/dotmatch/benchmarks/work/guide_counter_precision/controlled_yusa_1000000_4sample-k0-r3-dotmatch"", ""--offset-sample-size"", ""100000"", ""--offset-min-fraction"", "".0025"", ""--exact-match""]"
controlled_yusa_1000000_4sample,controlled_simulation,0,3,1,guide_counter,1000000,87437,4,0.84563544,1.143345,1182542.6805669356,61916,56419041c7b96089fc8853cb83e5ecb7b255345d37ae9038a84c4050aae1a59e,0,0,0,"[178664, 178626, 178620, 178761]",0,"{""counts.txt"": ""e091e4452125a5773cb02602fb7ec18823936a5aa1f1d26e1ef0950c502de9a1"", ""extended-counts.txt"": ""b1d1f46810e85bb3468124a927699d525472c6fc6c5dd48eee7bbbfadaa0f58f"", ""stats.txt"": ""739770530cbaac6b36085e1f0551fee7997ad26cf50606e1b20f16a9919af0fb""}","[""/workspace/.scientific-dotmatch/guide-counter/target/release/guide-counter"", ""count"", ""--input"", ""/workspace/dotmatch/benchmarks/work/guide_counter_final/controlled_yusa_1000000_4sample-0.fastq.gz"", ""/workspace/dotmatch/benchmarks/work/guide_counter_final/controlled_yusa_1000000_4sample-1.fastq.gz"", ""/workspace/dotmatch/benchmarks/work/guide_counter_final/controlled_yusa_1000000_4sample-2.fastq.gz"", ""/workspace/dotmatch/benchmarks/work/guide_counter_final/controlled_yusa_1000000_4sample-3.fastq.gz"", ""--samples"", ""sample0"", ""sample1"", ""sample2"", ""sample3"", ""--library"", ""/workspace/dotmatch/benchmarks/real/data/yusa_library.csv"", ""--output"", ""/workspace/dotmatch/benchmarks/work/guide_counter_precision/controlled_yusa_1000000_4sample-k0-r3-guide_counter"", ""--offset-sample-size"", ""100000"", ""--offset-min-fraction"", "".0025"", ""--exact-match""]"
controlled_yusa_1000000_4sample,controlled_simulation,0,4,0,guide_counter,1000000,87437,4,0.807486468,1.104871,1238410.8460378558,62020,56419041c7b96089fc8853cb83e5ecb7b255345d37ae9038a84c4050aae1a59e,0,0,0,"[178664, 178626, 178620, 178761]",0,"{""counts.txt"": ""e091e4452125a5773cb02602fb7ec18823936a5aa1f1d26e1ef0950c502de9a1"", ""extended-counts.txt"": ""b1d1f46810e85bb3468124a927699d525472c6fc6c5dd48eee7bbbfadaa0f58f"", ""stats.txt"": ""739770530cbaac6b36085e1f0551fee7997ad26cf50606e1b20f16a9919af0fb""}","[""/workspace/.scientific-dotmatch/guide-counter/target/release/guide-counter"", ""count"", ""--input"", ""/workspace/dotmatch/benchmarks/work/guide_counter_final/controlled_yusa_1000000_4sample-0.fastq.gz"", ""/workspace/dotmatch/benchmarks/work/guide_counter_final/controlled_yusa_1000000_4sample-1.fastq.gz"", ""/workspace/dotmatch/benchmarks/work/guide_counter_final/controlled_yusa_1000000_4sample-2.fastq.gz"", ""/workspace/dotmatch/benchmarks/work/guide_counter_final/controlled_yusa_1000000_4sample-3.fastq.gz"", ""--samples"", ""sample0"", ""sample1"", ""sample2"", ""sample3"", ""--library"", ""/workspace/dotmatch/benchmarks/real/data/yusa_library.csv"", ""--output"", ""/workspace/dotmatch/benchmarks/work/guide_counter_precision/controlled_yusa_1000000_4sample-k0-r4-guide_counter"", ""--offset-sample-size"", ""100000"", ""--offset-min-fraction"", "".0025"", ""--exact-match""]"
controlled_yusa_1000000_4sample,controlled_simulation,0,4,1,dotmatch,1000000,87437,4,1.120670693,1.120405,892322.7904916756,41000,56419041c7b96089fc8853cb83e5ecb7b255345d37ae9038a84c4050aae1a59e,0,0,0,"[178664, 178626, 178620, 178761]",0,"{""counts.txt"": ""e091e4452125a5773cb02602fb7ec18823936a5aa1f1d26e1ef0950c502de9a1"", ""extended-counts.txt"": ""b1d1f46810e85bb3468124a927699d525472c6fc6c5dd48eee7bbbfadaa0f58f"", ""stats.txt"": ""424fa7a8885fa26facea801c3f5f79a5c9e2dcdec3d72bb7c9bcf3327bc9a65a""}","[""/workspace/dotmatch/dotmatch"", ""guide-counter"", ""count"", ""--input"", ""/workspace/dotmatch/benchmarks/work/guide_counter_final/controlled_yusa_1000000_4sample-0.fastq.gz"", ""/workspace/dotmatch/benchmarks/work/guide_counter_final/controlled_yusa_1000000_4sample-1.fastq.gz"", ""/workspace/dotmatch/benchmarks/work/guide_counter_final/controlled_yusa_1000000_4sample-2.fastq.gz"", ""/workspace/dotmatch/benchmarks/work/guide_counter_final/controlled_yusa_1000000_4sample-3.fastq.gz"", ""--samples"", ""sample0"", ""sample1"", ""sample2"", ""sample3"", ""--library"", ""/workspace/dotmatch/benchmarks/real/data/yusa_library.csv"", ""--output"", ""/workspace/dotmatch/benchmarks/work/guide_counter_precision/controlled_yusa_1000000_4sample-k0-r4-dotmatch"", ""--offset-sample-size"", ""100000"", ""--offset-min-fraction"", "".0025"", ""--exact-match""]"
controlled_yusa_1000000_4sample,controlled_simulation,1,0,0,guide_counter,1000000,87437,4,4.087124301,4.431206,244670.80674677037,541400,8e8e1ec6bf0f039d223a2aee2dbd379d3bdee77fe3c37016ad8a21519b76ecbc,0,0,0,"[241419, 241493, 241464, 241624]",0,"{""counts.txt"": ""b0550fe3ef0b2ab2b9ddf0333acd38d9da71ea64ab99817ec383af6f833962fc"", ""extended-counts.txt"": ""53fa60718ce018630ab5f0c7219a97a2729f25843ef52ed7406406023b01fcd8"", ""stats.txt"": ""94c7b94819f51f324a7018c21a6e94d855b6677642d4d56b21a69ec6ba3b0e02""}","[""/workspace/.scientific-dotmatch/guide-counter/target/release/guide-counter"", ""count"", ""--input"", ""/workspace/dotmatch/benchmarks/work/guide_counter_final/controlled_yusa_1000000_4sample-0.fastq.gz"", ""/workspace/dotmatch/benchmarks/work/guide_counter_final/controlled_yusa_1000000_4sample-1.fastq.gz"", ""/workspace/dotmatch/benchmarks/work/guide_counter_final/controlled_yusa_1000000_4sample-2.fastq.gz"", ""/workspace/dotmatch/benchmarks/work/guide_counter_final/controlled_yusa_1000000_4sample-3.fastq.gz"", ""--samples"", ""sample0"", ""sample1"", ""sample2"", ""sample3"", ""--library"", ""/workspace/dotmatch/benchmarks/real/data/yusa_library.csv"", ""--output"", ""/workspace/dotmatch/benchmarks/work/guide_counter_precision/controlled_yusa_1000000_4sample-k1-r0-guide_counter"", ""--offset-sample-size"", ""100000"", ""--offset-min-fraction"", "".0025""]"
controlled_yusa_1000000_4sample,controlled_simulation,1,0,1,dotmatch,1000000,87437,4,2.319920122,2.317571,431049.3238611601,47768,8e8e1ec6bf0f039d223a2aee2dbd379d3bdee77fe3c37016ad8a21519b76ecbc,0,0,0,"[241419, 241493, 241464, 241624]",0,"{""counts.txt"": ""b0550fe3ef0b2ab2b9ddf0333acd38d9da71ea64ab99817ec383af6f833962fc"", ""extended-counts.txt"": ""53fa60718ce018630ab5f0c7219a97a2729f25843ef52ed7406406023b01fcd8"", ""stats.txt"": ""99565a10e114c0b533a0cff38f181ffdd8b2e23fbce4955228d49e56c1eb51bf""}","[""/workspace/dotmatch/dotmatch"", ""guide-counter"", ""count"", ""--input"", ""/workspace/dotmatch/benchmarks/work/guide_counter_final/controlled_yusa_1000000_4sample-0.fastq.gz"", ""/workspace/dotmatch/benchmarks/work/guide_counter_final/controlled_yusa_1000000_4sample-1.fastq.gz"", ""/workspace/dotmatch/benchmarks/work/guide_counter_final/controlled_yusa_1000000_4sample-2.fastq.gz"", ""/workspace/dotmatch/benchmarks/work/guide_counter_final/controlled_yusa_1000000_4sample-3.fastq.gz"", ""--samples"", ""sample0"", ""sample1"", ""sample2"", ""sample3"", ""--library"", ""/workspace/dotmatch/benchmarks/real/data/yusa_library.csv"", ""--output"", ""/workspace/dotmatch/benchmarks/work/guide_counter_precision/controlled_yusa_1000000_4sample-k1-r0-dotmatch"", ""--offset-sample-size"", ""100000"", ""--offset-min-fraction"", "".0025""]"
controlled_yusa_1000000_4sample,controlled_simulation,1,1,0,dotmatch,1000000,87437,4,2.445429945,2.443567,408926.0467447167,47872,8e8e1ec6bf0f039d223a2aee2dbd379d3bdee77fe3c37016ad8a21519b76ecbc,0,0,0,"[241419, 241493, 241464, 241624]",0,"{""counts.txt"": ""b0550fe3ef0b2ab2b9ddf0333acd38d9da71ea64ab99817ec383af6f833962fc"", ""extended-counts.txt"": ""53fa60718ce018630ab5f0c7219a97a2729f25843ef52ed7406406023b01fcd8"", ""stats.txt"": ""99565a10e114c0b533a0cff38f181ffdd8b2e23fbce4955228d49e56c1eb51bf""}","[""/workspace/dotmatch/dotmatch"", ""guide-counter"", ""count"", ""--input"", ""/workspace/dotmatch/benchmarks/work/guide_counter_final/controlled_yusa_1000000_4sample-0.fastq.gz"", ""/workspace/dotmatch/benchmarks/work/guide_counter_final/controlled_yusa_1000000_4sample-1.fastq.gz"", ""/workspace/dotmatch/benchmarks/work/guide_counter_final/controlled_yusa_1000000_4sample-2.fastq.gz"", ""/workspace/dotmatch/benchmarks/work/guide_counter_final/controlled_yusa_1000000_4sample-3.fastq.gz"", ""--samples"", ""sample0"", ""sample1"", ""sample2"", ""sample3"", ""--library"", ""/workspace/dotmatch/benchmarks/real/data/yusa_library.csv"", ""--output"", ""/workspace/dotmatch/benchmarks/work/guide_counter_precision/controlled_yusa_1000000_4sample-k1-r1-dotmatch"", ""--offset-sample-size"", ""100000"", ""--offset-min-fraction"", "".0025""]"
controlled_yusa_1000000_4sample,controlled_simulation,1,1,1,guide_counter,1000000,87437,4,3.968365187,4.297669,251992.9373626974,541284,8e8e1ec6bf0f039d223a2aee2dbd379d3bdee77fe3c37016ad8a21519b76ecbc,0,0,0,"[241419, 241493, 241464, 241624]",0,"{""counts.txt"": ""b0550fe3ef0b2ab2b9ddf0333acd38d9da71ea64ab99817ec383af6f833962fc"", ""extended-counts.txt"": ""53fa60718ce018630ab5f0c7219a97a2729f25843ef52ed7406406023b01fcd8"", ""stats.txt"": ""94c7b94819f51f324a7018c21a6e94d855b6677642d4d56b21a69ec6ba3b0e02""}","[""/workspace/.scientific-dotmatch/guide-counter/target/release/guide-counter"", ""count"", ""--input"", ""/workspace/dotmatch/benchmarks/work/guide_counter_final/controlled_yusa_1000000_4sample-0.fastq.gz"", ""/workspace/dotmatch/benchmarks/work/guide_counter_final/controlled_yusa_1000000_4sample-1.fastq.gz"", ""/workspace/dotmatch/benchmarks/work/guide_counter_final/controlled_yusa_1000000_4sample-2.fastq.gz"", ""/workspace/dotmatch/benchmarks/work/guide_counter_final/controlled_yusa_1000000_4sample-3.fastq.gz"", ""--samples"", ""sample0"", ""sample1"", ""sample2"", ""sample3"", ""--library"", ""/workspace/dotmatch/benchmarks/real/data/yusa_library.csv"", ""--output"", ""/workspace/dotmatch/benchmarks/work/guide_counter_precision/controlled_yusa_1000000_4sample-k1-r1-guide_counter"", ""--offset-sample-size"", ""100000"", ""--offset-min-fraction"", "".0025""]"
controlled_yusa_1000000_4sample,controlled_simulation,1,2,0,guide_counter,1000000,87437,4,3.768727507,4.100293,265341.55046832364,541416,8e8e1ec6bf0f039d223a2aee2dbd379d3bdee77fe3c37016ad8a21519b76ecbc,0,0,0,"[241419, 241493, 241464, 241624]",0,"{""counts.txt"": ""b0550fe3ef0b2ab2b9ddf0333acd38d9da71ea64ab99817ec383af6f833962fc"", ""extended-counts.txt"": ""53fa60718ce018630ab5f0c7219a97a2729f25843ef52ed7406406023b01fcd8"", ""stats.txt"": ""94c7b94819f51f324a7018c21a6e94d855b6677642d4d56b21a69ec6ba3b0e02""}","[""/workspace/.scientific-dotmatch/guide-counter/target/release/guide-counter"", ""count"", ""--input"", ""/workspace/dotmatch/benchmarks/work/guide_counter_final/controlled_yusa_1000000_4sample-0.fastq.gz"", ""/workspace/dotmatch/benchmarks/work/guide_counter_final/controlled_yusa_1000000_4sample-1.fastq.gz"", ""/workspace/dotmatch/benchmarks/work/guide_counter_final/controlled_yusa_1000000_4sample-2.fastq.gz"", ""/workspace/dotmatch/benchmarks/work/guide_counter_final/controlled_yusa_1000000_4sample-3.fastq.gz"", ""--samples"", ""sample0"", ""sample1"", ""sample2"", ""sample3"", ""--library"", ""/workspace/dotmatch/benchmarks/real/data/yusa_library.csv"", ""--output"", ""/workspace/dotmatch/benchmarks/work/guide_counter_precision/controlled_yusa_1000000_4sample-k1-r2-guide_counter"", ""--offset-sample-size"", ""100000"", ""--offset-min-fraction"", "".0025""]"
controlled_yusa_1000000_4sample,controlled_simulation,1,2,1,dotmatch,1000000,87437,4,2.465486452,2.464612,405599.470720596,47844,8e8e1ec6bf0f039d223a2aee2dbd379d3bdee77fe3c37016ad8a21519b76ecbc,0,0,0,"[241419, 241493, 241464, 241624]",0,"{""counts.txt"": ""b0550fe3ef0b2ab2b9ddf0333acd38d9da71ea64ab99817ec383af6f833962fc"", ""extended-counts.txt"": ""53fa60718ce018630ab5f0c7219a97a2729f25843ef52ed7406406023b01fcd8"", ""stats.txt"": ""99565a10e114c0b533a0cff38f181ffdd8b2e23fbce4955228d49e56c1eb51bf""}","[""/workspace/dotmatch/dotmatch"", ""guide-counter"", ""count"", ""--input"", ""/workspace/dotmatch/benchmarks/work/guide_counter_final/controlled_yusa_1000000_4sample-0.fastq.gz"", ""/workspace/dotmatch/benchmarks/work/guide_counter_final/controlled_yusa_1000000_4sample-1.fastq.gz"", ""/workspace/dotmatch/benchmarks/work/guide_counter_final/controlled_yusa_1000000_4sample-2.fastq.gz"", ""/workspace/dotmatch/benchmarks/work/guide_counter_final/controlled_yusa_1000000_4sample-3.fastq.gz"", ""--samples"", ""sample0"", ""sample1"", ""sample2"", ""sample3"", ""--library"", ""/workspace/dotmatch/benchmarks/real/data/yusa_library.csv"", ""--output"", ""/workspace/dotmatch/benchmarks/work/guide_counter_precision/controlled_yusa_1000000_4sample-k1-r2-dotmatch"", ""--offset-sample-size"", ""100000"", ""--offset-min-fraction"", "".0025""]"
controlled_yusa_1000000_4sample,controlled_simulation,1,3,0,dotmatch,1000000,87437,4,2.50481676,2.503664,399230.8004199077,47828,8e8e1ec6bf0f039d223a2aee2dbd379d3bdee77fe3c37016ad8a21519b76ecbc,0,0,0,"[241419, 241493, 241464, 241624]",0,"{""counts.txt"": ""b0550fe3ef0b2ab2b9ddf0333acd38d9da71ea64ab99817ec383af6f833962fc"", ""extended-counts.txt"": ""53fa60718ce018630ab5f0c7219a97a2729f25843ef52ed7406406023b01fcd8"", ""stats.txt"": ""99565a10e114c0b533a0cff38f181ffdd8b2e23fbce4955228d49e56c1eb51bf""}","[""/workspace/dotmatch/dotmatch"", ""guide-counter"", ""count"", ""--input"", ""/workspace/dotmatch/benchmarks/work/guide_counter_final/controlled_yusa_1000000_4sample-0.fastq.gz"", ""/workspace/dotmatch/benchmarks/work/guide_counter_final/controlled_yusa_1000000_4sample-1.fastq.gz"", ""/workspace/dotmatch/benchmarks/work/guide_counter_final/controlled_yusa_1000000_4sample-2.fastq.gz"", ""/workspace/dotmatch/benchmarks/work/guide_counter_final/controlled_yusa_1000000_4sample-3.fastq.gz"", ""--samples"", ""sample0"", ""sample1"", ""sample2"", ""sample3"", ""--library"", ""/workspace/dotmatch/benchmarks/real/data/yusa_library.csv"", ""--output"", ""/workspace/dotmatch/benchmarks/work/guide_counter_precision/controlled_yusa_1000000_4sample-k1-r3-dotmatch"", ""--offset-sample-size"", ""100000"", ""--offset-min-fraction"", "".0025""]"
controlled_yusa_1000000_4sample,controlled_simulation,1,3,1,guide_counter,1000000,87437,4,3.91136433,4.258969,255665.26552641543,541424,8e8e1ec6bf0f039d223a2aee2dbd379d3bdee77fe3c37016ad8a21519b76ecbc,0,0,0,"[241419, 241493, 241464, 241624]",0,"{""counts.txt"": ""b0550fe3ef0b2ab2b9ddf0333acd38d9da71ea64ab99817ec383af6f833962fc"", ""extended-counts.txt"": ""53fa60718ce018630ab5f0c7219a97a2729f25843ef52ed7406406023b01fcd8"", ""stats.txt"": ""94c7b94819f51f324a7018c21a6e94d855b6677642d4d56b21a69ec6ba3b0e02""}","[""/workspace/.scientific-dotmatch/guide-counter/target/release/guide-counter"", ""count"", ""--input"", ""/workspace/dotmatch/benchmarks/work/guide_counter_final/controlled_yusa_1000000_4sample-0.fastq.gz"", ""/workspace/dotmatch/benchmarks/work/guide_counter_final/controlled_yusa_1000000_4sample-1.fastq.gz"", ""/workspace/dotmatch/benchmarks/work/guide_counter_final/controlled_yusa_1000000_4sample-2.fastq.gz"", ""/workspace/dotmatch/benchmarks/work/guide_counter_final/controlled_yusa_1000000_4sample-3.fastq.gz"", ""--samples"", ""sample0"", ""sample1"", ""sample2"", ""sample3"", ""--library"", ""/workspace/dotmatch/benchmarks/real/data/yusa_library.csv"", ""--output"", ""/workspace/dotmatch/benchmarks/work/guide_counter_precision/controlled_yusa_1000000_4sample-k1-r3-guide_counter"", ""--offset-sample-size"", ""100000"", ""--offset-min-fraction"", "".0025""]"
controlled_yusa_1000000_4sample,controlled_simulation,1,4,0,guide_counter,1000000,87437,4,3.977689305,4.316883,251402.23967291482,541372,8e8e1ec6bf0f039d223a2aee2dbd379d3bdee77fe3c37016ad8a21519b76ecbc,0,0,0,"[241419, 241493, 241464, 241624]",0,"{""counts.txt"": ""b0550fe3ef0b2ab2b9ddf0333acd38d9da71ea64ab99817ec383af6f833962fc"", ""extended-counts.txt"": ""53fa60718ce018630ab5f0c7219a97a2729f25843ef52ed7406406023b01fcd8"", ""stats.txt"": ""94c7b94819f51f324a7018c21a6e94d855b6677642d4d56b21a69ec6ba3b0e02""}","[""/workspace/.scientific-dotmatch/guide-counter/target/release/guide-counter"", ""count"", ""--input"", ""/workspace/dotmatch/benchmarks/work/guide_counter_final/controlled_yusa_1000000_4sample-0.fastq.gz"", ""/workspace/dotmatch/benchmarks/work/guide_counter_final/controlled_yusa_1000000_4sample-1.fastq.gz"", ""/workspace/dotmatch/benchmarks/work/guide_counter_final/controlled_yusa_1000000_4sample-2.fastq.gz"", ""/workspace/dotmatch/benchmarks/work/guide_counter_final/controlled_yusa_1000000_4sample-3.fastq.gz"", ""--samples"", ""sample0"", ""sample1"", ""sample2"", ""sample3"", ""--library"", ""/workspace/dotmatch/benchmarks/real/data/yusa_library.csv"", ""--output"", ""/workspace/dotmatch/benchmarks/work/guide_counter_precision/controlled_yusa_1000000_4sample-k1-r4-guide_counter"", ""--offset-sample-size"", ""100000"", ""--offset-min-fraction"", "".0025""]"
controlled_yusa_1000000_4sample,controlled_simulation,1,4,1,dotmatch,1000000,87437,4,2.390477609,2.389239,418326.44498951256,47756,8e8e1ec6bf0f039d223a2aee2dbd379d3bdee77fe3c37016ad8a21519b76ecbc,0,0,0,"[241419, 241493, 241464, 241624]",0,"{""counts.txt"": ""b0550fe3ef0b2ab2b9ddf0333acd38d9da71ea64ab99817ec383af6f833962fc"", ""extended-counts.txt"": ""53fa60718ce018630ab5f0c7219a97a2729f25843ef52ed7406406023b01fcd8"", ""stats.txt"": ""99565a10e114c0b533a0cff38f181ffdd8b2e23fbce4955228d49e56c1eb51bf""}","[""/workspace/dotmatch/dotmatch"", ""guide-counter"", ""count"", ""--input"", ""/workspace/dotmatch/benchmarks/work/guide_counter_final/controlled_yusa_1000000_4sample-0.fastq.gz"", ""/workspace/dotmatch/benchmarks/work/guide_counter_final/controlled_yusa_1000000_4sample-1.fastq.gz"", ""/workspace/dotmatch/benchmarks/work/guide_counter_final/controlled_yusa_1000000_4sample-2.fastq.gz"", ""/workspace/dotmatch/benchmarks/work/guide_counter_final/controlled_yusa_1000000_4sample-3.fastq.gz"", ""--samples"", ""sample0"", ""sample1"", ""sample2"", ""sample3"", ""--library"", ""/workspace/dotmatch/benchmarks/real/data/yusa_library.csv"", ""--output"", ""/workspace/dotmatch/benchmarks/work/guide_counter_precision/controlled_yusa_1000000_4sample-k1-r4-dotmatch"", ""--offset-sample-size"", ""100000"", ""--offset-min-fraction"", "".0025""]"
yusa_experimental_cached_prefix,experimental_prefix,0,0,0,guide_counter,50,87437,2,0.150630495,0.149602,331.93809792631964,50320,a8def5819e68c72e8894854b4ff6832d25aa429f95fc23bb1e9dd2afa4002cbf,0,0,0,"[17, 22]",0,"{""counts.txt"": ""6121a6bb0c42ab2ab519385138db82e7a2960820379623ee83344d31b04a218c"", ""extended-counts.txt"": ""1415845f55c71ffa52e80879e6c1dcd222efa786205c2bbf9328b0734a3c3cd5"", ""stats.txt"": ""81774d08ae45d59f534a78bc1009ddfd456d74f43493e4b41f049ad323d92df2""}","[""/workspace/.scientific-dotmatch/guide-counter/target/release/guide-counter"", ""count"", ""--input"", ""/workspace/dotmatch/benchmarks/real/data/ERR376998.fastq.gz"", ""/workspace/dotmatch/benchmarks/real/data/ERR376999.fastq.gz"", ""--samples"", ""ERR376998"", ""ERR376999"", ""--library"", ""/workspace/dotmatch/benchmarks/real/data/yusa_library.csv"", ""--output"", ""/workspace/dotmatch/benchmarks/work/guide_counter_precision/yusa_experimental_cached_prefix-k0-r0-guide_counter"", ""--offset-sample-size"", ""100000"", ""--offset-min-fraction"", "".0025"", ""--exact-match""]"
yusa_experimental_cached_prefix,experimental_prefix,0,0,1,dotmatch,50,87437,2,0.104856512,0.104621,476.84210590563987,17424,a8def5819e68c72e8894854b4ff6832d25aa429f95fc23bb1e9dd2afa4002cbf,0,0,0,"[17, 22]",0,"{""counts.txt"": ""6121a6bb0c42ab2ab519385138db82e7a2960820379623ee83344d31b04a218c"", ""extended-counts.txt"": ""1415845f55c71ffa52e80879e6c1dcd222efa786205c2bbf9328b0734a3c3cd5"", ""stats.txt"": ""f601bb787820540834c2e5100940b79dac82846db859c995cbe290003a5bb329""}","[""/workspace/dotmatch/dotmatch"", ""guide-counter"", ""count"", ""--input"", ""/workspace/dotmatch/benchmarks/real/data/ERR376998.fastq.gz"", ""/workspace/dotmatch/benchmarks/real/data/ERR376999.fastq.gz"", ""--samples"", ""ERR376998"", ""ERR376999"", ""--library"", ""/workspace/dotmatch/benchmarks/real/data/yusa_library.csv"", ""--output"", ""/workspace/dotmatch/benchmarks/work/guide_counter_precision/yusa_experimental_cached_prefix-k0-r0-dotmatch"", ""--offset-sample-size"", ""100000"", ""--offset-min-fraction"", "".0025"", ""--exact-match""]"
yusa_experimental_cached_prefix,experimental_prefix,0,1,0,dotmatch,50,87437,2,0.100942788,0.100382,495.3300873758311,17448,a8def5819e68c72e8894854b4ff6832d25aa429f95fc23bb1e9dd2afa4002cbf,0,0,0,"[17, 22]",0,"{""counts.txt"": ""6121a6bb0c42ab2ab519385138db82e7a2960820379623ee83344d31b04a218c"", ""extended-counts.txt"": ""1415845f55c71ffa52e80879e6c1dcd222efa786205c2bbf9328b0734a3c3cd5"", ""stats.txt"": ""f601bb787820540834c2e5100940b79dac82846db859c995cbe290003a5bb329""}","[""/workspace/dotmatch/dotmatch"", ""guide-counter"", ""count"", ""--input"", ""/workspace/dotmatch/benchmarks/real/data/ERR376998.fastq.gz"", ""/workspace/dotmatch/benchmarks/real/data/ERR376999.fastq.gz"", ""--samples"", ""ERR376998"", ""ERR376999"", ""--library"", ""/workspace/dotmatch/benchmarks/real/data/yusa_library.csv"", ""--output"", ""/workspace/dotmatch/benchmarks/work/guide_counter_precision/yusa_experimental_cached_prefix-k0-r1-dotmatch"", ""--offset-sample-size"", ""100000"", ""--offset-min-fraction"", "".0025"", ""--exact-match""]"
yusa_experimental_cached_prefix,experimental_prefix,0,1,1,guide_counter,50,87437,2,0.152144163,0.151773,328.63567694016626,50156,a8def5819e68c72e8894854b4ff6832d25aa429f95fc23bb1e9dd2afa4002cbf,0,0,0,"[17, 22]",0,"{""counts.txt"": ""6121a6bb0c42ab2ab519385138db82e7a2960820379623ee83344d31b04a218c"", ""extended-counts.txt"": ""1415845f55c71ffa52e80879e6c1dcd222efa786205c2bbf9328b0734a3c3cd5"", ""stats.txt"": ""81774d08ae45d59f534a78bc1009ddfd456d74f43493e4b41f049ad323d92df2""}","[""/workspace/.scientific-dotmatch/guide-counter/target/release/guide-counter"", ""count"", ""--input"", ""/workspace/dotmatch/benchmarks/real/data/ERR376998.fastq.gz"", ""/workspace/dotmatch/benchmarks/real/data/ERR376999.fastq.gz"", ""--samples"", ""ERR376998"", ""ERR376999"", ""--library"", ""/workspace/dotmatch/benchmarks/real/data/yusa_library.csv"", ""--output"", ""/workspace/dotmatch/benchmarks/work/guide_counter_precision/yusa_experimental_cached_prefix-k0-r1-guide_counter"", ""--offset-sample-size"", ""100000"", ""--offset-min-fraction"", "".0025"", ""--exact-match""]"
yusa_experimental_cached_prefix,experimental_prefix,0,2,0,guide_counter,50,87437,2,0.194000569,0.192631,257.7312028399257,50116,a8def5819e68c72e8894854b4ff6832d25aa429f95fc23bb1e9dd2afa4002cbf,0,0,0,"[17, 22]",0,"{""counts.txt"": ""6121a6bb0c42ab2ab519385138db82e7a2960820379623ee83344d31b04a218c"", ""extended-counts.txt"": ""1415845f55c71ffa52e80879e6c1dcd222efa786205c2bbf9328b0734a3c3cd5"", ""stats.txt"": ""81774d08ae45d59f534a78bc1009ddfd456d74f43493e4b41f049ad323d92df2""}","[""/workspace/.scientific-dotmatch/guide-counter/target/release/guide-counter"", ""count"", ""--input"", ""/workspace/dotmatch/benchmarks/real/data/ERR376998.fastq.gz"", ""/workspace/dotmatch/benchmarks/real/data/ERR376999.fastq.gz"", ""--samples"", ""ERR376998"", ""ERR376999"", ""--library"", ""/workspace/dotmatch/benchmarks/real/data/yusa_library.csv"", ""--output"", ""/workspace/dotmatch/benchmarks/work/guide_counter_precision/yusa_experimental_cached_prefix-k0-r2-guide_counter"", ""--offset-sample-size"", ""100000"", ""--offset-min-fraction"", "".0025"", ""--exact-match""]"
yusa_experimental_cached_prefix,experimental_prefix,0,2,1,dotmatch,50,87437,2,0.115148981,0.115,434.2200822428468,17416,a8def5819e68c72e8894854b4ff6832d25aa429f95fc23bb1e9dd2afa4002cbf,0,0,0,"[17, 22]",0,"{""counts.txt"": ""6121a6bb0c42ab2ab519385138db82e7a2960820379623ee83344d31b04a218c"", ""extended-counts.txt"": ""1415845f55c71ffa52e80879e6c1dcd222efa786205c2bbf9328b0734a3c3cd5"", ""stats.txt"": ""f601bb787820540834c2e5100940b79dac82846db859c995cbe290003a5bb329""}","[""/workspace/dotmatch/dotmatch"", ""guide-counter"", ""count"", ""--input"", ""/workspace/dotmatch/benchmarks/real/data/ERR376998.fastq.gz"", ""/workspace/dotmatch/benchmarks/real/data/ERR376999.fastq.gz"", ""--samples"", ""ERR376998"", ""ERR376999"", ""--library"", ""/workspace/dotmatch/benchmarks/real/data/yusa_library.csv"", ""--output"", ""/workspace/dotmatch/benchmarks/work/guide_counter_precision/yusa_experimental_cached_prefix-k0-r2-dotmatch"", ""--offset-sample-size"", ""100000"", ""--offset-min-fraction"", "".0025"", ""--exact-match""]"
yusa_experimental_cached_prefix,experimental_prefix,0,3,0,dotmatch,50,87437,2,0.10875406,0.10861,459.7529508323643,17452,a8def5819e68c72e8894854b4ff6832d25aa429f95fc23bb1e9dd2afa4002cbf,0,0,0,"[17, 22]",0,"{""counts.txt"": ""6121a6bb0c42ab2ab519385138db82e7a2960820379623ee83344d31b04a218c"", ""extended-counts.txt"": ""1415845f55c71ffa52e80879e6c1dcd222efa786205c2bbf9328b0734a3c3cd5"", ""stats.txt"": ""f601bb787820540834c2e5100940b79dac82846db859c995cbe290003a5bb329""}","[""/workspace/dotmatch/dotmatch"", ""guide-counter"", ""count"", ""--input"", ""/workspace/dotmatch/benchmarks/real/data/ERR376998.fastq.gz"", ""/workspace/dotmatch/benchmarks/real/data/ERR376999.fastq.gz"", ""--samples"", ""ERR376998"", ""ERR376999"", ""--library"", ""/workspace/dotmatch/benchmarks/real/data/yusa_library.csv"", ""--output"", ""/workspace/dotmatch/benchmarks/work/guide_counter_precision/yusa_experimental_cached_prefix-k0-r3-dotmatch"", ""--offset-sample-size"", ""100000"", ""--offset-min-fraction"", "".0025"", ""--exact-match""]"
yusa_experimental_cached_prefix,experimental_prefix,0,3,1,guide_counter,50,87437,2,0.15688449,0.156345,318.70581980411197,50168,a8def5819e68c72e8894854b4ff6832d25aa429f95fc23bb1e9dd2afa4002cbf,0,0,0,"[17, 22]",0,"{""counts.txt"": ""6121a6bb0c42ab2ab519385138db82e7a2960820379623ee83344d31b04a218c"", ""extended-counts.txt"": ""1415845f55c71ffa52e80879e6c1dcd222efa786205c2bbf9328b0734a3c3cd5"", ""stats.txt"": ""81774d08ae45d59f534a78bc1009ddfd456d74f43493e4b41f049ad323d92df2""}","[""/workspace/.scientific-dotmatch/guide-counter/target/release/guide-counter"", ""count"", ""--input"", ""/workspace/dotmatch/benchmarks/real/data/ERR376998.fastq.gz"", ""/workspace/dotmatch/benchmarks/real/data/ERR376999.fastq.gz"", ""--samples"", ""ERR376998"", ""ERR376999"", ""--library"", ""/workspace/dotmatch/benchmarks/real/data/yusa_library.csv"", ""--output"", ""/workspace/dotmatch/benchmarks/work/guide_counter_precision/yusa_experimental_cached_prefix-k0-r3-guide_counter"", ""--offset-sample-size"", ""100000"", ""--offset-min-fraction"", "".0025"", ""--exact-match""]"
yusa_experimental_cached_prefix,experimental_prefix,0,4,0,guide_counter,50,87437,2,0.183892457,0.183195,271.8980474549861,50020,a8def5819e68c72e8894854b4ff6832d25aa429f95fc23bb1e9dd2afa4002cbf,0,0,0,"[17, 22]",0,"{""counts.txt"": ""6121a6bb0c42ab2ab519385138db82e7a2960820379623ee83344d31b04a218c"", ""extended-counts.txt"": ""1415845f55c71ffa52e80879e6c1dcd222efa786205c2bbf9328b0734a3c3cd5"", ""stats.txt"": ""81774d08ae45d59f534a78bc1009ddfd456d74f43493e4b41f049ad323d92df2""}","[""/workspace/.scientific-dotmatch/guide-counter/target/release/guide-counter"", ""count"", ""--input"", ""/workspace/dotmatch/benchmarks/real/data/ERR376998.fastq.gz"", ""/workspace/dotmatch/benchmarks/real/data/ERR376999.fastq.gz"", ""--samples"", ""ERR376998"", ""ERR376999"", ""--library"", ""/workspace/dotmatch/benchmarks/real/data/yusa_library.csv"", ""--output"", ""/workspace/dotmatch/benchmarks/work/guide_counter_precision/yusa_experimental_cached_prefix-k0-r4-guide_counter"", ""--offset-sample-size"", ""100000"", ""--offset-min-fraction"", "".0025"", ""--exact-match""]"
yusa_experimental_cached_prefix,experimental_prefix,0,4,1,dotmatch,50,87437,2,0.109655231,0.109455,455.974599150678,17456,a8def5819e68c72e8894854b4ff6832d25aa429f95fc23bb1e9dd2afa4002cbf,0,0,0,"[17, 22]",0,"{""counts.txt"": ""6121a6bb0c42ab2ab519385138db82e7a2960820379623ee83344d31b04a218c"", ""extended-counts.txt"": ""1415845f55c71ffa52e80879e6c1dcd222efa786205c2bbf9328b0734a3c3cd5"", ""stats.txt"": ""f601bb787820540834c2e5100940b79dac82846db859c995cbe290003a5bb329""}","[""/workspace/dotmatch/dotmatch"", ""guide-counter"", ""count"", ""--input"", ""/workspace/dotmatch/benchmarks/real/data/ERR376998.fastq.gz"", ""/workspace/dotmatch/benchmarks/real/data/ERR376999.fastq.gz"", ""--samples"", ""ERR376998"", ""ERR376999"", ""--library"", ""/workspace/dotmatch/benchmarks/real/data/yusa_library.csv"", ""--output"", ""/workspace/dotmatch/benchmarks/work/guide_counter_precision/yusa_experimental_cached_prefix-k0-r4-dotmatch"", ""--offset-sample-size"", ""100000"", ""--offset-min-fraction"", "".0025"", ""--exact-match""]"
yusa_experimental_cached_prefix,experimental_prefix,1,0,0,guide_counter,50,87437,2,3.431737137,3.431394,14.569880501893465,541476,1c53f1d3cf8920e32c06b8cceb71d011141c90be50b3ec3b958f684b8dea78f0,0,0,0,"[18, 23]",0,"{""counts.txt"": ""0485c1eaa6f237e296db40286997bfbeee35006e1535f9c6d9bb2c4e936accae"", ""extended-counts.txt"": ""1bace96e1541c5d541b451dc1f5f39641de6728d3a30196a09c2e8a7023d52ce"", ""stats.txt"": ""1773ecfca2c3138fdbbab6b135828575775c7a73879e97b9be161af69ea6d22d""}","[""/workspace/.scientific-dotmatch/guide-counter/target/release/guide-counter"", ""count"", ""--input"", ""/workspace/dotmatch/benchmarks/real/data/ERR376998.fastq.gz"", ""/workspace/dotmatch/benchmarks/real/data/ERR376999.fastq.gz"", ""--samples"", ""ERR376998"", ""ERR376999"", ""--library"", ""/workspace/dotmatch/benchmarks/real/data/yusa_library.csv"", ""--output"", ""/workspace/dotmatch/benchmarks/work/guide_counter_precision/yusa_experimental_cached_prefix-k1-r0-guide_counter"", ""--offset-sample-size"", ""100000"", ""--offset-min-fraction"", "".0025""]"
yusa_experimental_cached_prefix,experimental_prefix,1,0,1,dotmatch,50,87437,2,0.113551415,0.113014,440.32916718827323,24364,1c53f1d3cf8920e32c06b8cceb71d011141c90be50b3ec3b958f684b8dea78f0,0,0,0,"[18, 23]",0,"{""counts.txt"": ""0485c1eaa6f237e296db40286997bfbeee35006e1535f9c6d9bb2c4e936accae"", ""extended-counts.txt"": ""1bace96e1541c5d541b451dc1f5f39641de6728d3a30196a09c2e8a7023d52ce"", ""stats.txt"": ""9492f39b5d84b368f5e88d0b20b55c23a7a252aebd86cabb9c433ceecbac5411""}","[""/workspace/dotmatch/dotmatch"", ""guide-counter"", ""count"", ""--input"", ""/workspace/dotmatch/benchmarks/real/data/ERR376998.fastq.gz"", ""/workspace/dotmatch/benchmarks/real/data/ERR376999.fastq.gz"", ""--samples"", ""ERR376998"", ""ERR376999"", ""--library"", ""/workspace/dotmatch/benchmarks/real/data/yusa_library.csv"", ""--output"", ""/workspace/dotmatch/benchmarks/work/guide_counter_precision/yusa_experimental_cached_prefix-k1-r0-dotmatch"", ""--offset-sample-size"", ""100000"", ""--offset-min-fraction"", "".0025""]"
yusa_experimental_cached_prefix,experimental_prefix,1,1,0,dotmatch,50,87437,2,0.114661312,0.11297,436.0668749368575,24364,1c53f1d3cf8920e32c06b8cceb71d011141c90be50b3ec3b958f684b8dea78f0,0,0,0,"[18, 23]",0,"{""counts.txt"": ""0485c1eaa6f237e296db40286997bfbeee35006e1535f9c6d9bb2c4e936accae"", ""extended-counts.txt"": ""1bace96e1541c5d541b451dc1f5f39641de6728d3a30196a09c2e8a7023d52ce"", ""stats.txt"": ""9492f39b5d84b368f5e88d0b20b55c23a7a252aebd86cabb9c433ceecbac5411""}","[""/workspace/dotmatch/dotmatch"", ""guide-counter"", ""count"", ""--input"", ""/workspace/dotmatch/benchmarks/real/data/ERR376998.fastq.gz"", ""/workspace/dotmatch/benchmarks/real/data/ERR376999.fastq.gz"", ""--samples"", ""ERR376998"", ""ERR376999"", ""--library"", ""/workspace/dotmatch/benchmarks/real/data/yusa_library.csv"", ""--output"", ""/workspace/dotmatch/benchmarks/work/guide_counter_precision/yusa_experimental_cached_prefix-k1-r1-dotmatch"", ""--offset-sample-size"", ""100000"", ""--offset-min-fraction"", "".0025""]"
yusa_experimental_cached_prefix,experimental_prefix,1,1,1,guide_counter,50,87437,2,2.887457707,2.871986,17.31627094616351,541436,1c53f1d3cf8920e32c06b8cceb71d011141c90be50b3ec3b958f684b8dea78f0,0,0,0,"[18, 23]",0,"{""counts.txt"": ""0485c1eaa6f237e296db40286997bfbeee35006e1535f9c6d9bb2c4e936accae"", ""extended-counts.txt"": ""1bace96e1541c5d541b451dc1f5f39641de6728d3a30196a09c2e8a7023d52ce"", ""stats.txt"": ""1773ecfca2c3138fdbbab6b135828575775c7a73879e97b9be161af69ea6d22d""}","[""/workspace/.scientific-dotmatch/guide-counter/target/release/guide-counter"", ""count"", ""--input"", ""/workspace/dotmatch/benchmarks/real/data/ERR376998.fastq.gz"", ""/workspace/dotmatch/benchmarks/real/data/ERR376999.fastq.gz"", ""--samples"", ""ERR376998"", ""ERR376999"", ""--library"", ""/workspace/dotmatch/benchmarks/real/data/yusa_library.csv"", ""--output"", ""/workspace/dotmatch/benchmarks/work/guide_counter_precision/yusa_experimental_cached_prefix-k1-r1-guide_counter"", ""--offset-sample-size"", ""100000"", ""--offset-min-fraction"", "".0025""]"
yusa_experimental_cached_prefix,experimental_prefix,1,2,0,guide_counter,50,87437,2,4.102097324,4.100041,12.188886818327473,541432,1c53f1d3cf8920e32c06b8cceb71d011141c90be50b3ec3b958f684b8dea78f0,0,0,0,"[18, 23]",0,"{""counts.txt"": ""0485c1eaa6f237e296db40286997bfbeee35006e1535f9c6d9bb2c4e936accae"", ""extended-counts.txt"": ""1bace96e1541c5d541b451dc1f5f39641de6728d3a30196a09c2e8a7023d52ce"", ""stats.txt"": ""1773ecfca2c3138fdbbab6b135828575775c7a73879e97b9be161af69ea6d22d""}","[""/workspace/.scientific-dotmatch/guide-counter/target/release/guide-counter"", ""count"", ""--input"", ""/workspace/dotmatch/benchmarks/real/data/ERR376998.fastq.gz"", ""/workspace/dotmatch/benchmarks/real/data/ERR376999.fastq.gz"", ""--samples"", ""ERR376998"", ""ERR376999"", ""--library"", ""/workspace/dotmatch/benchmarks/real/data/yusa_library.csv"", ""--output"", ""/workspace/dotmatch/benchmarks/work/guide_counter_precision/yusa_experimental_cached_prefix-k1-r2-guide_counter"", ""--offset-sample-size"", ""100000"", ""--offset-min-fraction"", "".0025""]"
yusa_experimental_cached_prefix,experimental_prefix,1,2,1,dotmatch,50,87437,2,0.112597572,0.111742,444.05930884548735,24368,1c53f1d3cf8920e32c06b8cceb71d011141c90be50b3ec3b958f684b8dea78f0,0,0,0,"[18, 23]",0,"{""counts.txt"": ""0485c1eaa6f237e296db40286997bfbeee35006e1535f9c6d9bb2c4e936accae"", ""extended-counts.txt"": ""1bace96e1541c5d541b451dc1f5f39641de6728d3a30196a09c2e8a7023d52ce"", ""stats.txt"": ""9492f39b5d84b368f5e88d0b20b55c23a7a252aebd86cabb9c433ceecbac5411""}","[""/workspace/dotmatch/dotmatch"", ""guide-counter"", ""count"", ""--input"", ""/workspace/dotmatch/benchmarks/real/data/ERR376998.fastq.gz"", ""/workspace/dotmatch/benchmarks/real/data/ERR376999.fastq.gz"", ""--samples"", ""ERR376998"", ""ERR376999"", ""--library"", ""/workspace/dotmatch/benchmarks/real/data/yusa_library.csv"", ""--output"", ""/workspace/dotmatch/benchmarks/work/guide_counter_precision/yusa_experimental_cached_prefix-k1-r2-dotmatch"", ""--offset-sample-size"", ""100000"", ""--offset-min-fraction"", "".0025""]"
yusa_experimental_cached_prefix,experimental_prefix,1,3,0,dotmatch,50,87437,2,0.112307429,0.11205,445.20652324789665,24304,1c53f1d3cf8920e32c06b8cceb71d011141c90be50b3ec3b958f684b8dea78f0,0,0,0,"[18, 23]",0,"{""counts.txt"": ""0485c1eaa6f237e296db40286997bfbeee35006e1535f9c6d9bb2c4e936accae"", ""extended-counts.txt"": ""1bace96e1541c5d541b451dc1f5f39641de6728d3a30196a09c2e8a7023d52ce"", ""stats.txt"": ""9492f39b5d84b368f5e88d0b20b55c23a7a252aebd86cabb9c433ceecbac5411""}","[""/workspace/dotmatch/dotmatch"", ""guide-counter"", ""count"", ""--input"", ""/workspace/dotmatch/benchmarks/real/data/ERR376998.fastq.gz"", ""/workspace/dotmatch/benchmarks/real/data/ERR376999.fastq.gz"", ""--samples"", ""ERR376998"", ""ERR376999"", ""--library"", ""/workspace/dotmatch/benchmarks/real/data/yusa_library.csv"", ""--output"", ""/workspace/dotmatch/benchmarks/work/guide_counter_precision/yusa_experimental_cached_prefix-k1-r3-dotmatch"", ""--offset-sample-size"", ""100000"", ""--offset-min-fraction"", "".0025""]"
yusa_experimental_cached_prefix,experimental_prefix,1,3,1,guide_counter,50,87437,2,2.513690461,2.513293,19.89107281733843,541428,1c53f1d3cf8920e32c06b8cceb71d011141c90be50b3ec3b958f684b8dea78f0,0,0,0,"[18, 23]",0,"{""counts.txt"": ""0485c1eaa6f237e296db40286997bfbeee35006e1535f9c6d9bb2c4e936accae"", ""extended-counts.txt"": ""1bace96e1541c5d541b451dc1f5f39641de6728d3a30196a09c2e8a7023d52ce"", ""stats.txt"": ""1773ecfca2c3138fdbbab6b135828575775c7a73879e97b9be161af69ea6d22d""}","[""/workspace/.scientific-dotmatch/guide-counter/target/release/guide-counter"", ""count"", ""--input"", ""/workspace/dotmatch/benchmarks/real/data/ERR376998.fastq.gz"", ""/workspace/dotmatch/benchmarks/real/data/ERR376999.fastq.gz"", ""--samples"", ""ERR376998"", ""ERR376999"", ""--library"", ""/workspace/dotmatch/benchmarks/real/data/yusa_library.csv"", ""--output"", ""/workspace/dotmatch/benchmarks/work/guide_counter_precision/yusa_experimental_cached_prefix-k1-r3-guide_counter"", ""--offset-sample-size"", ""100000"", ""--offset-min-fraction"", "".0025""]"
yusa_experimental_cached_prefix,experimental_prefix,1,4,0,guide_counter,50,87437,2,3.145121765,3.143003,15.897635683431163,541340,1c53f1d3cf8920e32c06b8cceb71d011141c90be50b3ec3b958f684b8dea78f0,0,0,0,"[18, 23]",0,"{""counts.txt"": ""0485c1eaa6f237e296db40286997bfbeee35006e1535f9c6d9bb2c4e936accae"", ""extended-counts.txt"": ""1bace96e1541c5d541b451dc1f5f39641de6728d3a30196a09c2e8a7023d52ce"", ""stats.txt"": ""1773ecfca2c3138fdbbab6b135828575775c7a73879e97b9be161af69ea6d22d""}","[""/workspace/.scientific-dotmatch/guide-counter/target/release/guide-counter"", ""count"", ""--input"", ""/workspace/dotmatch/benchmarks/real/data/ERR376998.fastq.gz"", ""/workspace/dotmatch/benchmarks/real/data/ERR376999.fastq.gz"", ""--samples"", ""ERR376998"", ""ERR376999"", ""--library"", ""/workspace/dotmatch/benchmarks/real/data/yusa_library.csv"", ""--output"", ""/workspace/dotmatch/benchmarks/work/guide_counter_precision/yusa_experimental_cached_prefix-k1-r4-guide_counter"", ""--offset-sample-size"", ""100000"", ""--offset-min-fraction"", "".0025""]"
yusa_experimental_cached_prefix,experimental_prefix,1,4,1,dotmatch,50,87437,2,0.110370351,0.11007,453.0202137347556,24316,1c53f1d3cf8920e32c06b8cceb71d011141c90be50b3ec3b958f684b8dea78f0,0,0,0,"[18, 23]",0,"{""counts.txt"": ""0485c1eaa6f237e296db40286997bfbeee35006e1535f9c6d9bb2c4e936accae"", ""extended-counts.txt"": ""1bace96e1541c5d541b451dc1f5f39641de6728d3a30196a09c2e8a7023d52ce"", ""stats.txt"": ""9492f39b5d84b368f5e88d0b20b55c23a7a252aebd86cabb9c433ceecbac5411""}","[""/workspace/dotmatch/dotmatch"", ""guide-counter"", ""count"", ""--input"", ""/workspace/dotmatch/benchmarks/real/data/ERR376998.fastq.gz"", ""/workspace/dotmatch/benchmarks/real/data/ERR376999.fastq.gz"", ""--samples"", ""ERR376998"", ""ERR376999"", ""--library"", ""/workspace/dotmatch/benchmarks/real/data/yusa_library.csv"", ""--output"", ""/workspace/dotmatch/benchmarks/work/guide_counter_precision/yusa_experimental_cached_prefix-k1-r4-dotmatch"", ""--offset-sample-size"", ""100000"", ""--offset-min-fraction"", "".0025""]"
