workload,tool,k,policy,repeat,n_reads,n_targets,length,seconds,reads_per_second,count_mismatches,counts_sha256,outcomes_sha256,exit_code,command,total_reads,assigned_unique,assigned_exact,assigned_corrected,ambiguous,unmatched,invalid,candidates_considered,candidates_verified
yusa_library_simulated_fastq,baseline,2,best,0,30000,87437,19,0.5140510539931711,58359.962044545355,0,1c04c5215749896789b3d545beb8d8a40eafcd62fc6d5341bc2a3f071432fec6,dc28dfb987e9d2afd4b9ae3ab7a073bb9f97f1d48bc3f9cca916839978fcb906,0,"[""/workspace/.scientific-dotmatch/baseline/dotmatch"", ""count"", ""--targets"", ""/workspace/dotmatch/benchmarks/real/data/yusa_library.csv"", ""--reads"", ""/workspace/dotmatch/benchmarks/work/hamming_seed_layout/simulated.fastq.gz"", ""--sample-label"", ""simulated"", ""--target-start"", ""0"", ""--target-length"", ""19"", ""--k"", ""2"", ""--metric"", ""hamming"", ""--ambiguity-policy"", ""best"", ""--threads"", ""1"", ""--format"", ""mageck"", ""--out"", ""/workspace/dotmatch/benchmarks/work/hamming_seed_layout/counts-2-best-0-baseline.tsv"", ""--summary"", ""/workspace/dotmatch/benchmarks/work/hamming_seed_layout/counts-2-best-0-baseline.json""]",30000,17983,6000,11983,26,11991,0,1686343,1686343
yusa_library_simulated_fastq,candidate,2,best,0,30000,87437,19,0.30866301599598955,97193.3741501113,0,1c04c5215749896789b3d545beb8d8a40eafcd62fc6d5341bc2a3f071432fec6,dc28dfb987e9d2afd4b9ae3ab7a073bb9f97f1d48bc3f9cca916839978fcb906,0,"[""/workspace/dotmatch/dotmatch"", ""count"", ""--targets"", ""/workspace/dotmatch/benchmarks/real/data/yusa_library.csv"", ""--reads"", ""/workspace/dotmatch/benchmarks/work/hamming_seed_layout/simulated.fastq.gz"", ""--sample-label"", ""simulated"", ""--target-start"", ""0"", ""--target-length"", ""19"", ""--k"", ""2"", ""--metric"", ""hamming"", ""--ambiguity-policy"", ""best"", ""--threads"", ""1"", ""--format"", ""mageck"", ""--out"", ""/workspace/dotmatch/benchmarks/work/hamming_seed_layout/counts-2-best-0-candidate.tsv"", ""--summary"", ""/workspace/dotmatch/benchmarks/work/hamming_seed_layout/counts-2-best-0-candidate.json""]",30000,17983,6000,11983,26,11991,0,1686343,1686343
yusa_library_simulated_fastq,candidate,2,best,1,30000,87437,19,0.3075395829946501,97548.41867143285,0,1c04c5215749896789b3d545beb8d8a40eafcd62fc6d5341bc2a3f071432fec6,dc28dfb987e9d2afd4b9ae3ab7a073bb9f97f1d48bc3f9cca916839978fcb906,0,"[""/workspace/dotmatch/dotmatch"", ""count"", ""--targets"", ""/workspace/dotmatch/benchmarks/real/data/yusa_library.csv"", ""--reads"", ""/workspace/dotmatch/benchmarks/work/hamming_seed_layout/simulated.fastq.gz"", ""--sample-label"", ""simulated"", ""--target-start"", ""0"", ""--target-length"", ""19"", ""--k"", ""2"", ""--metric"", ""hamming"", ""--ambiguity-policy"", ""best"", ""--threads"", ""1"", ""--format"", ""mageck"", ""--out"", ""/workspace/dotmatch/benchmarks/work/hamming_seed_layout/counts-2-best-1-candidate.tsv"", ""--summary"", ""/workspace/dotmatch/benchmarks/work/hamming_seed_layout/counts-2-best-1-candidate.json""]",30000,17983,6000,11983,26,11991,0,1686343,1686343
yusa_library_simulated_fastq,baseline,2,best,1,30000,87437,19,0.5151948780112434,58230.39257650635,0,1c04c5215749896789b3d545beb8d8a40eafcd62fc6d5341bc2a3f071432fec6,dc28dfb987e9d2afd4b9ae3ab7a073bb9f97f1d48bc3f9cca916839978fcb906,0,"[""/workspace/.scientific-dotmatch/baseline/dotmatch"", ""count"", ""--targets"", ""/workspace/dotmatch/benchmarks/real/data/yusa_library.csv"", ""--reads"", ""/workspace/dotmatch/benchmarks/work/hamming_seed_layout/simulated.fastq.gz"", ""--sample-label"", ""simulated"", ""--target-start"", ""0"", ""--target-length"", ""19"", ""--k"", ""2"", ""--metric"", ""hamming"", ""--ambiguity-policy"", ""best"", ""--threads"", ""1"", ""--format"", ""mageck"", ""--out"", ""/workspace/dotmatch/benchmarks/work/hamming_seed_layout/counts-2-best-1-baseline.tsv"", ""--summary"", ""/workspace/dotmatch/benchmarks/work/hamming_seed_layout/counts-2-best-1-baseline.json""]",30000,17983,6000,11983,26,11991,0,1686343,1686343
yusa_library_simulated_fastq,baseline,2,best,2,30000,87437,19,0.432523076000507,69360.46112824009,0,1c04c5215749896789b3d545beb8d8a40eafcd62fc6d5341bc2a3f071432fec6,dc28dfb987e9d2afd4b9ae3ab7a073bb9f97f1d48bc3f9cca916839978fcb906,0,"[""/workspace/.scientific-dotmatch/baseline/dotmatch"", ""count"", ""--targets"", ""/workspace/dotmatch/benchmarks/real/data/yusa_library.csv"", ""--reads"", ""/workspace/dotmatch/benchmarks/work/hamming_seed_layout/simulated.fastq.gz"", ""--sample-label"", ""simulated"", ""--target-start"", ""0"", ""--target-length"", ""19"", ""--k"", ""2"", ""--metric"", ""hamming"", ""--ambiguity-policy"", ""best"", ""--threads"", ""1"", ""--format"", ""mageck"", ""--out"", ""/workspace/dotmatch/benchmarks/work/hamming_seed_layout/counts-2-best-2-baseline.tsv"", ""--summary"", ""/workspace/dotmatch/benchmarks/work/hamming_seed_layout/counts-2-best-2-baseline.json""]",30000,17983,6000,11983,26,11991,0,1686343,1686343
yusa_library_simulated_fastq,candidate,2,best,2,30000,87437,19,0.2994013030111091,100199.96472389055,0,1c04c5215749896789b3d545beb8d8a40eafcd62fc6d5341bc2a3f071432fec6,dc28dfb987e9d2afd4b9ae3ab7a073bb9f97f1d48bc3f9cca916839978fcb906,0,"[""/workspace/dotmatch/dotmatch"", ""count"", ""--targets"", ""/workspace/dotmatch/benchmarks/real/data/yusa_library.csv"", ""--reads"", ""/workspace/dotmatch/benchmarks/work/hamming_seed_layout/simulated.fastq.gz"", ""--sample-label"", ""simulated"", ""--target-start"", ""0"", ""--target-length"", ""19"", ""--k"", ""2"", ""--metric"", ""hamming"", ""--ambiguity-policy"", ""best"", ""--threads"", ""1"", ""--format"", ""mageck"", ""--out"", ""/workspace/dotmatch/benchmarks/work/hamming_seed_layout/counts-2-best-2-candidate.tsv"", ""--summary"", ""/workspace/dotmatch/benchmarks/work/hamming_seed_layout/counts-2-best-2-candidate.json""]",30000,17983,6000,11983,26,11991,0,1686343,1686343
yusa_library_simulated_fastq,candidate,2,best,3,30000,87437,19,0.40193095499125775,74639.68531772458,0,1c04c5215749896789b3d545beb8d8a40eafcd62fc6d5341bc2a3f071432fec6,dc28dfb987e9d2afd4b9ae3ab7a073bb9f97f1d48bc3f9cca916839978fcb906,0,"[""/workspace/dotmatch/dotmatch"", ""count"", ""--targets"", ""/workspace/dotmatch/benchmarks/real/data/yusa_library.csv"", ""--reads"", ""/workspace/dotmatch/benchmarks/work/hamming_seed_layout/simulated.fastq.gz"", ""--sample-label"", ""simulated"", ""--target-start"", ""0"", ""--target-length"", ""19"", ""--k"", ""2"", ""--metric"", ""hamming"", ""--ambiguity-policy"", ""best"", ""--threads"", ""1"", ""--format"", ""mageck"", ""--out"", ""/workspace/dotmatch/benchmarks/work/hamming_seed_layout/counts-2-best-3-candidate.tsv"", ""--summary"", ""/workspace/dotmatch/benchmarks/work/hamming_seed_layout/counts-2-best-3-candidate.json""]",30000,17983,6000,11983,26,11991,0,1686343,1686343
yusa_library_simulated_fastq,baseline,2,best,3,30000,87437,19,0.49065691999567207,61142.51889133576,0,1c04c5215749896789b3d545beb8d8a40eafcd62fc6d5341bc2a3f071432fec6,dc28dfb987e9d2afd4b9ae3ab7a073bb9f97f1d48bc3f9cca916839978fcb906,0,"[""/workspace/.scientific-dotmatch/baseline/dotmatch"", ""count"", ""--targets"", ""/workspace/dotmatch/benchmarks/real/data/yusa_library.csv"", ""--reads"", ""/workspace/dotmatch/benchmarks/work/hamming_seed_layout/simulated.fastq.gz"", ""--sample-label"", ""simulated"", ""--target-start"", ""0"", ""--target-length"", ""19"", ""--k"", ""2"", ""--metric"", ""hamming"", ""--ambiguity-policy"", ""best"", ""--threads"", ""1"", ""--format"", ""mageck"", ""--out"", ""/workspace/dotmatch/benchmarks/work/hamming_seed_layout/counts-2-best-3-baseline.tsv"", ""--summary"", ""/workspace/dotmatch/benchmarks/work/hamming_seed_layout/counts-2-best-3-baseline.json""]",30000,17983,6000,11983,26,11991,0,1686343,1686343
yusa_library_simulated_fastq,baseline,2,best,4,30000,87437,19,0.4695892469899263,63885.619596914585,0,1c04c5215749896789b3d545beb8d8a40eafcd62fc6d5341bc2a3f071432fec6,dc28dfb987e9d2afd4b9ae3ab7a073bb9f97f1d48bc3f9cca916839978fcb906,0,"[""/workspace/.scientific-dotmatch/baseline/dotmatch"", ""count"", ""--targets"", ""/workspace/dotmatch/benchmarks/real/data/yusa_library.csv"", ""--reads"", ""/workspace/dotmatch/benchmarks/work/hamming_seed_layout/simulated.fastq.gz"", ""--sample-label"", ""simulated"", ""--target-start"", ""0"", ""--target-length"", ""19"", ""--k"", ""2"", ""--metric"", ""hamming"", ""--ambiguity-policy"", ""best"", ""--threads"", ""1"", ""--format"", ""mageck"", ""--out"", ""/workspace/dotmatch/benchmarks/work/hamming_seed_layout/counts-2-best-4-baseline.tsv"", ""--summary"", ""/workspace/dotmatch/benchmarks/work/hamming_seed_layout/counts-2-best-4-baseline.json""]",30000,17983,6000,11983,26,11991,0,1686343,1686343
yusa_library_simulated_fastq,candidate,2,best,4,30000,87437,19,0.29990092699881643,100033.03524339688,0,1c04c5215749896789b3d545beb8d8a40eafcd62fc6d5341bc2a3f071432fec6,dc28dfb987e9d2afd4b9ae3ab7a073bb9f97f1d48bc3f9cca916839978fcb906,0,"[""/workspace/dotmatch/dotmatch"", ""count"", ""--targets"", ""/workspace/dotmatch/benchmarks/real/data/yusa_library.csv"", ""--reads"", ""/workspace/dotmatch/benchmarks/work/hamming_seed_layout/simulated.fastq.gz"", ""--sample-label"", ""simulated"", ""--target-start"", ""0"", ""--target-length"", ""19"", ""--k"", ""2"", ""--metric"", ""hamming"", ""--ambiguity-policy"", ""best"", ""--threads"", ""1"", ""--format"", ""mageck"", ""--out"", ""/workspace/dotmatch/benchmarks/work/hamming_seed_layout/counts-2-best-4-candidate.tsv"", ""--summary"", ""/workspace/dotmatch/benchmarks/work/hamming_seed_layout/counts-2-best-4-candidate.json""]",30000,17983,6000,11983,26,11991,0,1686343,1686343
yusa_library_simulated_fastq,baseline,2,radius,0,30000,87437,19,0.4568174349988112,65671.74915309016,0,18d4540510ffa9f6269278f709137339984e71069a9494bde38c070f5c0c2873,100b0cc380afc51bfc1032f6aa937fed820de9ff96cb659ee577f60660d6b0d1,0,"[""/workspace/.scientific-dotmatch/baseline/dotmatch"", ""count"", ""--targets"", ""/workspace/dotmatch/benchmarks/real/data/yusa_library.csv"", ""--reads"", ""/workspace/dotmatch/benchmarks/work/hamming_seed_layout/simulated.fastq.gz"", ""--sample-label"", ""simulated"", ""--target-start"", ""0"", ""--target-length"", ""19"", ""--k"", ""2"", ""--metric"", ""hamming"", ""--ambiguity-policy"", ""radius"", ""--threads"", ""1"", ""--format"", ""mageck"", ""--out"", ""/workspace/dotmatch/benchmarks/work/hamming_seed_layout/counts-2-radius-0-baseline.tsv"", ""--summary"", ""/workspace/dotmatch/benchmarks/work/hamming_seed_layout/counts-2-radius-0-baseline.json""]",30000,17850,5918,11932,159,11991,0,1686343,1686343
yusa_library_simulated_fastq,candidate,2,radius,0,30000,87437,19,0.3037413639976876,98768.24020658706,0,18d4540510ffa9f6269278f709137339984e71069a9494bde38c070f5c0c2873,100b0cc380afc51bfc1032f6aa937fed820de9ff96cb659ee577f60660d6b0d1,0,"[""/workspace/dotmatch/dotmatch"", ""count"", ""--targets"", ""/workspace/dotmatch/benchmarks/real/data/yusa_library.csv"", ""--reads"", ""/workspace/dotmatch/benchmarks/work/hamming_seed_layout/simulated.fastq.gz"", ""--sample-label"", ""simulated"", ""--target-start"", ""0"", ""--target-length"", ""19"", ""--k"", ""2"", ""--metric"", ""hamming"", ""--ambiguity-policy"", ""radius"", ""--threads"", ""1"", ""--format"", ""mageck"", ""--out"", ""/workspace/dotmatch/benchmarks/work/hamming_seed_layout/counts-2-radius-0-candidate.tsv"", ""--summary"", ""/workspace/dotmatch/benchmarks/work/hamming_seed_layout/counts-2-radius-0-candidate.json""]",30000,17850,5918,11932,159,11991,0,1686343,1686343
yusa_library_simulated_fastq,candidate,2,radius,1,30000,87437,19,0.30382402800023556,98741.36748650025,0,18d4540510ffa9f6269278f709137339984e71069a9494bde38c070f5c0c2873,100b0cc380afc51bfc1032f6aa937fed820de9ff96cb659ee577f60660d6b0d1,0,"[""/workspace/dotmatch/dotmatch"", ""count"", ""--targets"", ""/workspace/dotmatch/benchmarks/real/data/yusa_library.csv"", ""--reads"", ""/workspace/dotmatch/benchmarks/work/hamming_seed_layout/simulated.fastq.gz"", ""--sample-label"", ""simulated"", ""--target-start"", ""0"", ""--target-length"", ""19"", ""--k"", ""2"", ""--metric"", ""hamming"", ""--ambiguity-policy"", ""radius"", ""--threads"", ""1"", ""--format"", ""mageck"", ""--out"", ""/workspace/dotmatch/benchmarks/work/hamming_seed_layout/counts-2-radius-1-candidate.tsv"", ""--summary"", ""/workspace/dotmatch/benchmarks/work/hamming_seed_layout/counts-2-radius-1-candidate.json""]",30000,17850,5918,11932,159,11991,0,1686343,1686343
yusa_library_simulated_fastq,baseline,2,radius,1,30000,87437,19,0.4552689940028358,65895.10903484267,0,18d4540510ffa9f6269278f709137339984e71069a9494bde38c070f5c0c2873,100b0cc380afc51bfc1032f6aa937fed820de9ff96cb659ee577f60660d6b0d1,0,"[""/workspace/.scientific-dotmatch/baseline/dotmatch"", ""count"", ""--targets"", ""/workspace/dotmatch/benchmarks/real/data/yusa_library.csv"", ""--reads"", ""/workspace/dotmatch/benchmarks/work/hamming_seed_layout/simulated.fastq.gz"", ""--sample-label"", ""simulated"", ""--target-start"", ""0"", ""--target-length"", ""19"", ""--k"", ""2"", ""--metric"", ""hamming"", ""--ambiguity-policy"", ""radius"", ""--threads"", ""1"", ""--format"", ""mageck"", ""--out"", ""/workspace/dotmatch/benchmarks/work/hamming_seed_layout/counts-2-radius-1-baseline.tsv"", ""--summary"", ""/workspace/dotmatch/benchmarks/work/hamming_seed_layout/counts-2-radius-1-baseline.json""]",30000,17850,5918,11932,159,11991,0,1686343,1686343
yusa_library_simulated_fastq,baseline,2,radius,2,30000,87437,19,0.4543689040001482,66025.64510002255,0,18d4540510ffa9f6269278f709137339984e71069a9494bde38c070f5c0c2873,100b0cc380afc51bfc1032f6aa937fed820de9ff96cb659ee577f60660d6b0d1,0,"[""/workspace/.scientific-dotmatch/baseline/dotmatch"", ""count"", ""--targets"", ""/workspace/dotmatch/benchmarks/real/data/yusa_library.csv"", ""--reads"", ""/workspace/dotmatch/benchmarks/work/hamming_seed_layout/simulated.fastq.gz"", ""--sample-label"", ""simulated"", ""--target-start"", ""0"", ""--target-length"", ""19"", ""--k"", ""2"", ""--metric"", ""hamming"", ""--ambiguity-policy"", ""radius"", ""--threads"", ""1"", ""--format"", ""mageck"", ""--out"", ""/workspace/dotmatch/benchmarks/work/hamming_seed_layout/counts-2-radius-2-baseline.tsv"", ""--summary"", ""/workspace/dotmatch/benchmarks/work/hamming_seed_layout/counts-2-radius-2-baseline.json""]",30000,17850,5918,11932,159,11991,0,1686343,1686343
yusa_library_simulated_fastq,candidate,2,radius,2,30000,87437,19,0.30147781199775636,99509.81069287866,0,18d4540510ffa9f6269278f709137339984e71069a9494bde38c070f5c0c2873,100b0cc380afc51bfc1032f6aa937fed820de9ff96cb659ee577f60660d6b0d1,0,"[""/workspace/dotmatch/dotmatch"", ""count"", ""--targets"", ""/workspace/dotmatch/benchmarks/real/data/yusa_library.csv"", ""--reads"", ""/workspace/dotmatch/benchmarks/work/hamming_seed_layout/simulated.fastq.gz"", ""--sample-label"", ""simulated"", ""--target-start"", ""0"", ""--target-length"", ""19"", ""--k"", ""2"", ""--metric"", ""hamming"", ""--ambiguity-policy"", ""radius"", ""--threads"", ""1"", ""--format"", ""mageck"", ""--out"", ""/workspace/dotmatch/benchmarks/work/hamming_seed_layout/counts-2-radius-2-candidate.tsv"", ""--summary"", ""/workspace/dotmatch/benchmarks/work/hamming_seed_layout/counts-2-radius-2-candidate.json""]",30000,17850,5918,11932,159,11991,0,1686343,1686343
yusa_library_simulated_fastq,candidate,2,radius,3,30000,87437,19,0.5316344229941024,56429.754550210535,0,18d4540510ffa9f6269278f709137339984e71069a9494bde38c070f5c0c2873,100b0cc380afc51bfc1032f6aa937fed820de9ff96cb659ee577f60660d6b0d1,0,"[""/workspace/dotmatch/dotmatch"", ""count"", ""--targets"", ""/workspace/dotmatch/benchmarks/real/data/yusa_library.csv"", ""--reads"", ""/workspace/dotmatch/benchmarks/work/hamming_seed_layout/simulated.fastq.gz"", ""--sample-label"", ""simulated"", ""--target-start"", ""0"", ""--target-length"", ""19"", ""--k"", ""2"", ""--metric"", ""hamming"", ""--ambiguity-policy"", ""radius"", ""--threads"", ""1"", ""--format"", ""mageck"", ""--out"", ""/workspace/dotmatch/benchmarks/work/hamming_seed_layout/counts-2-radius-3-candidate.tsv"", ""--summary"", ""/workspace/dotmatch/benchmarks/work/hamming_seed_layout/counts-2-radius-3-candidate.json""]",30000,17850,5918,11932,159,11991,0,1686343,1686343
yusa_library_simulated_fastq,baseline,2,radius,3,30000,87437,19,0.4506736170005752,66567.02071814804,0,18d4540510ffa9f6269278f709137339984e71069a9494bde38c070f5c0c2873,100b0cc380afc51bfc1032f6aa937fed820de9ff96cb659ee577f60660d6b0d1,0,"[""/workspace/.scientific-dotmatch/baseline/dotmatch"", ""count"", ""--targets"", ""/workspace/dotmatch/benchmarks/real/data/yusa_library.csv"", ""--reads"", ""/workspace/dotmatch/benchmarks/work/hamming_seed_layout/simulated.fastq.gz"", ""--sample-label"", ""simulated"", ""--target-start"", ""0"", ""--target-length"", ""19"", ""--k"", ""2"", ""--metric"", ""hamming"", ""--ambiguity-policy"", ""radius"", ""--threads"", ""1"", ""--format"", ""mageck"", ""--out"", ""/workspace/dotmatch/benchmarks/work/hamming_seed_layout/counts-2-radius-3-baseline.tsv"", ""--summary"", ""/workspace/dotmatch/benchmarks/work/hamming_seed_layout/counts-2-radius-3-baseline.json""]",30000,17850,5918,11932,159,11991,0,1686343,1686343
yusa_library_simulated_fastq,baseline,2,radius,4,30000,87437,19,0.45544926000002306,65869.0278693141,0,18d4540510ffa9f6269278f709137339984e71069a9494bde38c070f5c0c2873,100b0cc380afc51bfc1032f6aa937fed820de9ff96cb659ee577f60660d6b0d1,0,"[""/workspace/.scientific-dotmatch/baseline/dotmatch"", ""count"", ""--targets"", ""/workspace/dotmatch/benchmarks/real/data/yusa_library.csv"", ""--reads"", ""/workspace/dotmatch/benchmarks/work/hamming_seed_layout/simulated.fastq.gz"", ""--sample-label"", ""simulated"", ""--target-start"", ""0"", ""--target-length"", ""19"", ""--k"", ""2"", ""--metric"", ""hamming"", ""--ambiguity-policy"", ""radius"", ""--threads"", ""1"", ""--format"", ""mageck"", ""--out"", ""/workspace/dotmatch/benchmarks/work/hamming_seed_layout/counts-2-radius-4-baseline.tsv"", ""--summary"", ""/workspace/dotmatch/benchmarks/work/hamming_seed_layout/counts-2-radius-4-baseline.json""]",30000,17850,5918,11932,159,11991,0,1686343,1686343
yusa_library_simulated_fastq,candidate,2,radius,4,30000,87437,19,0.31079064100049436,96528.00323531068,0,18d4540510ffa9f6269278f709137339984e71069a9494bde38c070f5c0c2873,100b0cc380afc51bfc1032f6aa937fed820de9ff96cb659ee577f60660d6b0d1,0,"[""/workspace/dotmatch/dotmatch"", ""count"", ""--targets"", ""/workspace/dotmatch/benchmarks/real/data/yusa_library.csv"", ""--reads"", ""/workspace/dotmatch/benchmarks/work/hamming_seed_layout/simulated.fastq.gz"", ""--sample-label"", ""simulated"", ""--target-start"", ""0"", ""--target-length"", ""19"", ""--k"", ""2"", ""--metric"", ""hamming"", ""--ambiguity-policy"", ""radius"", ""--threads"", ""1"", ""--format"", ""mageck"", ""--out"", ""/workspace/dotmatch/benchmarks/work/hamming_seed_layout/counts-2-radius-4-candidate.tsv"", ""--summary"", ""/workspace/dotmatch/benchmarks/work/hamming_seed_layout/counts-2-radius-4-candidate.json""]",30000,17850,5918,11932,159,11991,0,1686343,1686343
yusa_library_simulated_fastq,baseline,3,best,0,30000,87437,19,1.9940073439938715,15045.079994495849,0,0570230c47df16faadb3f013315062a19bbf518b09c39c83e6e639e700ef61d1,5013383dc03f99fc176acdf7c14af41e7494894cf9b77946eb47335d28c80c6b,0,"[""/workspace/.scientific-dotmatch/baseline/dotmatch"", ""count"", ""--targets"", ""/workspace/dotmatch/benchmarks/real/data/yusa_library.csv"", ""--reads"", ""/workspace/dotmatch/benchmarks/work/hamming_seed_layout/simulated.fastq.gz"", ""--sample-label"", ""simulated"", ""--target-start"", ""0"", ""--target-length"", ""19"", ""--k"", ""3"", ""--metric"", ""hamming"", ""--ambiguity-policy"", ""best"", ""--threads"", ""1"", ""--format"", ""mageck"", ""--out"", ""/workspace/dotmatch/benchmarks/work/hamming_seed_layout/counts-3-best-0-baseline.tsv"", ""--summary"", ""/workspace/dotmatch/benchmarks/work/hamming_seed_layout/counts-3-best-0-baseline.json""]",30000,23917,6000,17917,124,5959,0,19742013,19742013
yusa_library_simulated_fastq,candidate,3,best,0,30000,87437,19,0.4132322950026719,72598.39166202155,0,0570230c47df16faadb3f013315062a19bbf518b09c39c83e6e639e700ef61d1,5013383dc03f99fc176acdf7c14af41e7494894cf9b77946eb47335d28c80c6b,0,"[""/workspace/dotmatch/dotmatch"", ""count"", ""--targets"", ""/workspace/dotmatch/benchmarks/real/data/yusa_library.csv"", ""--reads"", ""/workspace/dotmatch/benchmarks/work/hamming_seed_layout/simulated.fastq.gz"", ""--sample-label"", ""simulated"", ""--target-start"", ""0"", ""--target-length"", ""19"", ""--k"", ""3"", ""--metric"", ""hamming"", ""--ambiguity-policy"", ""best"", ""--threads"", ""1"", ""--format"", ""mageck"", ""--out"", ""/workspace/dotmatch/benchmarks/work/hamming_seed_layout/counts-3-best-0-candidate.tsv"", ""--summary"", ""/workspace/dotmatch/benchmarks/work/hamming_seed_layout/counts-3-best-0-candidate.json""]",30000,23917,6000,17917,124,5959,0,19742013,19742013
yusa_library_simulated_fastq,candidate,3,best,1,30000,87437,19,0.4453107709996402,67368.6826228244,0,0570230c47df16faadb3f013315062a19bbf518b09c39c83e6e639e700ef61d1,5013383dc03f99fc176acdf7c14af41e7494894cf9b77946eb47335d28c80c6b,0,"[""/workspace/dotmatch/dotmatch"", ""count"", ""--targets"", ""/workspace/dotmatch/benchmarks/real/data/yusa_library.csv"", ""--reads"", ""/workspace/dotmatch/benchmarks/work/hamming_seed_layout/simulated.fastq.gz"", ""--sample-label"", ""simulated"", ""--target-start"", ""0"", ""--target-length"", ""19"", ""--k"", ""3"", ""--metric"", ""hamming"", ""--ambiguity-policy"", ""best"", ""--threads"", ""1"", ""--format"", ""mageck"", ""--out"", ""/workspace/dotmatch/benchmarks/work/hamming_seed_layout/counts-3-best-1-candidate.tsv"", ""--summary"", ""/workspace/dotmatch/benchmarks/work/hamming_seed_layout/counts-3-best-1-candidate.json""]",30000,23917,6000,17917,124,5959,0,19742013,19742013
yusa_library_simulated_fastq,baseline,3,best,1,30000,87437,19,2.333778454005369,12854.690619202616,0,0570230c47df16faadb3f013315062a19bbf518b09c39c83e6e639e700ef61d1,5013383dc03f99fc176acdf7c14af41e7494894cf9b77946eb47335d28c80c6b,0,"[""/workspace/.scientific-dotmatch/baseline/dotmatch"", ""count"", ""--targets"", ""/workspace/dotmatch/benchmarks/real/data/yusa_library.csv"", ""--reads"", ""/workspace/dotmatch/benchmarks/work/hamming_seed_layout/simulated.fastq.gz"", ""--sample-label"", ""simulated"", ""--target-start"", ""0"", ""--target-length"", ""19"", ""--k"", ""3"", ""--metric"", ""hamming"", ""--ambiguity-policy"", ""best"", ""--threads"", ""1"", ""--format"", ""mageck"", ""--out"", ""/workspace/dotmatch/benchmarks/work/hamming_seed_layout/counts-3-best-1-baseline.tsv"", ""--summary"", ""/workspace/dotmatch/benchmarks/work/hamming_seed_layout/counts-3-best-1-baseline.json""]",30000,23917,6000,17917,124,5959,0,19742013,19742013
yusa_library_simulated_fastq,baseline,3,best,2,30000,87437,19,2.655858033002005,11295.784498725634,0,0570230c47df16faadb3f013315062a19bbf518b09c39c83e6e639e700ef61d1,5013383dc03f99fc176acdf7c14af41e7494894cf9b77946eb47335d28c80c6b,0,"[""/workspace/.scientific-dotmatch/baseline/dotmatch"", ""count"", ""--targets"", ""/workspace/dotmatch/benchmarks/real/data/yusa_library.csv"", ""--reads"", ""/workspace/dotmatch/benchmarks/work/hamming_seed_layout/simulated.fastq.gz"", ""--sample-label"", ""simulated"", ""--target-start"", ""0"", ""--target-length"", ""19"", ""--k"", ""3"", ""--metric"", ""hamming"", ""--ambiguity-policy"", ""best"", ""--threads"", ""1"", ""--format"", ""mageck"", ""--out"", ""/workspace/dotmatch/benchmarks/work/hamming_seed_layout/counts-3-best-2-baseline.tsv"", ""--summary"", ""/workspace/dotmatch/benchmarks/work/hamming_seed_layout/counts-3-best-2-baseline.json""]",30000,23917,6000,17917,124,5959,0,19742013,19742013
yusa_library_simulated_fastq,candidate,3,best,2,30000,87437,19,0.4162749579991214,72067.75095047471,0,0570230c47df16faadb3f013315062a19bbf518b09c39c83e6e639e700ef61d1,5013383dc03f99fc176acdf7c14af41e7494894cf9b77946eb47335d28c80c6b,0,"[""/workspace/dotmatch/dotmatch"", ""count"", ""--targets"", ""/workspace/dotmatch/benchmarks/real/data/yusa_library.csv"", ""--reads"", ""/workspace/dotmatch/benchmarks/work/hamming_seed_layout/simulated.fastq.gz"", ""--sample-label"", ""simulated"", ""--target-start"", ""0"", ""--target-length"", ""19"", ""--k"", ""3"", ""--metric"", ""hamming"", ""--ambiguity-policy"", ""best"", ""--threads"", ""1"", ""--format"", ""mageck"", ""--out"", ""/workspace/dotmatch/benchmarks/work/hamming_seed_layout/counts-3-best-2-candidate.tsv"", ""--summary"", ""/workspace/dotmatch/benchmarks/work/hamming_seed_layout/counts-3-best-2-candidate.json""]",30000,23917,6000,17917,124,5959,0,19742013,19742013
yusa_library_simulated_fastq,candidate,3,best,3,30000,87437,19,0.49463801700039767,60650.41296649037,0,0570230c47df16faadb3f013315062a19bbf518b09c39c83e6e639e700ef61d1,5013383dc03f99fc176acdf7c14af41e7494894cf9b77946eb47335d28c80c6b,0,"[""/workspace/dotmatch/dotmatch"", ""count"", ""--targets"", ""/workspace/dotmatch/benchmarks/real/data/yusa_library.csv"", ""--reads"", ""/workspace/dotmatch/benchmarks/work/hamming_seed_layout/simulated.fastq.gz"", ""--sample-label"", ""simulated"", ""--target-start"", ""0"", ""--target-length"", ""19"", ""--k"", ""3"", ""--metric"", ""hamming"", ""--ambiguity-policy"", ""best"", ""--threads"", ""1"", ""--format"", ""mageck"", ""--out"", ""/workspace/dotmatch/benchmarks/work/hamming_seed_layout/counts-3-best-3-candidate.tsv"", ""--summary"", ""/workspace/dotmatch/benchmarks/work/hamming_seed_layout/counts-3-best-3-candidate.json""]",30000,23917,6000,17917,124,5959,0,19742013,19742013
yusa_library_simulated_fastq,baseline,3,best,3,30000,87437,19,3.331447632997879,9005.094272787299,0,0570230c47df16faadb3f013315062a19bbf518b09c39c83e6e639e700ef61d1,5013383dc03f99fc176acdf7c14af41e7494894cf9b77946eb47335d28c80c6b,0,"[""/workspace/.scientific-dotmatch/baseline/dotmatch"", ""count"", ""--targets"", ""/workspace/dotmatch/benchmarks/real/data/yusa_library.csv"", ""--reads"", ""/workspace/dotmatch/benchmarks/work/hamming_seed_layout/simulated.fastq.gz"", ""--sample-label"", ""simulated"", ""--target-start"", ""0"", ""--target-length"", ""19"", ""--k"", ""3"", ""--metric"", ""hamming"", ""--ambiguity-policy"", ""best"", ""--threads"", ""1"", ""--format"", ""mageck"", ""--out"", ""/workspace/dotmatch/benchmarks/work/hamming_seed_layout/counts-3-best-3-baseline.tsv"", ""--summary"", ""/workspace/dotmatch/benchmarks/work/hamming_seed_layout/counts-3-best-3-baseline.json""]",30000,23917,6000,17917,124,5959,0,19742013,19742013
yusa_library_simulated_fastq,baseline,3,best,4,30000,87437,19,2.399052060995018,12504.939133149683,0,0570230c47df16faadb3f013315062a19bbf518b09c39c83e6e639e700ef61d1,5013383dc03f99fc176acdf7c14af41e7494894cf9b77946eb47335d28c80c6b,0,"[""/workspace/.scientific-dotmatch/baseline/dotmatch"", ""count"", ""--targets"", ""/workspace/dotmatch/benchmarks/real/data/yusa_library.csv"", ""--reads"", ""/workspace/dotmatch/benchmarks/work/hamming_seed_layout/simulated.fastq.gz"", ""--sample-label"", ""simulated"", ""--target-start"", ""0"", ""--target-length"", ""19"", ""--k"", ""3"", ""--metric"", ""hamming"", ""--ambiguity-policy"", ""best"", ""--threads"", ""1"", ""--format"", ""mageck"", ""--out"", ""/workspace/dotmatch/benchmarks/work/hamming_seed_layout/counts-3-best-4-baseline.tsv"", ""--summary"", ""/workspace/dotmatch/benchmarks/work/hamming_seed_layout/counts-3-best-4-baseline.json""]",30000,23917,6000,17917,124,5959,0,19742013,19742013
yusa_library_simulated_fastq,candidate,3,best,4,30000,87437,19,0.5518613769963849,54361.477810389544,0,0570230c47df16faadb3f013315062a19bbf518b09c39c83e6e639e700ef61d1,5013383dc03f99fc176acdf7c14af41e7494894cf9b77946eb47335d28c80c6b,0,"[""/workspace/dotmatch/dotmatch"", ""count"", ""--targets"", ""/workspace/dotmatch/benchmarks/real/data/yusa_library.csv"", ""--reads"", ""/workspace/dotmatch/benchmarks/work/hamming_seed_layout/simulated.fastq.gz"", ""--sample-label"", ""simulated"", ""--target-start"", ""0"", ""--target-length"", ""19"", ""--k"", ""3"", ""--metric"", ""hamming"", ""--ambiguity-policy"", ""best"", ""--threads"", ""1"", ""--format"", ""mageck"", ""--out"", ""/workspace/dotmatch/benchmarks/work/hamming_seed_layout/counts-3-best-4-candidate.tsv"", ""--summary"", ""/workspace/dotmatch/benchmarks/work/hamming_seed_layout/counts-3-best-4-candidate.json""]",30000,23917,6000,17917,124,5959,0,19742013,19742013
yusa_library_simulated_fastq,baseline,3,radius,0,30000,87437,19,2.50523927899485,11974.904054688372,0,76e771cc0dff78517fab0c38b1828ada06c96377bf4ff89026bf24839256724b,2685f8a2651759bb39640dde1c732a1ab11cf90be7baccaffc6dc28918c76028,0,"[""/workspace/.scientific-dotmatch/baseline/dotmatch"", ""count"", ""--targets"", ""/workspace/dotmatch/benchmarks/real/data/yusa_library.csv"", ""--reads"", ""/workspace/dotmatch/benchmarks/work/hamming_seed_layout/simulated.fastq.gz"", ""--sample-label"", ""simulated"", ""--target-start"", ""0"", ""--target-length"", ""19"", ""--k"", ""3"", ""--metric"", ""hamming"", ""--ambiguity-policy"", ""radius"", ""--threads"", ""1"", ""--format"", ""mageck"", ""--out"", ""/workspace/dotmatch/benchmarks/work/hamming_seed_layout/counts-3-radius-0-baseline.tsv"", ""--summary"", ""/workspace/dotmatch/benchmarks/work/hamming_seed_layout/counts-3-radius-0-baseline.json""]",30000,23354,5768,17586,687,5959,0,19742013,19742013
yusa_library_simulated_fastq,candidate,3,radius,0,30000,87437,19,0.4171694069955265,71913.23116443605,0,76e771cc0dff78517fab0c38b1828ada06c96377bf4ff89026bf24839256724b,2685f8a2651759bb39640dde1c732a1ab11cf90be7baccaffc6dc28918c76028,0,"[""/workspace/dotmatch/dotmatch"", ""count"", ""--targets"", ""/workspace/dotmatch/benchmarks/real/data/yusa_library.csv"", ""--reads"", ""/workspace/dotmatch/benchmarks/work/hamming_seed_layout/simulated.fastq.gz"", ""--sample-label"", ""simulated"", ""--target-start"", ""0"", ""--target-length"", ""19"", ""--k"", ""3"", ""--metric"", ""hamming"", ""--ambiguity-policy"", ""radius"", ""--threads"", ""1"", ""--format"", ""mageck"", ""--out"", ""/workspace/dotmatch/benchmarks/work/hamming_seed_layout/counts-3-radius-0-candidate.tsv"", ""--summary"", ""/workspace/dotmatch/benchmarks/work/hamming_seed_layout/counts-3-radius-0-candidate.json""]",30000,23354,5768,17586,687,5959,0,19742013,19742013
yusa_library_simulated_fastq,candidate,3,radius,1,30000,87437,19,0.40429569300613366,74203.11548939717,0,76e771cc0dff78517fab0c38b1828ada06c96377bf4ff89026bf24839256724b,2685f8a2651759bb39640dde1c732a1ab11cf90be7baccaffc6dc28918c76028,0,"[""/workspace/dotmatch/dotmatch"", ""count"", ""--targets"", ""/workspace/dotmatch/benchmarks/real/data/yusa_library.csv"", ""--reads"", ""/workspace/dotmatch/benchmarks/work/hamming_seed_layout/simulated.fastq.gz"", ""--sample-label"", ""simulated"", ""--target-start"", ""0"", ""--target-length"", ""19"", ""--k"", ""3"", ""--metric"", ""hamming"", ""--ambiguity-policy"", ""radius"", ""--threads"", ""1"", ""--format"", ""mageck"", ""--out"", ""/workspace/dotmatch/benchmarks/work/hamming_seed_layout/counts-3-radius-1-candidate.tsv"", ""--summary"", ""/workspace/dotmatch/benchmarks/work/hamming_seed_layout/counts-3-radius-1-candidate.json""]",30000,23354,5768,17586,687,5959,0,19742013,19742013
yusa_library_simulated_fastq,baseline,3,radius,1,30000,87437,19,2.2994907250104006,13046.367038451224,0,76e771cc0dff78517fab0c38b1828ada06c96377bf4ff89026bf24839256724b,2685f8a2651759bb39640dde1c732a1ab11cf90be7baccaffc6dc28918c76028,0,"[""/workspace/.scientific-dotmatch/baseline/dotmatch"", ""count"", ""--targets"", ""/workspace/dotmatch/benchmarks/real/data/yusa_library.csv"", ""--reads"", ""/workspace/dotmatch/benchmarks/work/hamming_seed_layout/simulated.fastq.gz"", ""--sample-label"", ""simulated"", ""--target-start"", ""0"", ""--target-length"", ""19"", ""--k"", ""3"", ""--metric"", ""hamming"", ""--ambiguity-policy"", ""radius"", ""--threads"", ""1"", ""--format"", ""mageck"", ""--out"", ""/workspace/dotmatch/benchmarks/work/hamming_seed_layout/counts-3-radius-1-baseline.tsv"", ""--summary"", ""/workspace/dotmatch/benchmarks/work/hamming_seed_layout/counts-3-radius-1-baseline.json""]",30000,23354,5768,17586,687,5959,0,19742013,19742013
yusa_library_simulated_fastq,baseline,3,radius,2,30000,87437,19,1.8668493250006577,16069.856092959955,0,76e771cc0dff78517fab0c38b1828ada06c96377bf4ff89026bf24839256724b,2685f8a2651759bb39640dde1c732a1ab11cf90be7baccaffc6dc28918c76028,0,"[""/workspace/.scientific-dotmatch/baseline/dotmatch"", ""count"", ""--targets"", ""/workspace/dotmatch/benchmarks/real/data/yusa_library.csv"", ""--reads"", ""/workspace/dotmatch/benchmarks/work/hamming_seed_layout/simulated.fastq.gz"", ""--sample-label"", ""simulated"", ""--target-start"", ""0"", ""--target-length"", ""19"", ""--k"", ""3"", ""--metric"", ""hamming"", ""--ambiguity-policy"", ""radius"", ""--threads"", ""1"", ""--format"", ""mageck"", ""--out"", ""/workspace/dotmatch/benchmarks/work/hamming_seed_layout/counts-3-radius-2-baseline.tsv"", ""--summary"", ""/workspace/dotmatch/benchmarks/work/hamming_seed_layout/counts-3-radius-2-baseline.json""]",30000,23354,5768,17586,687,5959,0,19742013,19742013
yusa_library_simulated_fastq,candidate,3,radius,2,30000,87437,19,0.3872342360118637,77472.48876796341,0,76e771cc0dff78517fab0c38b1828ada06c96377bf4ff89026bf24839256724b,2685f8a2651759bb39640dde1c732a1ab11cf90be7baccaffc6dc28918c76028,0,"[""/workspace/dotmatch/dotmatch"", ""count"", ""--targets"", ""/workspace/dotmatch/benchmarks/real/data/yusa_library.csv"", ""--reads"", ""/workspace/dotmatch/benchmarks/work/hamming_seed_layout/simulated.fastq.gz"", ""--sample-label"", ""simulated"", ""--target-start"", ""0"", ""--target-length"", ""19"", ""--k"", ""3"", ""--metric"", ""hamming"", ""--ambiguity-policy"", ""radius"", ""--threads"", ""1"", ""--format"", ""mageck"", ""--out"", ""/workspace/dotmatch/benchmarks/work/hamming_seed_layout/counts-3-radius-2-candidate.tsv"", ""--summary"", ""/workspace/dotmatch/benchmarks/work/hamming_seed_layout/counts-3-radius-2-candidate.json""]",30000,23354,5768,17586,687,5959,0,19742013,19742013
yusa_library_simulated_fastq,candidate,3,radius,3,30000,87437,19,0.3709797100018477,80866.95630833984,0,76e771cc0dff78517fab0c38b1828ada06c96377bf4ff89026bf24839256724b,2685f8a2651759bb39640dde1c732a1ab11cf90be7baccaffc6dc28918c76028,0,"[""/workspace/dotmatch/dotmatch"", ""count"", ""--targets"", ""/workspace/dotmatch/benchmarks/real/data/yusa_library.csv"", ""--reads"", ""/workspace/dotmatch/benchmarks/work/hamming_seed_layout/simulated.fastq.gz"", ""--sample-label"", ""simulated"", ""--target-start"", ""0"", ""--target-length"", ""19"", ""--k"", ""3"", ""--metric"", ""hamming"", ""--ambiguity-policy"", ""radius"", ""--threads"", ""1"", ""--format"", ""mageck"", ""--out"", ""/workspace/dotmatch/benchmarks/work/hamming_seed_layout/counts-3-radius-3-candidate.tsv"", ""--summary"", ""/workspace/dotmatch/benchmarks/work/hamming_seed_layout/counts-3-radius-3-candidate.json""]",30000,23354,5768,17586,687,5959,0,19742013,19742013
yusa_library_simulated_fastq,baseline,3,radius,3,30000,87437,19,2.005036173010012,14962.323574922453,0,76e771cc0dff78517fab0c38b1828ada06c96377bf4ff89026bf24839256724b,2685f8a2651759bb39640dde1c732a1ab11cf90be7baccaffc6dc28918c76028,0,"[""/workspace/.scientific-dotmatch/baseline/dotmatch"", ""count"", ""--targets"", ""/workspace/dotmatch/benchmarks/real/data/yusa_library.csv"", ""--reads"", ""/workspace/dotmatch/benchmarks/work/hamming_seed_layout/simulated.fastq.gz"", ""--sample-label"", ""simulated"", ""--target-start"", ""0"", ""--target-length"", ""19"", ""--k"", ""3"", ""--metric"", ""hamming"", ""--ambiguity-policy"", ""radius"", ""--threads"", ""1"", ""--format"", ""mageck"", ""--out"", ""/workspace/dotmatch/benchmarks/work/hamming_seed_layout/counts-3-radius-3-baseline.tsv"", ""--summary"", ""/workspace/dotmatch/benchmarks/work/hamming_seed_layout/counts-3-radius-3-baseline.json""]",30000,23354,5768,17586,687,5959,0,19742013,19742013
yusa_library_simulated_fastq,baseline,3,radius,4,30000,87437,19,2.3028854450094514,13027.135181653326,0,76e771cc0dff78517fab0c38b1828ada06c96377bf4ff89026bf24839256724b,2685f8a2651759bb39640dde1c732a1ab11cf90be7baccaffc6dc28918c76028,0,"[""/workspace/.scientific-dotmatch/baseline/dotmatch"", ""count"", ""--targets"", ""/workspace/dotmatch/benchmarks/real/data/yusa_library.csv"", ""--reads"", ""/workspace/dotmatch/benchmarks/work/hamming_seed_layout/simulated.fastq.gz"", ""--sample-label"", ""simulated"", ""--target-start"", ""0"", ""--target-length"", ""19"", ""--k"", ""3"", ""--metric"", ""hamming"", ""--ambiguity-policy"", ""radius"", ""--threads"", ""1"", ""--format"", ""mageck"", ""--out"", ""/workspace/dotmatch/benchmarks/work/hamming_seed_layout/counts-3-radius-4-baseline.tsv"", ""--summary"", ""/workspace/dotmatch/benchmarks/work/hamming_seed_layout/counts-3-radius-4-baseline.json""]",30000,23354,5768,17586,687,5959,0,19742013,19742013
yusa_library_simulated_fastq,candidate,3,radius,4,30000,87437,19,0.3830712179915281,78314.41933249986,0,76e771cc0dff78517fab0c38b1828ada06c96377bf4ff89026bf24839256724b,2685f8a2651759bb39640dde1c732a1ab11cf90be7baccaffc6dc28918c76028,0,"[""/workspace/dotmatch/dotmatch"", ""count"", ""--targets"", ""/workspace/dotmatch/benchmarks/real/data/yusa_library.csv"", ""--reads"", ""/workspace/dotmatch/benchmarks/work/hamming_seed_layout/simulated.fastq.gz"", ""--sample-label"", ""simulated"", ""--target-start"", ""0"", ""--target-length"", ""19"", ""--k"", ""3"", ""--metric"", ""hamming"", ""--ambiguity-policy"", ""radius"", ""--threads"", ""1"", ""--format"", ""mageck"", ""--out"", ""/workspace/dotmatch/benchmarks/work/hamming_seed_layout/counts-3-radius-4-candidate.tsv"", ""--summary"", ""/workspace/dotmatch/benchmarks/work/hamming_seed_layout/counts-3-radius-4-candidate.json""]",30000,23354,5768,17586,687,5959,0,19742013,19742013
