workload,tool,k,repeat,n_reads,n_targets,length,seconds,reads_per_second,index_build_seconds,candidates_considered,candidates_verified,oracle_reads,oracle_mismatches,baseline_mismatches,baseline_status_changes,baseline_unique_assignment_changes,results_sha256,targets_sha256,reads_sha256
random_2048_20,baseline,0,0,30000,2048,20,0.005731760000344366,5233994.444672769,0.0032882719970075414,6012,6012,256,0,0,0,0,fca4c20265249458c6707894dfc8241469550c81c81ffbc4b199fec184a773da,0c918b2a74cec677300c0196150cac12045495c98b548a7f799eeeaeb6aed729,951be9dcb3d2103e0c80cb78df593712af54d0e6fa11ad947823eba72457c77b
random_2048_20,candidate,0,0,30000,2048,20,0.005933037988143042,5056431.470682288,0.004634102006093599,6012,6012,256,0,0,0,0,fca4c20265249458c6707894dfc8241469550c81c81ffbc4b199fec184a773da,0c918b2a74cec677300c0196150cac12045495c98b548a7f799eeeaeb6aed729,951be9dcb3d2103e0c80cb78df593712af54d0e6fa11ad947823eba72457c77b
random_2048_20,candidate,0,1,30000,2048,20,0.0064580019970890135,4645399.616401899,0.004634102006093599,6012,6012,256,0,0,0,0,fca4c20265249458c6707894dfc8241469550c81c81ffbc4b199fec184a773da,0c918b2a74cec677300c0196150cac12045495c98b548a7f799eeeaeb6aed729,951be9dcb3d2103e0c80cb78df593712af54d0e6fa11ad947823eba72457c77b
random_2048_20,baseline,0,1,30000,2048,20,0.006838512999820523,4386918.618241619,0.0032882719970075414,6012,6012,256,0,0,0,0,fca4c20265249458c6707894dfc8241469550c81c81ffbc4b199fec184a773da,0c918b2a74cec677300c0196150cac12045495c98b548a7f799eeeaeb6aed729,951be9dcb3d2103e0c80cb78df593712af54d0e6fa11ad947823eba72457c77b
random_2048_20,baseline,0,2,30000,2048,20,0.005935666995355859,5054191.891740621,0.0032882719970075414,6012,6012,256,0,0,0,0,fca4c20265249458c6707894dfc8241469550c81c81ffbc4b199fec184a773da,0c918b2a74cec677300c0196150cac12045495c98b548a7f799eeeaeb6aed729,951be9dcb3d2103e0c80cb78df593712af54d0e6fa11ad947823eba72457c77b
random_2048_20,candidate,0,2,30000,2048,20,0.0058145520015386865,5159468.862271968,0.004634102006093599,6012,6012,256,0,0,0,0,fca4c20265249458c6707894dfc8241469550c81c81ffbc4b199fec184a773da,0c918b2a74cec677300c0196150cac12045495c98b548a7f799eeeaeb6aed729,951be9dcb3d2103e0c80cb78df593712af54d0e6fa11ad947823eba72457c77b
random_2048_20,candidate,0,3,30000,2048,20,0.006141074001789093,4885138.982409271,0.004634102006093599,6012,6012,256,0,0,0,0,fca4c20265249458c6707894dfc8241469550c81c81ffbc4b199fec184a773da,0c918b2a74cec677300c0196150cac12045495c98b548a7f799eeeaeb6aed729,951be9dcb3d2103e0c80cb78df593712af54d0e6fa11ad947823eba72457c77b
random_2048_20,baseline,0,3,30000,2048,20,0.006192945991642773,4844221.157504724,0.0032882719970075414,6012,6012,256,0,0,0,0,fca4c20265249458c6707894dfc8241469550c81c81ffbc4b199fec184a773da,0c918b2a74cec677300c0196150cac12045495c98b548a7f799eeeaeb6aed729,951be9dcb3d2103e0c80cb78df593712af54d0e6fa11ad947823eba72457c77b
random_2048_20,baseline,0,4,30000,2048,20,0.006328577001113445,4740402.14644174,0.0032882719970075414,6012,6012,256,0,0,0,0,fca4c20265249458c6707894dfc8241469550c81c81ffbc4b199fec184a773da,0c918b2a74cec677300c0196150cac12045495c98b548a7f799eeeaeb6aed729,951be9dcb3d2103e0c80cb78df593712af54d0e6fa11ad947823eba72457c77b
random_2048_20,candidate,0,4,30000,2048,20,0.005719938999391161,5244811.1777404,0.004634102006093599,6012,6012,256,0,0,0,0,fca4c20265249458c6707894dfc8241469550c81c81ffbc4b199fec184a773da,0c918b2a74cec677300c0196150cac12045495c98b548a7f799eeeaeb6aed729,951be9dcb3d2103e0c80cb78df593712af54d0e6fa11ad947823eba72457c77b
random_2048_20,baseline,1,0,30000,2048,20,0.01563094799348619,1919269.3886833838,0.0032882719970075414,46192,46192,256,0,0,0,0,5a1bd1f9ac7eca919d4bd0927f477ed74980451e767067f3af1a103025467ec7,0c918b2a74cec677300c0196150cac12045495c98b548a7f799eeeaeb6aed729,951be9dcb3d2103e0c80cb78df593712af54d0e6fa11ad947823eba72457c77b
random_2048_20,candidate,1,0,30000,2048,20,0.015315675002057105,1958777.5266823426,0.004634102006093599,46192,46192,256,0,0,0,0,5a1bd1f9ac7eca919d4bd0927f477ed74980451e767067f3af1a103025467ec7,0c918b2a74cec677300c0196150cac12045495c98b548a7f799eeeaeb6aed729,951be9dcb3d2103e0c80cb78df593712af54d0e6fa11ad947823eba72457c77b
random_2048_20,candidate,1,1,30000,2048,20,0.014794973001698963,2027715.765115285,0.004634102006093599,46192,46192,256,0,0,0,0,5a1bd1f9ac7eca919d4bd0927f477ed74980451e767067f3af1a103025467ec7,0c918b2a74cec677300c0196150cac12045495c98b548a7f799eeeaeb6aed729,951be9dcb3d2103e0c80cb78df593712af54d0e6fa11ad947823eba72457c77b
random_2048_20,baseline,1,1,30000,2048,20,0.020574105001287535,1458143.6226811612,0.0032882719970075414,46192,46192,256,0,0,0,0,5a1bd1f9ac7eca919d4bd0927f477ed74980451e767067f3af1a103025467ec7,0c918b2a74cec677300c0196150cac12045495c98b548a7f799eeeaeb6aed729,951be9dcb3d2103e0c80cb78df593712af54d0e6fa11ad947823eba72457c77b
random_2048_20,baseline,1,2,30000,2048,20,0.018094041995937005,1658004.3313006824,0.0032882719970075414,46192,46192,256,0,0,0,0,5a1bd1f9ac7eca919d4bd0927f477ed74980451e767067f3af1a103025467ec7,0c918b2a74cec677300c0196150cac12045495c98b548a7f799eeeaeb6aed729,951be9dcb3d2103e0c80cb78df593712af54d0e6fa11ad947823eba72457c77b
random_2048_20,candidate,1,2,30000,2048,20,0.015194068007986061,1974454.7664412113,0.004634102006093599,46192,46192,256,0,0,0,0,5a1bd1f9ac7eca919d4bd0927f477ed74980451e767067f3af1a103025467ec7,0c918b2a74cec677300c0196150cac12045495c98b548a7f799eeeaeb6aed729,951be9dcb3d2103e0c80cb78df593712af54d0e6fa11ad947823eba72457c77b
random_2048_20,candidate,1,3,30000,2048,20,0.013269044997286983,2260901.2182967095,0.004634102006093599,46192,46192,256,0,0,0,0,5a1bd1f9ac7eca919d4bd0927f477ed74980451e767067f3af1a103025467ec7,0c918b2a74cec677300c0196150cac12045495c98b548a7f799eeeaeb6aed729,951be9dcb3d2103e0c80cb78df593712af54d0e6fa11ad947823eba72457c77b
random_2048_20,baseline,1,3,30000,2048,20,0.015565341993351467,1927358.8728608796,0.0032882719970075414,46192,46192,256,0,0,0,0,5a1bd1f9ac7eca919d4bd0927f477ed74980451e767067f3af1a103025467ec7,0c918b2a74cec677300c0196150cac12045495c98b548a7f799eeeaeb6aed729,951be9dcb3d2103e0c80cb78df593712af54d0e6fa11ad947823eba72457c77b
random_2048_20,baseline,1,4,30000,2048,20,0.016729541996028274,1793234.9855795358,0.0032882719970075414,46192,46192,256,0,0,0,0,5a1bd1f9ac7eca919d4bd0927f477ed74980451e767067f3af1a103025467ec7,0c918b2a74cec677300c0196150cac12045495c98b548a7f799eeeaeb6aed729,951be9dcb3d2103e0c80cb78df593712af54d0e6fa11ad947823eba72457c77b
random_2048_20,candidate,1,4,30000,2048,20,0.014461487997323275,2074475.324085101,0.004634102006093599,46192,46192,256,0,0,0,0,5a1bd1f9ac7eca919d4bd0927f477ed74980451e767067f3af1a103025467ec7,0c918b2a74cec677300c0196150cac12045495c98b548a7f799eeeaeb6aed729,951be9dcb3d2103e0c80cb78df593712af54d0e6fa11ad947823eba72457c77b
random_2048_20,baseline,2,0,30000,2048,20,0.015824376998352818,1895809.2317392807,0.0032882719970075414,75362,75362,256,0,0,0,0,e3d82f4aba8bbdb09b2b6cc4b3fa135543e741bf3e342873ffe337c6a0835935,0c918b2a74cec677300c0196150cac12045495c98b548a7f799eeeaeb6aed729,951be9dcb3d2103e0c80cb78df593712af54d0e6fa11ad947823eba72457c77b
random_2048_20,candidate,2,0,30000,2048,20,0.01567525599966757,1913844.3417215145,0.004634102006093599,75362,75362,256,0,0,0,0,e3d82f4aba8bbdb09b2b6cc4b3fa135543e741bf3e342873ffe337c6a0835935,0c918b2a74cec677300c0196150cac12045495c98b548a7f799eeeaeb6aed729,951be9dcb3d2103e0c80cb78df593712af54d0e6fa11ad947823eba72457c77b
random_2048_20,candidate,2,1,30000,2048,20,0.017950424997252412,1671269.6220057162,0.004634102006093599,75362,75362,256,0,0,0,0,e3d82f4aba8bbdb09b2b6cc4b3fa135543e741bf3e342873ffe337c6a0835935,0c918b2a74cec677300c0196150cac12045495c98b548a7f799eeeaeb6aed729,951be9dcb3d2103e0c80cb78df593712af54d0e6fa11ad947823eba72457c77b
random_2048_20,baseline,2,1,30000,2048,20,0.02210886099783238,1356922.005296487,0.0032882719970075414,75362,75362,256,0,0,0,0,e3d82f4aba8bbdb09b2b6cc4b3fa135543e741bf3e342873ffe337c6a0835935,0c918b2a74cec677300c0196150cac12045495c98b548a7f799eeeaeb6aed729,951be9dcb3d2103e0c80cb78df593712af54d0e6fa11ad947823eba72457c77b
random_2048_20,baseline,2,2,30000,2048,20,0.01930073299445212,1554345.1126246513,0.0032882719970075414,75362,75362,256,0,0,0,0,e3d82f4aba8bbdb09b2b6cc4b3fa135543e741bf3e342873ffe337c6a0835935,0c918b2a74cec677300c0196150cac12045495c98b548a7f799eeeaeb6aed729,951be9dcb3d2103e0c80cb78df593712af54d0e6fa11ad947823eba72457c77b
random_2048_20,candidate,2,2,30000,2048,20,0.015271456999471411,1964449.1027305636,0.004634102006093599,75362,75362,256,0,0,0,0,e3d82f4aba8bbdb09b2b6cc4b3fa135543e741bf3e342873ffe337c6a0835935,0c918b2a74cec677300c0196150cac12045495c98b548a7f799eeeaeb6aed729,951be9dcb3d2103e0c80cb78df593712af54d0e6fa11ad947823eba72457c77b
random_2048_20,candidate,2,3,30000,2048,20,0.018280573000083677,1641086.414515709,0.004634102006093599,75362,75362,256,0,0,0,0,e3d82f4aba8bbdb09b2b6cc4b3fa135543e741bf3e342873ffe337c6a0835935,0c918b2a74cec677300c0196150cac12045495c98b548a7f799eeeaeb6aed729,951be9dcb3d2103e0c80cb78df593712af54d0e6fa11ad947823eba72457c77b
random_2048_20,baseline,2,3,30000,2048,20,0.01684808799473103,1780617.4807124713,0.0032882719970075414,75362,75362,256,0,0,0,0,e3d82f4aba8bbdb09b2b6cc4b3fa135543e741bf3e342873ffe337c6a0835935,0c918b2a74cec677300c0196150cac12045495c98b548a7f799eeeaeb6aed729,951be9dcb3d2103e0c80cb78df593712af54d0e6fa11ad947823eba72457c77b
random_2048_20,baseline,2,4,30000,2048,20,0.017807700001867488,1684664.498888341,0.0032882719970075414,75362,75362,256,0,0,0,0,e3d82f4aba8bbdb09b2b6cc4b3fa135543e741bf3e342873ffe337c6a0835935,0c918b2a74cec677300c0196150cac12045495c98b548a7f799eeeaeb6aed729,951be9dcb3d2103e0c80cb78df593712af54d0e6fa11ad947823eba72457c77b
random_2048_20,candidate,2,4,30000,2048,20,0.01610283099580556,1863026.445959369,0.004634102006093599,75362,75362,256,0,0,0,0,e3d82f4aba8bbdb09b2b6cc4b3fa135543e741bf3e342873ffe337c6a0835935,0c918b2a74cec677300c0196150cac12045495c98b548a7f799eeeaeb6aed729,951be9dcb3d2103e0c80cb78df593712af54d0e6fa11ad947823eba72457c77b
random_2048_20,baseline,3,0,30000,2048,20,0.02290080599777866,1309997.5609116093,0.0032882719970075414,293336,293336,256,0,0,0,0,10958c7b1d1ac5d08867800e7f8c0e335b9674247e83d6dfdac3a8900b53d7e3,0c918b2a74cec677300c0196150cac12045495c98b548a7f799eeeaeb6aed729,951be9dcb3d2103e0c80cb78df593712af54d0e6fa11ad947823eba72457c77b
random_2048_20,candidate,3,0,30000,2048,20,0.017872438998892903,1678562.1706057205,0.004634102006093599,293336,293336,256,0,0,0,0,10958c7b1d1ac5d08867800e7f8c0e335b9674247e83d6dfdac3a8900b53d7e3,0c918b2a74cec677300c0196150cac12045495c98b548a7f799eeeaeb6aed729,951be9dcb3d2103e0c80cb78df593712af54d0e6fa11ad947823eba72457c77b
random_2048_20,candidate,3,1,30000,2048,20,0.03220590599812567,931506.1654140687,0.004634102006093599,293336,293336,256,0,0,0,0,10958c7b1d1ac5d08867800e7f8c0e335b9674247e83d6dfdac3a8900b53d7e3,0c918b2a74cec677300c0196150cac12045495c98b548a7f799eeeaeb6aed729,951be9dcb3d2103e0c80cb78df593712af54d0e6fa11ad947823eba72457c77b
random_2048_20,baseline,3,1,30000,2048,20,0.02422860600927379,1238205.779916399,0.0032882719970075414,293336,293336,256,0,0,0,0,10958c7b1d1ac5d08867800e7f8c0e335b9674247e83d6dfdac3a8900b53d7e3,0c918b2a74cec677300c0196150cac12045495c98b548a7f799eeeaeb6aed729,951be9dcb3d2103e0c80cb78df593712af54d0e6fa11ad947823eba72457c77b
random_2048_20,baseline,3,2,30000,2048,20,0.021214975000475533,1414095.4679101696,0.0032882719970075414,293336,293336,256,0,0,0,0,10958c7b1d1ac5d08867800e7f8c0e335b9674247e83d6dfdac3a8900b53d7e3,0c918b2a74cec677300c0196150cac12045495c98b548a7f799eeeaeb6aed729,951be9dcb3d2103e0c80cb78df593712af54d0e6fa11ad947823eba72457c77b
random_2048_20,candidate,3,2,30000,2048,20,0.019325244997162372,1552373.5923868008,0.004634102006093599,293336,293336,256,0,0,0,0,10958c7b1d1ac5d08867800e7f8c0e335b9674247e83d6dfdac3a8900b53d7e3,0c918b2a74cec677300c0196150cac12045495c98b548a7f799eeeaeb6aed729,951be9dcb3d2103e0c80cb78df593712af54d0e6fa11ad947823eba72457c77b
random_2048_20,candidate,3,3,30000,2048,20,0.020570387991028838,1458407.105062073,0.004634102006093599,293336,293336,256,0,0,0,0,10958c7b1d1ac5d08867800e7f8c0e335b9674247e83d6dfdac3a8900b53d7e3,0c918b2a74cec677300c0196150cac12045495c98b548a7f799eeeaeb6aed729,951be9dcb3d2103e0c80cb78df593712af54d0e6fa11ad947823eba72457c77b
random_2048_20,baseline,3,3,30000,2048,20,0.021978939999826252,1364942.986342251,0.0032882719970075414,293336,293336,256,0,0,0,0,10958c7b1d1ac5d08867800e7f8c0e335b9674247e83d6dfdac3a8900b53d7e3,0c918b2a74cec677300c0196150cac12045495c98b548a7f799eeeaeb6aed729,951be9dcb3d2103e0c80cb78df593712af54d0e6fa11ad947823eba72457c77b
random_2048_20,baseline,3,4,30000,2048,20,0.022334032008075155,1343241.5601962563,0.0032882719970075414,293336,293336,256,0,0,0,0,10958c7b1d1ac5d08867800e7f8c0e335b9674247e83d6dfdac3a8900b53d7e3,0c918b2a74cec677300c0196150cac12045495c98b548a7f799eeeaeb6aed729,951be9dcb3d2103e0c80cb78df593712af54d0e6fa11ad947823eba72457c77b
random_2048_20,candidate,3,4,30000,2048,20,0.020103835995541885,1492252.523680189,0.004634102006093599,293336,293336,256,0,0,0,0,10958c7b1d1ac5d08867800e7f8c0e335b9674247e83d6dfdac3a8900b53d7e3,0c918b2a74cec677300c0196150cac12045495c98b548a7f799eeeaeb6aed729,951be9dcb3d2103e0c80cb78df593712af54d0e6fa11ad947823eba72457c77b
random_65536_20,baseline,0,0,30000,65536,20,0.007309523003641516,4104234.9801832982,0.17622295599721838,6000,6000,256,0,0,0,0,60e36c8985a7c6e7b565f0223d3e481dbcffe927afad5dcfc1a71d513782c70b,50c27ed3832da95053a3e0f8eadaa0a0604a8e4d888796e3cefbc1b10aa60713,50a5186cdf2695abd34727fa3b8e04e95926f33386ab14c9ae0326a84ccd6608
random_65536_20,candidate,0,0,30000,65536,20,0.007559837002190761,3968339.5278636715,0.1704090970015386,6000,6000,256,0,0,0,0,60e36c8985a7c6e7b565f0223d3e481dbcffe927afad5dcfc1a71d513782c70b,50c27ed3832da95053a3e0f8eadaa0a0604a8e4d888796e3cefbc1b10aa60713,50a5186cdf2695abd34727fa3b8e04e95926f33386ab14c9ae0326a84ccd6608
random_65536_20,candidate,0,1,30000,65536,20,0.009118419999140315,3290043.6701564966,0.1704090970015386,6000,6000,256,0,0,0,0,60e36c8985a7c6e7b565f0223d3e481dbcffe927afad5dcfc1a71d513782c70b,50c27ed3832da95053a3e0f8eadaa0a0604a8e4d888796e3cefbc1b10aa60713,50a5186cdf2695abd34727fa3b8e04e95926f33386ab14c9ae0326a84ccd6608
random_65536_20,baseline,0,1,30000,65536,20,0.008150754001690075,3680641.078577447,0.17622295599721838,6000,6000,256,0,0,0,0,60e36c8985a7c6e7b565f0223d3e481dbcffe927afad5dcfc1a71d513782c70b,50c27ed3832da95053a3e0f8eadaa0a0604a8e4d888796e3cefbc1b10aa60713,50a5186cdf2695abd34727fa3b8e04e95926f33386ab14c9ae0326a84ccd6608
random_65536_20,baseline,0,2,30000,65536,20,0.008215415989980102,3651671.44750666,0.17622295599721838,6000,6000,256,0,0,0,0,60e36c8985a7c6e7b565f0223d3e481dbcffe927afad5dcfc1a71d513782c70b,50c27ed3832da95053a3e0f8eadaa0a0604a8e4d888796e3cefbc1b10aa60713,50a5186cdf2695abd34727fa3b8e04e95926f33386ab14c9ae0326a84ccd6608
random_65536_20,candidate,0,2,30000,65536,20,0.007888296007877216,3803102.7195280376,0.1704090970015386,6000,6000,256,0,0,0,0,60e36c8985a7c6e7b565f0223d3e481dbcffe927afad5dcfc1a71d513782c70b,50c27ed3832da95053a3e0f8eadaa0a0604a8e4d888796e3cefbc1b10aa60713,50a5186cdf2695abd34727fa3b8e04e95926f33386ab14c9ae0326a84ccd6608
random_65536_20,candidate,0,3,30000,65536,20,0.008458436001092196,3546754.9788313406,0.1704090970015386,6000,6000,256,0,0,0,0,60e36c8985a7c6e7b565f0223d3e481dbcffe927afad5dcfc1a71d513782c70b,50c27ed3832da95053a3e0f8eadaa0a0604a8e4d888796e3cefbc1b10aa60713,50a5186cdf2695abd34727fa3b8e04e95926f33386ab14c9ae0326a84ccd6608
random_65536_20,baseline,0,3,30000,65536,20,0.008232489999500103,3644097.958433192,0.17622295599721838,6000,6000,256,0,0,0,0,60e36c8985a7c6e7b565f0223d3e481dbcffe927afad5dcfc1a71d513782c70b,50c27ed3832da95053a3e0f8eadaa0a0604a8e4d888796e3cefbc1b10aa60713,50a5186cdf2695abd34727fa3b8e04e95926f33386ab14c9ae0326a84ccd6608
random_65536_20,baseline,0,4,30000,65536,20,0.007440891000442207,4031775.2266787835,0.17622295599721838,6000,6000,256,0,0,0,0,60e36c8985a7c6e7b565f0223d3e481dbcffe927afad5dcfc1a71d513782c70b,50c27ed3832da95053a3e0f8eadaa0a0604a8e4d888796e3cefbc1b10aa60713,50a5186cdf2695abd34727fa3b8e04e95926f33386ab14c9ae0326a84ccd6608
random_65536_20,candidate,0,4,30000,65536,20,0.007272898001247086,4124903.1671908353,0.1704090970015386,6000,6000,256,0,0,0,0,60e36c8985a7c6e7b565f0223d3e481dbcffe927afad5dcfc1a71d513782c70b,50c27ed3832da95053a3e0f8eadaa0a0604a8e4d888796e3cefbc1b10aa60713,50a5186cdf2695abd34727fa3b8e04e95926f33386ab14c9ae0326a84ccd6608
random_65536_20,baseline,1,0,30000,65536,20,0.030611030000727624,980038.89445363,0.17622295599721838,49879,49879,256,0,0,0,0,9f48698d68f450412826df0a3ad77fe2b47f966b78d62369981ab5feddce7c7c,50c27ed3832da95053a3e0f8eadaa0a0604a8e4d888796e3cefbc1b10aa60713,50a5186cdf2695abd34727fa3b8e04e95926f33386ab14c9ae0326a84ccd6608
random_65536_20,candidate,1,0,30000,65536,20,0.021631850002449937,1386843.9359833912,0.1704090970015386,49879,49879,256,0,0,0,0,9f48698d68f450412826df0a3ad77fe2b47f966b78d62369981ab5feddce7c7c,50c27ed3832da95053a3e0f8eadaa0a0604a8e4d888796e3cefbc1b10aa60713,50a5186cdf2695abd34727fa3b8e04e95926f33386ab14c9ae0326a84ccd6608
random_65536_20,candidate,1,1,30000,65536,20,0.021759829003713094,1378687.3047063379,0.1704090970015386,49879,49879,256,0,0,0,0,9f48698d68f450412826df0a3ad77fe2b47f966b78d62369981ab5feddce7c7c,50c27ed3832da95053a3e0f8eadaa0a0604a8e4d888796e3cefbc1b10aa60713,50a5186cdf2695abd34727fa3b8e04e95926f33386ab14c9ae0326a84ccd6608
random_65536_20,baseline,1,1,30000,65536,20,0.03308037298847921,906882.1566929731,0.17622295599721838,49879,49879,256,0,0,0,0,9f48698d68f450412826df0a3ad77fe2b47f966b78d62369981ab5feddce7c7c,50c27ed3832da95053a3e0f8eadaa0a0604a8e4d888796e3cefbc1b10aa60713,50a5186cdf2695abd34727fa3b8e04e95926f33386ab14c9ae0326a84ccd6608
random_65536_20,baseline,1,2,30000,65536,20,0.026391616003820673,1136724.6323854115,0.17622295599721838,49879,49879,256,0,0,0,0,9f48698d68f450412826df0a3ad77fe2b47f966b78d62369981ab5feddce7c7c,50c27ed3832da95053a3e0f8eadaa0a0604a8e4d888796e3cefbc1b10aa60713,50a5186cdf2695abd34727fa3b8e04e95926f33386ab14c9ae0326a84ccd6608
random_65536_20,candidate,1,2,30000,65536,20,0.020200986007694155,1485076.0249313372,0.1704090970015386,49879,49879,256,0,0,0,0,9f48698d68f450412826df0a3ad77fe2b47f966b78d62369981ab5feddce7c7c,50c27ed3832da95053a3e0f8eadaa0a0604a8e4d888796e3cefbc1b10aa60713,50a5186cdf2695abd34727fa3b8e04e95926f33386ab14c9ae0326a84ccd6608
random_65536_20,candidate,1,3,30000,65536,20,0.018407553987344727,1629765.69405284,0.1704090970015386,49879,49879,256,0,0,0,0,9f48698d68f450412826df0a3ad77fe2b47f966b78d62369981ab5feddce7c7c,50c27ed3832da95053a3e0f8eadaa0a0604a8e4d888796e3cefbc1b10aa60713,50a5186cdf2695abd34727fa3b8e04e95926f33386ab14c9ae0326a84ccd6608
random_65536_20,baseline,1,3,30000,65536,20,0.027611340003204532,1086510.107677434,0.17622295599721838,49879,49879,256,0,0,0,0,9f48698d68f450412826df0a3ad77fe2b47f966b78d62369981ab5feddce7c7c,50c27ed3832da95053a3e0f8eadaa0a0604a8e4d888796e3cefbc1b10aa60713,50a5186cdf2695abd34727fa3b8e04e95926f33386ab14c9ae0326a84ccd6608
random_65536_20,baseline,1,4,30000,65536,20,0.021492433996172622,1395840.0433074452,0.17622295599721838,49879,49879,256,0,0,0,0,9f48698d68f450412826df0a3ad77fe2b47f966b78d62369981ab5feddce7c7c,50c27ed3832da95053a3e0f8eadaa0a0604a8e4d888796e3cefbc1b10aa60713,50a5186cdf2695abd34727fa3b8e04e95926f33386ab14c9ae0326a84ccd6608
random_65536_20,candidate,1,4,30000,65536,20,0.028959403003682382,1035932.9574641197,0.1704090970015386,49879,49879,256,0,0,0,0,9f48698d68f450412826df0a3ad77fe2b47f966b78d62369981ab5feddce7c7c,50c27ed3832da95053a3e0f8eadaa0a0604a8e4d888796e3cefbc1b10aa60713,50a5186cdf2695abd34727fa3b8e04e95926f33386ab14c9ae0326a84ccd6608
random_65536_20,baseline,2,0,30000,65536,20,0.08350197000254411,359272.96085452795,0.17622295599721838,772254,772254,256,0,0,0,0,001710610d63fbbb7153d24fec8b70ae6c6924974e7c0e5a60438975b154d780,50c27ed3832da95053a3e0f8eadaa0a0604a8e4d888796e3cefbc1b10aa60713,50a5186cdf2695abd34727fa3b8e04e95926f33386ab14c9ae0326a84ccd6608
random_65536_20,candidate,2,0,30000,65536,20,0.03331521700602025,900489.4068250803,0.1704090970015386,772254,772254,256,0,0,0,0,001710610d63fbbb7153d24fec8b70ae6c6924974e7c0e5a60438975b154d780,50c27ed3832da95053a3e0f8eadaa0a0604a8e4d888796e3cefbc1b10aa60713,50a5186cdf2695abd34727fa3b8e04e95926f33386ab14c9ae0326a84ccd6608
random_65536_20,candidate,2,1,30000,65536,20,0.028735939995385706,1043988.8169594337,0.1704090970015386,772254,772254,256,0,0,0,0,001710610d63fbbb7153d24fec8b70ae6c6924974e7c0e5a60438975b154d780,50c27ed3832da95053a3e0f8eadaa0a0604a8e4d888796e3cefbc1b10aa60713,50a5186cdf2695abd34727fa3b8e04e95926f33386ab14c9ae0326a84ccd6608
random_65536_20,baseline,2,1,30000,65536,20,0.08903855500102509,336932.69168232364,0.17622295599721838,772254,772254,256,0,0,0,0,001710610d63fbbb7153d24fec8b70ae6c6924974e7c0e5a60438975b154d780,50c27ed3832da95053a3e0f8eadaa0a0604a8e4d888796e3cefbc1b10aa60713,50a5186cdf2695abd34727fa3b8e04e95926f33386ab14c9ae0326a84ccd6608
random_65536_20,baseline,2,2,30000,65536,20,0.09655399499752093,310706.97800510755,0.17622295599721838,772254,772254,256,0,0,0,0,001710610d63fbbb7153d24fec8b70ae6c6924974e7c0e5a60438975b154d780,50c27ed3832da95053a3e0f8eadaa0a0604a8e4d888796e3cefbc1b10aa60713,50a5186cdf2695abd34727fa3b8e04e95926f33386ab14c9ae0326a84ccd6608
random_65536_20,candidate,2,2,30000,65536,20,0.03117823600769043,962209.6642221899,0.1704090970015386,772254,772254,256,0,0,0,0,001710610d63fbbb7153d24fec8b70ae6c6924974e7c0e5a60438975b154d780,50c27ed3832da95053a3e0f8eadaa0a0604a8e4d888796e3cefbc1b10aa60713,50a5186cdf2695abd34727fa3b8e04e95926f33386ab14c9ae0326a84ccd6608
random_65536_20,candidate,2,3,30000,65536,20,0.02886286001012195,1039398.0357275497,0.1704090970015386,772254,772254,256,0,0,0,0,001710610d63fbbb7153d24fec8b70ae6c6924974e7c0e5a60438975b154d780,50c27ed3832da95053a3e0f8eadaa0a0604a8e4d888796e3cefbc1b10aa60713,50a5186cdf2695abd34727fa3b8e04e95926f33386ab14c9ae0326a84ccd6608
random_65536_20,baseline,2,3,30000,65536,20,0.08979275799356401,334102.6678582507,0.17622295599721838,772254,772254,256,0,0,0,0,001710610d63fbbb7153d24fec8b70ae6c6924974e7c0e5a60438975b154d780,50c27ed3832da95053a3e0f8eadaa0a0604a8e4d888796e3cefbc1b10aa60713,50a5186cdf2695abd34727fa3b8e04e95926f33386ab14c9ae0326a84ccd6608
random_65536_20,baseline,2,4,30000,65536,20,0.08778405899647623,341747.69705288106,0.17622295599721838,772254,772254,256,0,0,0,0,001710610d63fbbb7153d24fec8b70ae6c6924974e7c0e5a60438975b154d780,50c27ed3832da95053a3e0f8eadaa0a0604a8e4d888796e3cefbc1b10aa60713,50a5186cdf2695abd34727fa3b8e04e95926f33386ab14c9ae0326a84ccd6608
random_65536_20,candidate,2,4,30000,65536,20,0.0315085759939393,952121.7336438982,0.1704090970015386,772254,772254,256,0,0,0,0,001710610d63fbbb7153d24fec8b70ae6c6924974e7c0e5a60438975b154d780,50c27ed3832da95053a3e0f8eadaa0a0604a8e4d888796e3cefbc1b10aa60713,50a5186cdf2695abd34727fa3b8e04e95926f33386ab14c9ae0326a84ccd6608
random_65536_20,baseline,3,0,30000,65536,20,0.8461870589962928,35453.1538636204,0.17622295599721838,7723887,7723887,256,0,0,0,0,83b12e530870adf86e49ddff10168c501d4c89343222d8ee687bfbf73c6fe639,50c27ed3832da95053a3e0f8eadaa0a0604a8e4d888796e3cefbc1b10aa60713,50a5186cdf2695abd34727fa3b8e04e95926f33386ab14c9ae0326a84ccd6608
random_65536_20,candidate,3,0,30000,65536,20,0.08735214699117932,343437.46585907444,0.1704090970015386,7723887,7723887,256,0,0,0,0,83b12e530870adf86e49ddff10168c501d4c89343222d8ee687bfbf73c6fe639,50c27ed3832da95053a3e0f8eadaa0a0604a8e4d888796e3cefbc1b10aa60713,50a5186cdf2695abd34727fa3b8e04e95926f33386ab14c9ae0326a84ccd6608
random_65536_20,candidate,3,1,30000,65536,20,0.0690076280006906,434734.5484719424,0.1704090970015386,7723887,7723887,256,0,0,0,0,83b12e530870adf86e49ddff10168c501d4c89343222d8ee687bfbf73c6fe639,50c27ed3832da95053a3e0f8eadaa0a0604a8e4d888796e3cefbc1b10aa60713,50a5186cdf2695abd34727fa3b8e04e95926f33386ab14c9ae0326a84ccd6608
random_65536_20,baseline,3,1,30000,65536,20,0.851001160001033,35252.595895361155,0.17622295599721838,7723887,7723887,256,0,0,0,0,83b12e530870adf86e49ddff10168c501d4c89343222d8ee687bfbf73c6fe639,50c27ed3832da95053a3e0f8eadaa0a0604a8e4d888796e3cefbc1b10aa60713,50a5186cdf2695abd34727fa3b8e04e95926f33386ab14c9ae0326a84ccd6608
random_65536_20,baseline,3,2,30000,65536,20,0.8524757029954344,35191.618828062565,0.17622295599721838,7723887,7723887,256,0,0,0,0,83b12e530870adf86e49ddff10168c501d4c89343222d8ee687bfbf73c6fe639,50c27ed3832da95053a3e0f8eadaa0a0604a8e4d888796e3cefbc1b10aa60713,50a5186cdf2695abd34727fa3b8e04e95926f33386ab14c9ae0326a84ccd6608
random_65536_20,candidate,3,2,30000,65536,20,0.0680078949953895,441125.2546786488,0.1704090970015386,7723887,7723887,256,0,0,0,0,83b12e530870adf86e49ddff10168c501d4c89343222d8ee687bfbf73c6fe639,50c27ed3832da95053a3e0f8eadaa0a0604a8e4d888796e3cefbc1b10aa60713,50a5186cdf2695abd34727fa3b8e04e95926f33386ab14c9ae0326a84ccd6608
random_65536_20,candidate,3,3,30000,65536,20,0.06703480800206307,447528.6928408405,0.1704090970015386,7723887,7723887,256,0,0,0,0,83b12e530870adf86e49ddff10168c501d4c89343222d8ee687bfbf73c6fe639,50c27ed3832da95053a3e0f8eadaa0a0604a8e4d888796e3cefbc1b10aa60713,50a5186cdf2695abd34727fa3b8e04e95926f33386ab14c9ae0326a84ccd6608
random_65536_20,baseline,3,3,30000,65536,20,0.9216853230027482,32549.069895420856,0.17622295599721838,7723887,7723887,256,0,0,0,0,83b12e530870adf86e49ddff10168c501d4c89343222d8ee687bfbf73c6fe639,50c27ed3832da95053a3e0f8eadaa0a0604a8e4d888796e3cefbc1b10aa60713,50a5186cdf2695abd34727fa3b8e04e95926f33386ab14c9ae0326a84ccd6608
random_65536_20,baseline,3,4,30000,65536,20,0.8792375980119687,34120.469902370605,0.17622295599721838,7723887,7723887,256,0,0,0,0,83b12e530870adf86e49ddff10168c501d4c89343222d8ee687bfbf73c6fe639,50c27ed3832da95053a3e0f8eadaa0a0604a8e4d888796e3cefbc1b10aa60713,50a5186cdf2695abd34727fa3b8e04e95926f33386ab14c9ae0326a84ccd6608
random_65536_20,candidate,3,4,30000,65536,20,0.07441683400247712,403134.59181831614,0.1704090970015386,7723887,7723887,256,0,0,0,0,83b12e530870adf86e49ddff10168c501d4c89343222d8ee687bfbf73c6fe639,50c27ed3832da95053a3e0f8eadaa0a0604a8e4d888796e3cefbc1b10aa60713,50a5186cdf2695abd34727fa3b8e04e95926f33386ab14c9ae0326a84ccd6608
random_65536_32,baseline,0,0,30000,65536,32,0.012462368002161384,2407247.1615985837,0.20587432901083957,6000,6000,256,0,0,0,0,95cd3fd09bb1e9c5201645a6fae91646273fb47a29bdd37514d27a7e948947a0,4583d3937cd60cf991ff314d91bc1090702091930b8a79844c275781f5fff6b9,18fd9c06a6dd80d8ad1f28f2e8fa7723a43de9df56b86257c15650bf3358e9e7
random_65536_32,candidate,0,0,30000,65536,32,0.011692165993736126,2565820.568752785,0.23324704299739096,6000,6000,256,0,0,0,0,95cd3fd09bb1e9c5201645a6fae91646273fb47a29bdd37514d27a7e948947a0,4583d3937cd60cf991ff314d91bc1090702091930b8a79844c275781f5fff6b9,18fd9c06a6dd80d8ad1f28f2e8fa7723a43de9df56b86257c15650bf3358e9e7
random_65536_32,candidate,0,1,30000,65536,32,0.013967715000035241,2147810.146464494,0.23324704299739096,6000,6000,256,0,0,0,0,95cd3fd09bb1e9c5201645a6fae91646273fb47a29bdd37514d27a7e948947a0,4583d3937cd60cf991ff314d91bc1090702091930b8a79844c275781f5fff6b9,18fd9c06a6dd80d8ad1f28f2e8fa7723a43de9df56b86257c15650bf3358e9e7
random_65536_32,baseline,0,1,30000,65536,32,0.011175129999173805,2684532.529126547,0.20587432901083957,6000,6000,256,0,0,0,0,95cd3fd09bb1e9c5201645a6fae91646273fb47a29bdd37514d27a7e948947a0,4583d3937cd60cf991ff314d91bc1090702091930b8a79844c275781f5fff6b9,18fd9c06a6dd80d8ad1f28f2e8fa7723a43de9df56b86257c15650bf3358e9e7
random_65536_32,baseline,0,2,30000,65536,32,0.012374771002214402,2424287.285367273,0.20587432901083957,6000,6000,256,0,0,0,0,95cd3fd09bb1e9c5201645a6fae91646273fb47a29bdd37514d27a7e948947a0,4583d3937cd60cf991ff314d91bc1090702091930b8a79844c275781f5fff6b9,18fd9c06a6dd80d8ad1f28f2e8fa7723a43de9df56b86257c15650bf3358e9e7
random_65536_32,candidate,0,2,30000,65536,32,0.011018841003533453,2722609.3915303606,0.23324704299739096,6000,6000,256,0,0,0,0,95cd3fd09bb1e9c5201645a6fae91646273fb47a29bdd37514d27a7e948947a0,4583d3937cd60cf991ff314d91bc1090702091930b8a79844c275781f5fff6b9,18fd9c06a6dd80d8ad1f28f2e8fa7723a43de9df56b86257c15650bf3358e9e7
random_65536_32,candidate,0,3,30000,65536,32,0.010518504001083784,2852116.612486806,0.23324704299739096,6000,6000,256,0,0,0,0,95cd3fd09bb1e9c5201645a6fae91646273fb47a29bdd37514d27a7e948947a0,4583d3937cd60cf991ff314d91bc1090702091930b8a79844c275781f5fff6b9,18fd9c06a6dd80d8ad1f28f2e8fa7723a43de9df56b86257c15650bf3358e9e7
random_65536_32,baseline,0,3,30000,65536,32,0.010812099993927404,2774669.1222657436,0.20587432901083957,6000,6000,256,0,0,0,0,95cd3fd09bb1e9c5201645a6fae91646273fb47a29bdd37514d27a7e948947a0,4583d3937cd60cf991ff314d91bc1090702091930b8a79844c275781f5fff6b9,18fd9c06a6dd80d8ad1f28f2e8fa7723a43de9df56b86257c15650bf3358e9e7
random_65536_32,baseline,0,4,30000,65536,32,0.013935934999608435,2152708.088897008,0.20587432901083957,6000,6000,256,0,0,0,0,95cd3fd09bb1e9c5201645a6fae91646273fb47a29bdd37514d27a7e948947a0,4583d3937cd60cf991ff314d91bc1090702091930b8a79844c275781f5fff6b9,18fd9c06a6dd80d8ad1f28f2e8fa7723a43de9df56b86257c15650bf3358e9e7
random_65536_32,candidate,0,4,30000,65536,32,0.011700088012730703,2564083.275899926,0.23324704299739096,6000,6000,256,0,0,0,0,95cd3fd09bb1e9c5201645a6fae91646273fb47a29bdd37514d27a7e948947a0,4583d3937cd60cf991ff314d91bc1090702091930b8a79844c275781f5fff6b9,18fd9c06a6dd80d8ad1f28f2e8fa7723a43de9df56b86257c15650bf3358e9e7
random_65536_32,baseline,1,0,30000,65536,32,0.030397059003007598,986937.5848838432,0.20587432901083957,46256,46256,256,0,0,0,0,f365be39c2d7b3ae851b09a3670107bf70dbb37de64a07da1d9ad286c3233055,4583d3937cd60cf991ff314d91bc1090702091930b8a79844c275781f5fff6b9,18fd9c06a6dd80d8ad1f28f2e8fa7723a43de9df56b86257c15650bf3358e9e7
random_65536_32,candidate,1,0,30000,65536,32,0.03119696499197744,961632.0051554615,0.23324704299739096,46256,46256,256,0,0,0,0,f365be39c2d7b3ae851b09a3670107bf70dbb37de64a07da1d9ad286c3233055,4583d3937cd60cf991ff314d91bc1090702091930b8a79844c275781f5fff6b9,18fd9c06a6dd80d8ad1f28f2e8fa7723a43de9df56b86257c15650bf3358e9e7
random_65536_32,candidate,1,1,30000,65536,32,0.02630162300192751,1140614.0221005166,0.23324704299739096,46256,46256,256,0,0,0,0,f365be39c2d7b3ae851b09a3670107bf70dbb37de64a07da1d9ad286c3233055,4583d3937cd60cf991ff314d91bc1090702091930b8a79844c275781f5fff6b9,18fd9c06a6dd80d8ad1f28f2e8fa7723a43de9df56b86257c15650bf3358e9e7
random_65536_32,baseline,1,1,30000,65536,32,0.031167146997177042,962552.0103818692,0.20587432901083957,46256,46256,256,0,0,0,0,f365be39c2d7b3ae851b09a3670107bf70dbb37de64a07da1d9ad286c3233055,4583d3937cd60cf991ff314d91bc1090702091930b8a79844c275781f5fff6b9,18fd9c06a6dd80d8ad1f28f2e8fa7723a43de9df56b86257c15650bf3358e9e7
random_65536_32,baseline,1,2,30000,65536,32,0.03608367400011048,831400.9266325859,0.20587432901083957,46256,46256,256,0,0,0,0,f365be39c2d7b3ae851b09a3670107bf70dbb37de64a07da1d9ad286c3233055,4583d3937cd60cf991ff314d91bc1090702091930b8a79844c275781f5fff6b9,18fd9c06a6dd80d8ad1f28f2e8fa7723a43de9df56b86257c15650bf3358e9e7
random_65536_32,candidate,1,2,30000,65536,32,0.029670360003365204,1011110.077417241,0.23324704299739096,46256,46256,256,0,0,0,0,f365be39c2d7b3ae851b09a3670107bf70dbb37de64a07da1d9ad286c3233055,4583d3937cd60cf991ff314d91bc1090702091930b8a79844c275781f5fff6b9,18fd9c06a6dd80d8ad1f28f2e8fa7723a43de9df56b86257c15650bf3358e9e7
random_65536_32,candidate,1,3,30000,65536,32,0.027941505002672784,1073671.5863061172,0.23324704299739096,46256,46256,256,0,0,0,0,f365be39c2d7b3ae851b09a3670107bf70dbb37de64a07da1d9ad286c3233055,4583d3937cd60cf991ff314d91bc1090702091930b8a79844c275781f5fff6b9,18fd9c06a6dd80d8ad1f28f2e8fa7723a43de9df56b86257c15650bf3358e9e7
random_65536_32,baseline,1,3,30000,65536,32,0.03153013098926749,951470.8330964965,0.20587432901083957,46256,46256,256,0,0,0,0,f365be39c2d7b3ae851b09a3670107bf70dbb37de64a07da1d9ad286c3233055,4583d3937cd60cf991ff314d91bc1090702091930b8a79844c275781f5fff6b9,18fd9c06a6dd80d8ad1f28f2e8fa7723a43de9df56b86257c15650bf3358e9e7
random_65536_32,baseline,1,4,30000,65536,32,0.03375251399120316,888822.6817065784,0.20587432901083957,46256,46256,256,0,0,0,0,f365be39c2d7b3ae851b09a3670107bf70dbb37de64a07da1d9ad286c3233055,4583d3937cd60cf991ff314d91bc1090702091930b8a79844c275781f5fff6b9,18fd9c06a6dd80d8ad1f28f2e8fa7723a43de9df56b86257c15650bf3358e9e7
random_65536_32,candidate,1,4,30000,65536,32,0.02841293200617656,1055857.2411139559,0.23324704299739096,46256,46256,256,0,0,0,0,f365be39c2d7b3ae851b09a3670107bf70dbb37de64a07da1d9ad286c3233055,4583d3937cd60cf991ff314d91bc1090702091930b8a79844c275781f5fff6b9,18fd9c06a6dd80d8ad1f28f2e8fa7723a43de9df56b86257c15650bf3358e9e7
random_65536_32,baseline,2,0,30000,65536,32,0.03495346099953167,858284.105267915,0.20587432901083957,55251,55251,256,0,0,0,0,8644654217e6632d9fcd6879f256c634f3035f51597c92cd9eaf26252e12596f,4583d3937cd60cf991ff314d91bc1090702091930b8a79844c275781f5fff6b9,18fd9c06a6dd80d8ad1f28f2e8fa7723a43de9df56b86257c15650bf3358e9e7
random_65536_32,candidate,2,0,30000,65536,32,0.028961815987713635,1035846.6476248171,0.23324704299739096,55251,55251,256,0,0,0,0,8644654217e6632d9fcd6879f256c634f3035f51597c92cd9eaf26252e12596f,4583d3937cd60cf991ff314d91bc1090702091930b8a79844c275781f5fff6b9,18fd9c06a6dd80d8ad1f28f2e8fa7723a43de9df56b86257c15650bf3358e9e7
random_65536_32,candidate,2,1,30000,65536,32,0.028197442996315658,1063926.257565974,0.23324704299739096,55251,55251,256,0,0,0,0,8644654217e6632d9fcd6879f256c634f3035f51597c92cd9eaf26252e12596f,4583d3937cd60cf991ff314d91bc1090702091930b8a79844c275781f5fff6b9,18fd9c06a6dd80d8ad1f28f2e8fa7723a43de9df56b86257c15650bf3358e9e7
random_65536_32,baseline,2,1,30000,65536,32,0.04241440899204463,707306.8024035626,0.20587432901083957,55251,55251,256,0,0,0,0,8644654217e6632d9fcd6879f256c634f3035f51597c92cd9eaf26252e12596f,4583d3937cd60cf991ff314d91bc1090702091930b8a79844c275781f5fff6b9,18fd9c06a6dd80d8ad1f28f2e8fa7723a43de9df56b86257c15650bf3358e9e7
random_65536_32,baseline,2,2,30000,65536,32,0.03468334900389891,864968.3742082567,0.20587432901083957,55251,55251,256,0,0,0,0,8644654217e6632d9fcd6879f256c634f3035f51597c92cd9eaf26252e12596f,4583d3937cd60cf991ff314d91bc1090702091930b8a79844c275781f5fff6b9,18fd9c06a6dd80d8ad1f28f2e8fa7723a43de9df56b86257c15650bf3358e9e7
random_65536_32,candidate,2,2,30000,65536,32,0.030894914991222322,971033.5829868255,0.23324704299739096,55251,55251,256,0,0,0,0,8644654217e6632d9fcd6879f256c634f3035f51597c92cd9eaf26252e12596f,4583d3937cd60cf991ff314d91bc1090702091930b8a79844c275781f5fff6b9,18fd9c06a6dd80d8ad1f28f2e8fa7723a43de9df56b86257c15650bf3358e9e7
random_65536_32,candidate,2,3,30000,65536,32,0.02724957000464201,1100934.8035543112,0.23324704299739096,55251,55251,256,0,0,0,0,8644654217e6632d9fcd6879f256c634f3035f51597c92cd9eaf26252e12596f,4583d3937cd60cf991ff314d91bc1090702091930b8a79844c275781f5fff6b9,18fd9c06a6dd80d8ad1f28f2e8fa7723a43de9df56b86257c15650bf3358e9e7
random_65536_32,baseline,2,3,30000,65536,32,0.040237023000372574,745581.997945579,0.20587432901083957,55251,55251,256,0,0,0,0,8644654217e6632d9fcd6879f256c634f3035f51597c92cd9eaf26252e12596f,4583d3937cd60cf991ff314d91bc1090702091930b8a79844c275781f5fff6b9,18fd9c06a6dd80d8ad1f28f2e8fa7723a43de9df56b86257c15650bf3358e9e7
random_65536_32,baseline,2,4,30000,65536,32,0.04517473600571975,664087.9981280152,0.20587432901083957,55251,55251,256,0,0,0,0,8644654217e6632d9fcd6879f256c634f3035f51597c92cd9eaf26252e12596f,4583d3937cd60cf991ff314d91bc1090702091930b8a79844c275781f5fff6b9,18fd9c06a6dd80d8ad1f28f2e8fa7723a43de9df56b86257c15650bf3358e9e7
random_65536_32,candidate,2,4,30000,65536,32,0.03124542799196206,960140.4726386706,0.23324704299739096,55251,55251,256,0,0,0,0,8644654217e6632d9fcd6879f256c634f3035f51597c92cd9eaf26252e12596f,4583d3937cd60cf991ff314d91bc1090702091930b8a79844c275781f5fff6b9,18fd9c06a6dd80d8ad1f28f2e8fa7723a43de9df56b86257c15650bf3358e9e7
random_65536_32,baseline,3,0,30000,65536,32,0.06263978700735606,478928.8315504165,0.20587432901083957,173927,173927,256,0,0,0,0,f7cf37cf623b71731418d3dc5e94ff34882f85031af11417e1faac731a5b4797,4583d3937cd60cf991ff314d91bc1090702091930b8a79844c275781f5fff6b9,18fd9c06a6dd80d8ad1f28f2e8fa7723a43de9df56b86257c15650bf3358e9e7
random_65536_32,candidate,3,0,30000,65536,32,0.03918621801130939,765575.2844365283,0.23324704299739096,173927,173927,256,0,0,0,0,f7cf37cf623b71731418d3dc5e94ff34882f85031af11417e1faac731a5b4797,4583d3937cd60cf991ff314d91bc1090702091930b8a79844c275781f5fff6b9,18fd9c06a6dd80d8ad1f28f2e8fa7723a43de9df56b86257c15650bf3358e9e7
random_65536_32,candidate,3,1,30000,65536,32,0.036569597010384314,820353.5847409308,0.23324704299739096,173927,173927,256,0,0,0,0,f7cf37cf623b71731418d3dc5e94ff34882f85031af11417e1faac731a5b4797,4583d3937cd60cf991ff314d91bc1090702091930b8a79844c275781f5fff6b9,18fd9c06a6dd80d8ad1f28f2e8fa7723a43de9df56b86257c15650bf3358e9e7
random_65536_32,baseline,3,1,30000,65536,32,0.05298648099415004,566182.1550918269,0.20587432901083957,173927,173927,256,0,0,0,0,f7cf37cf623b71731418d3dc5e94ff34882f85031af11417e1faac731a5b4797,4583d3937cd60cf991ff314d91bc1090702091930b8a79844c275781f5fff6b9,18fd9c06a6dd80d8ad1f28f2e8fa7723a43de9df56b86257c15650bf3358e9e7
random_65536_32,baseline,3,2,30000,65536,32,0.058865521001280285,509636.19262534886,0.20587432901083957,173927,173927,256,0,0,0,0,f7cf37cf623b71731418d3dc5e94ff34882f85031af11417e1faac731a5b4797,4583d3937cd60cf991ff314d91bc1090702091930b8a79844c275781f5fff6b9,18fd9c06a6dd80d8ad1f28f2e8fa7723a43de9df56b86257c15650bf3358e9e7
random_65536_32,candidate,3,2,30000,65536,32,0.04593273399223108,653128.9865104505,0.23324704299739096,173927,173927,256,0,0,0,0,f7cf37cf623b71731418d3dc5e94ff34882f85031af11417e1faac731a5b4797,4583d3937cd60cf991ff314d91bc1090702091930b8a79844c275781f5fff6b9,18fd9c06a6dd80d8ad1f28f2e8fa7723a43de9df56b86257c15650bf3358e9e7
random_65536_32,candidate,3,3,30000,65536,32,0.033884154006955214,885369.603556933,0.23324704299739096,173927,173927,256,0,0,0,0,f7cf37cf623b71731418d3dc5e94ff34882f85031af11417e1faac731a5b4797,4583d3937cd60cf991ff314d91bc1090702091930b8a79844c275781f5fff6b9,18fd9c06a6dd80d8ad1f28f2e8fa7723a43de9df56b86257c15650bf3358e9e7
random_65536_32,baseline,3,3,30000,65536,32,0.057018266001250595,526147.1823668226,0.20587432901083957,173927,173927,256,0,0,0,0,f7cf37cf623b71731418d3dc5e94ff34882f85031af11417e1faac731a5b4797,4583d3937cd60cf991ff314d91bc1090702091930b8a79844c275781f5fff6b9,18fd9c06a6dd80d8ad1f28f2e8fa7723a43de9df56b86257c15650bf3358e9e7
random_65536_32,baseline,3,4,30000,65536,32,0.05825337200076319,514991.6471720635,0.20587432901083957,173927,173927,256,0,0,0,0,f7cf37cf623b71731418d3dc5e94ff34882f85031af11417e1faac731a5b4797,4583d3937cd60cf991ff314d91bc1090702091930b8a79844c275781f5fff6b9,18fd9c06a6dd80d8ad1f28f2e8fa7723a43de9df56b86257c15650bf3358e9e7
random_65536_32,candidate,3,4,30000,65536,32,0.037734379002358764,795030.971574349,0.23324704299739096,173927,173927,256,0,0,0,0,f7cf37cf623b71731418d3dc5e94ff34882f85031af11417e1faac731a5b4797,4583d3937cd60cf991ff314d91bc1090702091930b8a79844c275781f5fff6b9,18fd9c06a6dd80d8ad1f28f2e8fa7723a43de9df56b86257c15650bf3358e9e7
dense_shared_seed_1024_8,baseline,0,0,30000,1024,8,0.002906587003963068,10321383.794497,0.0004056350007886067,10177,10177,30000,0,0,0,0,4a49d031a1ac05b15ac862cba1a0995657a93f99a1b314c087b0d5a6b6c499dc,edb653711d2a08f3a54c3e29b2635b8a919875100681eb220955d3201b137aa4,c16258506f8bdf7c9d927d0f15f38972a797cb3defc2553c33bb28bfa0d2cd3a
dense_shared_seed_1024_8,candidate,0,0,30000,1024,8,0.0040033440018305555,7493735.233915023,0.0003645690012490377,10177,10177,30000,0,0,0,0,4a49d031a1ac05b15ac862cba1a0995657a93f99a1b314c087b0d5a6b6c499dc,edb653711d2a08f3a54c3e29b2635b8a919875100681eb220955d3201b137aa4,c16258506f8bdf7c9d927d0f15f38972a797cb3defc2553c33bb28bfa0d2cd3a
dense_shared_seed_1024_8,candidate,0,1,30000,1024,8,0.003383069997653365,8867685.274265451,0.0003645690012490377,10177,10177,30000,0,0,0,0,4a49d031a1ac05b15ac862cba1a0995657a93f99a1b314c087b0d5a6b6c499dc,edb653711d2a08f3a54c3e29b2635b8a919875100681eb220955d3201b137aa4,c16258506f8bdf7c9d927d0f15f38972a797cb3defc2553c33bb28bfa0d2cd3a
dense_shared_seed_1024_8,baseline,0,1,30000,1024,8,0.0046775619994150475,6413597.511642101,0.0004056350007886067,10177,10177,30000,0,0,0,0,4a49d031a1ac05b15ac862cba1a0995657a93f99a1b314c087b0d5a6b6c499dc,edb653711d2a08f3a54c3e29b2635b8a919875100681eb220955d3201b137aa4,c16258506f8bdf7c9d927d0f15f38972a797cb3defc2553c33bb28bfa0d2cd3a
dense_shared_seed_1024_8,baseline,0,2,30000,1024,8,0.0030947390041546896,9693870.778674705,0.0004056350007886067,10177,10177,30000,0,0,0,0,4a49d031a1ac05b15ac862cba1a0995657a93f99a1b314c087b0d5a6b6c499dc,edb653711d2a08f3a54c3e29b2635b8a919875100681eb220955d3201b137aa4,c16258506f8bdf7c9d927d0f15f38972a797cb3defc2553c33bb28bfa0d2cd3a
dense_shared_seed_1024_8,candidate,0,2,30000,1024,8,0.0032141169940587133,9333823.27259864,0.0003645690012490377,10177,10177,30000,0,0,0,0,4a49d031a1ac05b15ac862cba1a0995657a93f99a1b314c087b0d5a6b6c499dc,edb653711d2a08f3a54c3e29b2635b8a919875100681eb220955d3201b137aa4,c16258506f8bdf7c9d927d0f15f38972a797cb3defc2553c33bb28bfa0d2cd3a
dense_shared_seed_1024_8,candidate,0,3,30000,1024,8,0.002951593996840529,10163999.531139059,0.0003645690012490377,10177,10177,30000,0,0,0,0,4a49d031a1ac05b15ac862cba1a0995657a93f99a1b314c087b0d5a6b6c499dc,edb653711d2a08f3a54c3e29b2635b8a919875100681eb220955d3201b137aa4,c16258506f8bdf7c9d927d0f15f38972a797cb3defc2553c33bb28bfa0d2cd3a
dense_shared_seed_1024_8,baseline,0,3,30000,1024,8,0.003082570998230949,9732135.940167038,0.0004056350007886067,10177,10177,30000,0,0,0,0,4a49d031a1ac05b15ac862cba1a0995657a93f99a1b314c087b0d5a6b6c499dc,edb653711d2a08f3a54c3e29b2635b8a919875100681eb220955d3201b137aa4,c16258506f8bdf7c9d927d0f15f38972a797cb3defc2553c33bb28bfa0d2cd3a
dense_shared_seed_1024_8,baseline,0,4,30000,1024,8,0.002688245993340388,11159693.002172876,0.0004056350007886067,10177,10177,30000,0,0,0,0,4a49d031a1ac05b15ac862cba1a0995657a93f99a1b314c087b0d5a6b6c499dc,edb653711d2a08f3a54c3e29b2635b8a919875100681eb220955d3201b137aa4,c16258506f8bdf7c9d927d0f15f38972a797cb3defc2553c33bb28bfa0d2cd3a
dense_shared_seed_1024_8,candidate,0,4,30000,1024,8,0.0028025530045852065,10704525.463360565,0.0003645690012490377,10177,10177,30000,0,0,0,0,4a49d031a1ac05b15ac862cba1a0995657a93f99a1b314c087b0d5a6b6c499dc,edb653711d2a08f3a54c3e29b2635b8a919875100681eb220955d3201b137aa4,c16258506f8bdf7c9d927d0f15f38972a797cb3defc2553c33bb28bfa0d2cd3a
dense_shared_seed_1024_8,baseline,1,0,30000,1024,8,0.038922680003452115,770758.8479862962,0.0004056350007886067,1192387,1192387,30000,0,0,0,0,f810a37ca9222632e16d2e609535729cc083da8cc31ae0dbe49322d4e44d38bc,edb653711d2a08f3a54c3e29b2635b8a919875100681eb220955d3201b137aa4,c16258506f8bdf7c9d927d0f15f38972a797cb3defc2553c33bb28bfa0d2cd3a
dense_shared_seed_1024_8,candidate,1,0,30000,1024,8,0.012936535000335425,2319013.5534145846,0.0003645690012490377,1192387,1192387,30000,0,0,0,0,f810a37ca9222632e16d2e609535729cc083da8cc31ae0dbe49322d4e44d38bc,edb653711d2a08f3a54c3e29b2635b8a919875100681eb220955d3201b137aa4,c16258506f8bdf7c9d927d0f15f38972a797cb3defc2553c33bb28bfa0d2cd3a
dense_shared_seed_1024_8,candidate,1,1,30000,1024,8,0.0131984899926465,2272987.2899638074,0.0003645690012490377,1192387,1192387,30000,0,0,0,0,f810a37ca9222632e16d2e609535729cc083da8cc31ae0dbe49322d4e44d38bc,edb653711d2a08f3a54c3e29b2635b8a919875100681eb220955d3201b137aa4,c16258506f8bdf7c9d927d0f15f38972a797cb3defc2553c33bb28bfa0d2cd3a
dense_shared_seed_1024_8,baseline,1,1,30000,1024,8,0.04619192199606914,649464.207238507,0.0004056350007886067,1192387,1192387,30000,0,0,0,0,f810a37ca9222632e16d2e609535729cc083da8cc31ae0dbe49322d4e44d38bc,edb653711d2a08f3a54c3e29b2635b8a919875100681eb220955d3201b137aa4,c16258506f8bdf7c9d927d0f15f38972a797cb3defc2553c33bb28bfa0d2cd3a
dense_shared_seed_1024_8,baseline,1,2,30000,1024,8,0.04026635899208486,745038.8053684487,0.0004056350007886067,1192387,1192387,30000,0,0,0,0,f810a37ca9222632e16d2e609535729cc083da8cc31ae0dbe49322d4e44d38bc,edb653711d2a08f3a54c3e29b2635b8a919875100681eb220955d3201b137aa4,c16258506f8bdf7c9d927d0f15f38972a797cb3defc2553c33bb28bfa0d2cd3a
dense_shared_seed_1024_8,candidate,1,2,30000,1024,8,0.013512733989045955,2220128.0676670894,0.0003645690012490377,1192387,1192387,30000,0,0,0,0,f810a37ca9222632e16d2e609535729cc083da8cc31ae0dbe49322d4e44d38bc,edb653711d2a08f3a54c3e29b2635b8a919875100681eb220955d3201b137aa4,c16258506f8bdf7c9d927d0f15f38972a797cb3defc2553c33bb28bfa0d2cd3a
dense_shared_seed_1024_8,candidate,1,3,30000,1024,8,0.013608844004920684,2204448.8120484445,0.0003645690012490377,1192387,1192387,30000,0,0,0,0,f810a37ca9222632e16d2e609535729cc083da8cc31ae0dbe49322d4e44d38bc,edb653711d2a08f3a54c3e29b2635b8a919875100681eb220955d3201b137aa4,c16258506f8bdf7c9d927d0f15f38972a797cb3defc2553c33bb28bfa0d2cd3a
dense_shared_seed_1024_8,baseline,1,3,30000,1024,8,0.04142270299780648,724240.520991318,0.0004056350007886067,1192387,1192387,30000,0,0,0,0,f810a37ca9222632e16d2e609535729cc083da8cc31ae0dbe49322d4e44d38bc,edb653711d2a08f3a54c3e29b2635b8a919875100681eb220955d3201b137aa4,c16258506f8bdf7c9d927d0f15f38972a797cb3defc2553c33bb28bfa0d2cd3a
dense_shared_seed_1024_8,baseline,1,4,30000,1024,8,0.042319020998547785,708901.0873155473,0.0004056350007886067,1192387,1192387,30000,0,0,0,0,f810a37ca9222632e16d2e609535729cc083da8cc31ae0dbe49322d4e44d38bc,edb653711d2a08f3a54c3e29b2635b8a919875100681eb220955d3201b137aa4,c16258506f8bdf7c9d927d0f15f38972a797cb3defc2553c33bb28bfa0d2cd3a
dense_shared_seed_1024_8,candidate,1,4,30000,1024,8,0.012265680998098105,2445848.7062113998,0.0003645690012490377,1192387,1192387,30000,0,0,0,0,f810a37ca9222632e16d2e609535729cc083da8cc31ae0dbe49322d4e44d38bc,edb653711d2a08f3a54c3e29b2635b8a919875100681eb220955d3201b137aa4,c16258506f8bdf7c9d927d0f15f38972a797cb3defc2553c33bb28bfa0d2cd3a
dense_shared_seed_1024_8,baseline,2,0,30000,1024,8,0.2498605820001103,120066.95798053795,0.0004056350007886067,6230866,6230866,30000,0,0,0,0,b72c6cfc504aac9d874ad712b6dc160609ecec1f9cff5d79cadbc00f4f0ef8d5,edb653711d2a08f3a54c3e29b2635b8a919875100681eb220955d3201b137aa4,c16258506f8bdf7c9d927d0f15f38972a797cb3defc2553c33bb28bfa0d2cd3a
dense_shared_seed_1024_8,candidate,2,0,30000,1024,8,0.04952640399278607,605737.4972018915,0.0003645690012490377,6230866,6230866,30000,0,0,0,0,b72c6cfc504aac9d874ad712b6dc160609ecec1f9cff5d79cadbc00f4f0ef8d5,edb653711d2a08f3a54c3e29b2635b8a919875100681eb220955d3201b137aa4,c16258506f8bdf7c9d927d0f15f38972a797cb3defc2553c33bb28bfa0d2cd3a
dense_shared_seed_1024_8,candidate,2,1,30000,1024,8,0.05961534100060817,503226.1746132418,0.0003645690012490377,6230866,6230866,30000,0,0,0,0,b72c6cfc504aac9d874ad712b6dc160609ecec1f9cff5d79cadbc00f4f0ef8d5,edb653711d2a08f3a54c3e29b2635b8a919875100681eb220955d3201b137aa4,c16258506f8bdf7c9d927d0f15f38972a797cb3defc2553c33bb28bfa0d2cd3a
dense_shared_seed_1024_8,baseline,2,1,30000,1024,8,0.25116895099927206,119441.51488727183,0.0004056350007886067,6230866,6230866,30000,0,0,0,0,b72c6cfc504aac9d874ad712b6dc160609ecec1f9cff5d79cadbc00f4f0ef8d5,edb653711d2a08f3a54c3e29b2635b8a919875100681eb220955d3201b137aa4,c16258506f8bdf7c9d927d0f15f38972a797cb3defc2553c33bb28bfa0d2cd3a
dense_shared_seed_1024_8,baseline,2,2,30000,1024,8,0.254054367003846,118084.96092313126,0.0004056350007886067,6230866,6230866,30000,0,0,0,0,b72c6cfc504aac9d874ad712b6dc160609ecec1f9cff5d79cadbc00f4f0ef8d5,edb653711d2a08f3a54c3e29b2635b8a919875100681eb220955d3201b137aa4,c16258506f8bdf7c9d927d0f15f38972a797cb3defc2553c33bb28bfa0d2cd3a
dense_shared_seed_1024_8,candidate,2,2,30000,1024,8,0.05146257599699311,582947.8882237232,0.0003645690012490377,6230866,6230866,30000,0,0,0,0,b72c6cfc504aac9d874ad712b6dc160609ecec1f9cff5d79cadbc00f4f0ef8d5,edb653711d2a08f3a54c3e29b2635b8a919875100681eb220955d3201b137aa4,c16258506f8bdf7c9d927d0f15f38972a797cb3defc2553c33bb28bfa0d2cd3a
dense_shared_seed_1024_8,candidate,2,3,30000,1024,8,0.04981226401287131,602261.3224776956,0.0003645690012490377,6230866,6230866,30000,0,0,0,0,b72c6cfc504aac9d874ad712b6dc160609ecec1f9cff5d79cadbc00f4f0ef8d5,edb653711d2a08f3a54c3e29b2635b8a919875100681eb220955d3201b137aa4,c16258506f8bdf7c9d927d0f15f38972a797cb3defc2553c33bb28bfa0d2cd3a
dense_shared_seed_1024_8,baseline,2,3,30000,1024,8,0.25019931100541726,119904.40692840455,0.0004056350007886067,6230866,6230866,30000,0,0,0,0,b72c6cfc504aac9d874ad712b6dc160609ecec1f9cff5d79cadbc00f4f0ef8d5,edb653711d2a08f3a54c3e29b2635b8a919875100681eb220955d3201b137aa4,c16258506f8bdf7c9d927d0f15f38972a797cb3defc2553c33bb28bfa0d2cd3a
dense_shared_seed_1024_8,baseline,2,4,30000,1024,8,0.2526445679977769,118743.89478369462,0.0004056350007886067,6230866,6230866,30000,0,0,0,0,b72c6cfc504aac9d874ad712b6dc160609ecec1f9cff5d79cadbc00f4f0ef8d5,edb653711d2a08f3a54c3e29b2635b8a919875100681eb220955d3201b137aa4,c16258506f8bdf7c9d927d0f15f38972a797cb3defc2553c33bb28bfa0d2cd3a
dense_shared_seed_1024_8,candidate,2,4,30000,1024,8,0.04946593700151425,606477.9486352728,0.0003645690012490377,6230866,6230866,30000,0,0,0,0,b72c6cfc504aac9d874ad712b6dc160609ecec1f9cff5d79cadbc00f4f0ef8d5,edb653711d2a08f3a54c3e29b2635b8a919875100681eb220955d3201b137aa4,c16258506f8bdf7c9d927d0f15f38972a797cb3defc2553c33bb28bfa0d2cd3a
dense_shared_seed_1024_8,baseline,3,0,30000,1024,8,0.6481038950005313,46288.87471811198,0.0004056350007886067,19086399,19086399,30000,0,0,0,0,ff4552c32693ab0953244302d09c326c4bd3e419f8b5f26987df8e50246c59c8,edb653711d2a08f3a54c3e29b2635b8a919875100681eb220955d3201b137aa4,c16258506f8bdf7c9d927d0f15f38972a797cb3defc2553c33bb28bfa0d2cd3a
dense_shared_seed_1024_8,candidate,3,0,30000,1024,8,0.14568310500180814,205926.41816377852,0.0003645690012490377,19086399,19086399,30000,0,0,0,0,ff4552c32693ab0953244302d09c326c4bd3e419f8b5f26987df8e50246c59c8,edb653711d2a08f3a54c3e29b2635b8a919875100681eb220955d3201b137aa4,c16258506f8bdf7c9d927d0f15f38972a797cb3defc2553c33bb28bfa0d2cd3a
dense_shared_seed_1024_8,candidate,3,1,30000,1024,8,0.15089937299489975,198807.983125377,0.0003645690012490377,19086399,19086399,30000,0,0,0,0,ff4552c32693ab0953244302d09c326c4bd3e419f8b5f26987df8e50246c59c8,edb653711d2a08f3a54c3e29b2635b8a919875100681eb220955d3201b137aa4,c16258506f8bdf7c9d927d0f15f38972a797cb3defc2553c33bb28bfa0d2cd3a
dense_shared_seed_1024_8,baseline,3,1,30000,1024,8,0.6632537819969002,45231.55512159629,0.0004056350007886067,19086399,19086399,30000,0,0,0,0,ff4552c32693ab0953244302d09c326c4bd3e419f8b5f26987df8e50246c59c8,edb653711d2a08f3a54c3e29b2635b8a919875100681eb220955d3201b137aa4,c16258506f8bdf7c9d927d0f15f38972a797cb3defc2553c33bb28bfa0d2cd3a
dense_shared_seed_1024_8,baseline,3,2,30000,1024,8,0.6442583429889055,46565.171140541395,0.0004056350007886067,19086399,19086399,30000,0,0,0,0,ff4552c32693ab0953244302d09c326c4bd3e419f8b5f26987df8e50246c59c8,edb653711d2a08f3a54c3e29b2635b8a919875100681eb220955d3201b137aa4,c16258506f8bdf7c9d927d0f15f38972a797cb3defc2553c33bb28bfa0d2cd3a
dense_shared_seed_1024_8,candidate,3,2,30000,1024,8,0.15845970400550868,189322.58007346196,0.0003645690012490377,19086399,19086399,30000,0,0,0,0,ff4552c32693ab0953244302d09c326c4bd3e419f8b5f26987df8e50246c59c8,edb653711d2a08f3a54c3e29b2635b8a919875100681eb220955d3201b137aa4,c16258506f8bdf7c9d927d0f15f38972a797cb3defc2553c33bb28bfa0d2cd3a
dense_shared_seed_1024_8,candidate,3,3,30000,1024,8,0.15495088200259488,193609.74014654272,0.0003645690012490377,19086399,19086399,30000,0,0,0,0,ff4552c32693ab0953244302d09c326c4bd3e419f8b5f26987df8e50246c59c8,edb653711d2a08f3a54c3e29b2635b8a919875100681eb220955d3201b137aa4,c16258506f8bdf7c9d927d0f15f38972a797cb3defc2553c33bb28bfa0d2cd3a
dense_shared_seed_1024_8,baseline,3,3,30000,1024,8,0.6454096770030446,46482.10441979239,0.0004056350007886067,19086399,19086399,30000,0,0,0,0,ff4552c32693ab0953244302d09c326c4bd3e419f8b5f26987df8e50246c59c8,edb653711d2a08f3a54c3e29b2635b8a919875100681eb220955d3201b137aa4,c16258506f8bdf7c9d927d0f15f38972a797cb3defc2553c33bb28bfa0d2cd3a
dense_shared_seed_1024_8,baseline,3,4,30000,1024,8,0.6714104429993313,44682.05746991916,0.0004056350007886067,19086399,19086399,30000,0,0,0,0,ff4552c32693ab0953244302d09c326c4bd3e419f8b5f26987df8e50246c59c8,edb653711d2a08f3a54c3e29b2635b8a919875100681eb220955d3201b137aa4,c16258506f8bdf7c9d927d0f15f38972a797cb3defc2553c33bb28bfa0d2cd3a
dense_shared_seed_1024_8,candidate,3,4,30000,1024,8,0.15668611800356302,191465.5898189896,0.0003645690012490377,19086399,19086399,30000,0,0,0,0,ff4552c32693ab0953244302d09c326c4bd3e419f8b5f26987df8e50246c59c8,edb653711d2a08f3a54c3e29b2635b8a919875100681eb220955d3201b137aa4,c16258506f8bdf7c9d927d0f15f38972a797cb3defc2553c33bb28bfa0d2cd3a
dense_literal_reads_1024_8,baseline,0,0,3000,1024,8,0.00022726200404576957,13200622.8344084,0.00048437398800160736,1354,1354,3000,0,0,0,0,fafe37a9515553bb0b55b2efb4dbbb79555db325cc353a2d3ce08521cf873f19,edb653711d2a08f3a54c3e29b2635b8a919875100681eb220955d3201b137aa4,587103dcc0ae9312552282371bea4dadd41c24f86a9091a327e0837bb422d590
dense_literal_reads_1024_8,candidate,0,0,3000,1024,8,0.00025396999262738973,11812419.132528892,0.00046843200107105076,1354,1354,3000,0,0,0,0,fafe37a9515553bb0b55b2efb4dbbb79555db325cc353a2d3ce08521cf873f19,edb653711d2a08f3a54c3e29b2635b8a919875100681eb220955d3201b137aa4,587103dcc0ae9312552282371bea4dadd41c24f86a9091a327e0837bb422d590
dense_literal_reads_1024_8,candidate,0,1,3000,1024,8,0.00029244000324979424,10258514.453091023,0.00046843200107105076,1354,1354,3000,0,0,0,0,fafe37a9515553bb0b55b2efb4dbbb79555db325cc353a2d3ce08521cf873f19,edb653711d2a08f3a54c3e29b2635b8a919875100681eb220955d3201b137aa4,587103dcc0ae9312552282371bea4dadd41c24f86a9091a327e0837bb422d590
dense_literal_reads_1024_8,baseline,0,1,3000,1024,8,0.00028133700834587216,10663367.815128814,0.00048437398800160736,1354,1354,3000,0,0,0,0,fafe37a9515553bb0b55b2efb4dbbb79555db325cc353a2d3ce08521cf873f19,edb653711d2a08f3a54c3e29b2635b8a919875100681eb220955d3201b137aa4,587103dcc0ae9312552282371bea4dadd41c24f86a9091a327e0837bb422d590
dense_literal_reads_1024_8,baseline,0,2,3000,1024,8,0.0002638199948705733,11371389.804899972,0.00048437398800160736,1354,1354,3000,0,0,0,0,fafe37a9515553bb0b55b2efb4dbbb79555db325cc353a2d3ce08521cf873f19,edb653711d2a08f3a54c3e29b2635b8a919875100681eb220955d3201b137aa4,587103dcc0ae9312552282371bea4dadd41c24f86a9091a327e0837bb422d590
dense_literal_reads_1024_8,candidate,0,2,3000,1024,8,0.00033426399750169367,8974942.029121157,0.00046843200107105076,1354,1354,3000,0,0,0,0,fafe37a9515553bb0b55b2efb4dbbb79555db325cc353a2d3ce08521cf873f19,edb653711d2a08f3a54c3e29b2635b8a919875100681eb220955d3201b137aa4,587103dcc0ae9312552282371bea4dadd41c24f86a9091a327e0837bb422d590
dense_literal_reads_1024_8,candidate,0,3,3000,1024,8,0.0002974219969473779,10086678.291420327,0.00046843200107105076,1354,1354,3000,0,0,0,0,fafe37a9515553bb0b55b2efb4dbbb79555db325cc353a2d3ce08521cf873f19,edb653711d2a08f3a54c3e29b2635b8a919875100681eb220955d3201b137aa4,587103dcc0ae9312552282371bea4dadd41c24f86a9091a327e0837bb422d590
dense_literal_reads_1024_8,baseline,0,3,3000,1024,8,0.0002373790048295632,12638017.427674294,0.00048437398800160736,1354,1354,3000,0,0,0,0,fafe37a9515553bb0b55b2efb4dbbb79555db325cc353a2d3ce08521cf873f19,edb653711d2a08f3a54c3e29b2635b8a919875100681eb220955d3201b137aa4,587103dcc0ae9312552282371bea4dadd41c24f86a9091a327e0837bb422d590
dense_literal_reads_1024_8,baseline,0,4,3000,1024,8,0.000326162000419572,9197883.24863358,0.00048437398800160736,1354,1354,3000,0,0,0,0,fafe37a9515553bb0b55b2efb4dbbb79555db325cc353a2d3ce08521cf873f19,edb653711d2a08f3a54c3e29b2635b8a919875100681eb220955d3201b137aa4,587103dcc0ae9312552282371bea4dadd41c24f86a9091a327e0837bb422d590
dense_literal_reads_1024_8,candidate,0,4,3000,1024,8,0.0002667989901965484,11244420.369769493,0.00046843200107105076,1354,1354,3000,0,0,0,0,fafe37a9515553bb0b55b2efb4dbbb79555db325cc353a2d3ce08521cf873f19,edb653711d2a08f3a54c3e29b2635b8a919875100681eb220955d3201b137aa4,587103dcc0ae9312552282371bea4dadd41c24f86a9091a327e0837bb422d590
dense_literal_reads_1024_8,baseline,1,0,3000,1024,8,0.00645937499939464,464441.2192017268,0.00048437398800160736,100654,100654,3000,0,0,0,0,9db29ac3fc258504acf0306792770849e43bf64dbb6dbbf0904e0d54517f2e26,edb653711d2a08f3a54c3e29b2635b8a919875100681eb220955d3201b137aa4,587103dcc0ae9312552282371bea4dadd41c24f86a9091a327e0837bb422d590
dense_literal_reads_1024_8,candidate,1,0,3000,1024,8,0.001995968006667681,1503030.1036781524,0.00046843200107105076,100654,100654,3000,0,0,0,0,9db29ac3fc258504acf0306792770849e43bf64dbb6dbbf0904e0d54517f2e26,edb653711d2a08f3a54c3e29b2635b8a919875100681eb220955d3201b137aa4,587103dcc0ae9312552282371bea4dadd41c24f86a9091a327e0837bb422d590
dense_literal_reads_1024_8,candidate,1,1,3000,1024,8,0.0019906550005543977,1507041.6516998173,0.00046843200107105076,100654,100654,3000,0,0,0,0,9db29ac3fc258504acf0306792770849e43bf64dbb6dbbf0904e0d54517f2e26,edb653711d2a08f3a54c3e29b2635b8a919875100681eb220955d3201b137aa4,587103dcc0ae9312552282371bea4dadd41c24f86a9091a327e0837bb422d590
dense_literal_reads_1024_8,baseline,1,1,3000,1024,8,0.005036393995396793,595664.2793915579,0.00048437398800160736,100654,100654,3000,0,0,0,0,9db29ac3fc258504acf0306792770849e43bf64dbb6dbbf0904e0d54517f2e26,edb653711d2a08f3a54c3e29b2635b8a919875100681eb220955d3201b137aa4,587103dcc0ae9312552282371bea4dadd41c24f86a9091a327e0837bb422d590
dense_literal_reads_1024_8,baseline,1,2,3000,1024,8,0.003896750000421889,769872.3294220053,0.00048437398800160736,100654,100654,3000,0,0,0,0,9db29ac3fc258504acf0306792770849e43bf64dbb6dbbf0904e0d54517f2e26,edb653711d2a08f3a54c3e29b2635b8a919875100681eb220955d3201b137aa4,587103dcc0ae9312552282371bea4dadd41c24f86a9091a327e0837bb422d590
dense_literal_reads_1024_8,candidate,1,2,3000,1024,8,0.002203695010393858,1361349.9081544054,0.00046843200107105076,100654,100654,3000,0,0,0,0,9db29ac3fc258504acf0306792770849e43bf64dbb6dbbf0904e0d54517f2e26,edb653711d2a08f3a54c3e29b2635b8a919875100681eb220955d3201b137aa4,587103dcc0ae9312552282371bea4dadd41c24f86a9091a327e0837bb422d590
dense_literal_reads_1024_8,candidate,1,3,3000,1024,8,0.003968453995184973,755961.8943901018,0.00046843200107105076,100654,100654,3000,0,0,0,0,9db29ac3fc258504acf0306792770849e43bf64dbb6dbbf0904e0d54517f2e26,edb653711d2a08f3a54c3e29b2635b8a919875100681eb220955d3201b137aa4,587103dcc0ae9312552282371bea4dadd41c24f86a9091a327e0837bb422d590
dense_literal_reads_1024_8,baseline,1,3,3000,1024,8,0.004248744997312315,706090.8578645576,0.00048437398800160736,100654,100654,3000,0,0,0,0,9db29ac3fc258504acf0306792770849e43bf64dbb6dbbf0904e0d54517f2e26,edb653711d2a08f3a54c3e29b2635b8a919875100681eb220955d3201b137aa4,587103dcc0ae9312552282371bea4dadd41c24f86a9091a327e0837bb422d590
dense_literal_reads_1024_8,baseline,1,4,3000,1024,8,0.004527219003648497,662658.4659549919,0.00048437398800160736,100654,100654,3000,0,0,0,0,9db29ac3fc258504acf0306792770849e43bf64dbb6dbbf0904e0d54517f2e26,edb653711d2a08f3a54c3e29b2635b8a919875100681eb220955d3201b137aa4,587103dcc0ae9312552282371bea4dadd41c24f86a9091a327e0837bb422d590
dense_literal_reads_1024_8,candidate,1,4,3000,1024,8,0.0015464059979422018,1939982.1288795385,0.00046843200107105076,100654,100654,3000,0,0,0,0,9db29ac3fc258504acf0306792770849e43bf64dbb6dbbf0904e0d54517f2e26,edb653711d2a08f3a54c3e29b2635b8a919875100681eb220955d3201b137aa4,587103dcc0ae9312552282371bea4dadd41c24f86a9091a327e0837bb422d590
dense_literal_reads_1024_8,baseline,2,0,3000,1024,8,0.023531172002549283,127490.46242469312,0.00048437398800160736,523600,523600,3000,0,0,0,0,743220349f40d319f808439d972b25e887152922f490efaff6aeb4bf7ca818f7,edb653711d2a08f3a54c3e29b2635b8a919875100681eb220955d3201b137aa4,587103dcc0ae9312552282371bea4dadd41c24f86a9091a327e0837bb422d590
dense_literal_reads_1024_8,candidate,2,0,3000,1024,8,0.00731120900309179,410328.85241433384,0.00046843200107105076,523600,523600,3000,0,0,0,0,743220349f40d319f808439d972b25e887152922f490efaff6aeb4bf7ca818f7,edb653711d2a08f3a54c3e29b2635b8a919875100681eb220955d3201b137aa4,587103dcc0ae9312552282371bea4dadd41c24f86a9091a327e0837bb422d590
dense_literal_reads_1024_8,candidate,2,1,3000,1024,8,0.0061330919997999445,489149.68177517265,0.00046843200107105076,523600,523600,3000,0,0,0,0,743220349f40d319f808439d972b25e887152922f490efaff6aeb4bf7ca818f7,edb653711d2a08f3a54c3e29b2635b8a919875100681eb220955d3201b137aa4,587103dcc0ae9312552282371bea4dadd41c24f86a9091a327e0837bb422d590
dense_literal_reads_1024_8,baseline,2,1,3000,1024,8,0.025211341999238357,118994.06227921667,0.00048437398800160736,523600,523600,3000,0,0,0,0,743220349f40d319f808439d972b25e887152922f490efaff6aeb4bf7ca818f7,edb653711d2a08f3a54c3e29b2635b8a919875100681eb220955d3201b137aa4,587103dcc0ae9312552282371bea4dadd41c24f86a9091a327e0837bb422d590
dense_literal_reads_1024_8,baseline,2,2,3000,1024,8,0.026577522003208287,112877.34046980969,0.00048437398800160736,523600,523600,3000,0,0,0,0,743220349f40d319f808439d972b25e887152922f490efaff6aeb4bf7ca818f7,edb653711d2a08f3a54c3e29b2635b8a919875100681eb220955d3201b137aa4,587103dcc0ae9312552282371bea4dadd41c24f86a9091a327e0837bb422d590
dense_literal_reads_1024_8,candidate,2,2,3000,1024,8,0.006005963994539343,499503.4939815852,0.00046843200107105076,523600,523600,3000,0,0,0,0,743220349f40d319f808439d972b25e887152922f490efaff6aeb4bf7ca818f7,edb653711d2a08f3a54c3e29b2635b8a919875100681eb220955d3201b137aa4,587103dcc0ae9312552282371bea4dadd41c24f86a9091a327e0837bb422d590
dense_literal_reads_1024_8,candidate,2,3,3000,1024,8,0.006267971999477595,478623.70799519133,0.00046843200107105076,523600,523600,3000,0,0,0,0,743220349f40d319f808439d972b25e887152922f490efaff6aeb4bf7ca818f7,edb653711d2a08f3a54c3e29b2635b8a919875100681eb220955d3201b137aa4,587103dcc0ae9312552282371bea4dadd41c24f86a9091a327e0837bb422d590
dense_literal_reads_1024_8,baseline,2,3,3000,1024,8,0.023949702008394524,125262.51888012973,0.00048437398800160736,523600,523600,3000,0,0,0,0,743220349f40d319f808439d972b25e887152922f490efaff6aeb4bf7ca818f7,edb653711d2a08f3a54c3e29b2635b8a919875100681eb220955d3201b137aa4,587103dcc0ae9312552282371bea4dadd41c24f86a9091a327e0837bb422d590
dense_literal_reads_1024_8,baseline,2,4,3000,1024,8,0.028254529010155238,106177.66797392872,0.00048437398800160736,523600,523600,3000,0,0,0,0,743220349f40d319f808439d972b25e887152922f490efaff6aeb4bf7ca818f7,edb653711d2a08f3a54c3e29b2635b8a919875100681eb220955d3201b137aa4,587103dcc0ae9312552282371bea4dadd41c24f86a9091a327e0837bb422d590
dense_literal_reads_1024_8,candidate,2,4,3000,1024,8,0.005754897996666841,521295.07799053245,0.00046843200107105076,523600,523600,3000,0,0,0,0,743220349f40d319f808439d972b25e887152922f490efaff6aeb4bf7ca818f7,edb653711d2a08f3a54c3e29b2635b8a919875100681eb220955d3201b137aa4,587103dcc0ae9312552282371bea4dadd41c24f86a9091a327e0837bb422d590
dense_literal_reads_1024_8,baseline,3,0,3000,1024,8,0.07456996600376442,40230.67410073051,0.00048437398800160736,1617373,1617373,3000,10,10,4,4,b6efe246a2152e54345cae7d55c6772955e351ad933e4ae5986face961acd8e4,edb653711d2a08f3a54c3e29b2635b8a919875100681eb220955d3201b137aa4,587103dcc0ae9312552282371bea4dadd41c24f86a9091a327e0837bb422d590
dense_literal_reads_1024_8,candidate,3,0,3000,1024,8,0.03347981700790115,89606.22452900528,0.00046843200107105076,1617373,1617373,3000,0,10,4,4,9d3b330b0402ff122969ac4f63f5b2264eb653a038abffc751d80a308ceca6c8,edb653711d2a08f3a54c3e29b2635b8a919875100681eb220955d3201b137aa4,587103dcc0ae9312552282371bea4dadd41c24f86a9091a327e0837bb422d590
dense_literal_reads_1024_8,candidate,3,1,3000,1024,8,0.023146603009081446,129608.65137847512,0.00046843200107105076,1617373,1617373,3000,0,10,4,4,9d3b330b0402ff122969ac4f63f5b2264eb653a038abffc751d80a308ceca6c8,edb653711d2a08f3a54c3e29b2635b8a919875100681eb220955d3201b137aa4,587103dcc0ae9312552282371bea4dadd41c24f86a9091a327e0837bb422d590
dense_literal_reads_1024_8,baseline,3,1,3000,1024,8,0.06915675099298824,43379.71285412423,0.00048437398800160736,1617373,1617373,3000,10,10,4,4,b6efe246a2152e54345cae7d55c6772955e351ad933e4ae5986face961acd8e4,edb653711d2a08f3a54c3e29b2635b8a919875100681eb220955d3201b137aa4,587103dcc0ae9312552282371bea4dadd41c24f86a9091a327e0837bb422d590
dense_literal_reads_1024_8,baseline,3,2,3000,1024,8,0.07261403200391214,41314.32888671397,0.00048437398800160736,1617373,1617373,3000,10,10,4,4,b6efe246a2152e54345cae7d55c6772955e351ad933e4ae5986face961acd8e4,edb653711d2a08f3a54c3e29b2635b8a919875100681eb220955d3201b137aa4,587103dcc0ae9312552282371bea4dadd41c24f86a9091a327e0837bb422d590
dense_literal_reads_1024_8,candidate,3,2,3000,1024,8,0.028606531996047124,104871.15321824199,0.00046843200107105076,1617373,1617373,3000,0,10,4,4,9d3b330b0402ff122969ac4f63f5b2264eb653a038abffc751d80a308ceca6c8,edb653711d2a08f3a54c3e29b2635b8a919875100681eb220955d3201b137aa4,587103dcc0ae9312552282371bea4dadd41c24f86a9091a327e0837bb422d590
dense_literal_reads_1024_8,candidate,3,3,3000,1024,8,0.020906650999677368,143495.00549113753,0.00046843200107105076,1617373,1617373,3000,0,10,4,4,9d3b330b0402ff122969ac4f63f5b2264eb653a038abffc751d80a308ceca6c8,edb653711d2a08f3a54c3e29b2635b8a919875100681eb220955d3201b137aa4,587103dcc0ae9312552282371bea4dadd41c24f86a9091a327e0837bb422d590
dense_literal_reads_1024_8,baseline,3,3,3000,1024,8,0.07931267000094522,37824.978026389064,0.00048437398800160736,1617373,1617373,3000,10,10,4,4,b6efe246a2152e54345cae7d55c6772955e351ad933e4ae5986face961acd8e4,edb653711d2a08f3a54c3e29b2635b8a919875100681eb220955d3201b137aa4,587103dcc0ae9312552282371bea4dadd41c24f86a9091a327e0837bb422d590
dense_literal_reads_1024_8,baseline,3,4,3000,1024,8,0.06936645199311897,43248.572095017844,0.00048437398800160736,1617373,1617373,3000,10,10,4,4,b6efe246a2152e54345cae7d55c6772955e351ad933e4ae5986face961acd8e4,edb653711d2a08f3a54c3e29b2635b8a919875100681eb220955d3201b137aa4,587103dcc0ae9312552282371bea4dadd41c24f86a9091a327e0837bb422d590
dense_literal_reads_1024_8,candidate,3,4,3000,1024,8,0.03227497299667448,92951.27838864842,0.00046843200107105076,1617373,1617373,3000,0,10,4,4,9d3b330b0402ff122969ac4f63f5b2264eb653a038abffc751d80a308ceca6c8,edb653711d2a08f3a54c3e29b2635b8a919875100681eb220955d3201b137aa4,587103dcc0ae9312552282371bea4dadd41c24f86a9091a327e0837bb422d590
yusa_library_simulated_reads,baseline,0,0,30000,87437,19,0.008930030002375133,3359451.1991584413,0.18511758900422137,6000,6000,256,0,0,0,0,b8af3073df3c277b5de07178b9134ba72249cec6f62ba76abf2970ec52c89fb1,02f8ccb3d723f0e11e563b5439e1f883187322dcf8d61d37cbb6fc8d0d93138f,25839cd88d2bbc570420f28fae844a5017ad7b7aba0b7de4d03c362ca13ae595
yusa_library_simulated_reads,candidate,0,0,30000,87437,19,0.007957028996315785,3770251.436043581,0.19342872400011402,6000,6000,256,0,0,0,0,b8af3073df3c277b5de07178b9134ba72249cec6f62ba76abf2970ec52c89fb1,02f8ccb3d723f0e11e563b5439e1f883187322dcf8d61d37cbb6fc8d0d93138f,25839cd88d2bbc570420f28fae844a5017ad7b7aba0b7de4d03c362ca13ae595
yusa_library_simulated_reads,candidate,0,1,30000,87437,19,0.007124424999346957,4210866.140460441,0.19342872400011402,6000,6000,256,0,0,0,0,b8af3073df3c277b5de07178b9134ba72249cec6f62ba76abf2970ec52c89fb1,02f8ccb3d723f0e11e563b5439e1f883187322dcf8d61d37cbb6fc8d0d93138f,25839cd88d2bbc570420f28fae844a5017ad7b7aba0b7de4d03c362ca13ae595
yusa_library_simulated_reads,baseline,0,1,30000,87437,19,0.00774515800003428,3873387.7346165464,0.18511758900422137,6000,6000,256,0,0,0,0,b8af3073df3c277b5de07178b9134ba72249cec6f62ba76abf2970ec52c89fb1,02f8ccb3d723f0e11e563b5439e1f883187322dcf8d61d37cbb6fc8d0d93138f,25839cd88d2bbc570420f28fae844a5017ad7b7aba0b7de4d03c362ca13ae595
yusa_library_simulated_reads,baseline,0,2,30000,87437,19,0.008954673990956508,3350205.717181615,0.18511758900422137,6000,6000,256,0,0,0,0,b8af3073df3c277b5de07178b9134ba72249cec6f62ba76abf2970ec52c89fb1,02f8ccb3d723f0e11e563b5439e1f883187322dcf8d61d37cbb6fc8d0d93138f,25839cd88d2bbc570420f28fae844a5017ad7b7aba0b7de4d03c362ca13ae595
yusa_library_simulated_reads,candidate,0,2,30000,87437,19,0.00730143699911423,4108780.2310201996,0.19342872400011402,6000,6000,256,0,0,0,0,b8af3073df3c277b5de07178b9134ba72249cec6f62ba76abf2970ec52c89fb1,02f8ccb3d723f0e11e563b5439e1f883187322dcf8d61d37cbb6fc8d0d93138f,25839cd88d2bbc570420f28fae844a5017ad7b7aba0b7de4d03c362ca13ae595
yusa_library_simulated_reads,candidate,0,3,30000,87437,19,0.009202215005643666,3260084.662399343,0.19342872400011402,6000,6000,256,0,0,0,0,b8af3073df3c277b5de07178b9134ba72249cec6f62ba76abf2970ec52c89fb1,02f8ccb3d723f0e11e563b5439e1f883187322dcf8d61d37cbb6fc8d0d93138f,25839cd88d2bbc570420f28fae844a5017ad7b7aba0b7de4d03c362ca13ae595
yusa_library_simulated_reads,baseline,0,3,30000,87437,19,0.00914027499675285,3282176.959736739,0.18511758900422137,6000,6000,256,0,0,0,0,b8af3073df3c277b5de07178b9134ba72249cec6f62ba76abf2970ec52c89fb1,02f8ccb3d723f0e11e563b5439e1f883187322dcf8d61d37cbb6fc8d0d93138f,25839cd88d2bbc570420f28fae844a5017ad7b7aba0b7de4d03c362ca13ae595
yusa_library_simulated_reads,baseline,0,4,30000,87437,19,0.008351605996722355,3592123.4804148693,0.18511758900422137,6000,6000,256,0,0,0,0,b8af3073df3c277b5de07178b9134ba72249cec6f62ba76abf2970ec52c89fb1,02f8ccb3d723f0e11e563b5439e1f883187322dcf8d61d37cbb6fc8d0d93138f,25839cd88d2bbc570420f28fae844a5017ad7b7aba0b7de4d03c362ca13ae595
yusa_library_simulated_reads,candidate,0,4,30000,87437,19,0.008507605001796037,3526256.8012580173,0.19342872400011402,6000,6000,256,0,0,0,0,b8af3073df3c277b5de07178b9134ba72249cec6f62ba76abf2970ec52c89fb1,02f8ccb3d723f0e11e563b5439e1f883187322dcf8d61d37cbb6fc8d0d93138f,25839cd88d2bbc570420f28fae844a5017ad7b7aba0b7de4d03c362ca13ae595
yusa_library_simulated_reads,baseline,1,0,30000,87437,19,0.01810858900716994,1656672.4214747907,0.18511758900422137,32689,32689,256,0,0,0,0,30cb374f711cc0e0f905711b55f2110838fe8ce0bdf247854b0e25c23bcd2a67,02f8ccb3d723f0e11e563b5439e1f883187322dcf8d61d37cbb6fc8d0d93138f,25839cd88d2bbc570420f28fae844a5017ad7b7aba0b7de4d03c362ca13ae595
yusa_library_simulated_reads,candidate,1,0,30000,87437,19,0.012564312011818402,2387715.2980426643,0.19342872400011402,32689,32689,256,0,0,0,0,30cb374f711cc0e0f905711b55f2110838fe8ce0bdf247854b0e25c23bcd2a67,02f8ccb3d723f0e11e563b5439e1f883187322dcf8d61d37cbb6fc8d0d93138f,25839cd88d2bbc570420f28fae844a5017ad7b7aba0b7de4d03c362ca13ae595
yusa_library_simulated_reads,candidate,1,1,30000,87437,19,0.011663994009722956,2572017.7818157645,0.19342872400011402,32689,32689,256,0,0,0,0,30cb374f711cc0e0f905711b55f2110838fe8ce0bdf247854b0e25c23bcd2a67,02f8ccb3d723f0e11e563b5439e1f883187322dcf8d61d37cbb6fc8d0d93138f,25839cd88d2bbc570420f28fae844a5017ad7b7aba0b7de4d03c362ca13ae595
yusa_library_simulated_reads,baseline,1,1,30000,87437,19,0.022048920989618637,1360610.798783532,0.18511758900422137,32689,32689,256,0,0,0,0,30cb374f711cc0e0f905711b55f2110838fe8ce0bdf247854b0e25c23bcd2a67,02f8ccb3d723f0e11e563b5439e1f883187322dcf8d61d37cbb6fc8d0d93138f,25839cd88d2bbc570420f28fae844a5017ad7b7aba0b7de4d03c362ca13ae595
yusa_library_simulated_reads,baseline,1,2,30000,87437,19,0.04660252699977718,643741.915543409,0.18511758900422137,32689,32689,256,0,0,0,0,30cb374f711cc0e0f905711b55f2110838fe8ce0bdf247854b0e25c23bcd2a67,02f8ccb3d723f0e11e563b5439e1f883187322dcf8d61d37cbb6fc8d0d93138f,25839cd88d2bbc570420f28fae844a5017ad7b7aba0b7de4d03c362ca13ae595
yusa_library_simulated_reads,candidate,1,2,30000,87437,19,0.014922474001650698,2010390.5020495565,0.19342872400011402,32689,32689,256,0,0,0,0,30cb374f711cc0e0f905711b55f2110838fe8ce0bdf247854b0e25c23bcd2a67,02f8ccb3d723f0e11e563b5439e1f883187322dcf8d61d37cbb6fc8d0d93138f,25839cd88d2bbc570420f28fae844a5017ad7b7aba0b7de4d03c362ca13ae595
yusa_library_simulated_reads,candidate,1,3,30000,87437,19,0.03281006700126454,914353.5122571911,0.19342872400011402,32689,32689,256,0,0,0,0,30cb374f711cc0e0f905711b55f2110838fe8ce0bdf247854b0e25c23bcd2a67,02f8ccb3d723f0e11e563b5439e1f883187322dcf8d61d37cbb6fc8d0d93138f,25839cd88d2bbc570420f28fae844a5017ad7b7aba0b7de4d03c362ca13ae595
yusa_library_simulated_reads,baseline,1,3,30000,87437,19,0.02331078500719741,1286957.9463212944,0.18511758900422137,32689,32689,256,0,0,0,0,30cb374f711cc0e0f905711b55f2110838fe8ce0bdf247854b0e25c23bcd2a67,02f8ccb3d723f0e11e563b5439e1f883187322dcf8d61d37cbb6fc8d0d93138f,25839cd88d2bbc570420f28fae844a5017ad7b7aba0b7de4d03c362ca13ae595
yusa_library_simulated_reads,baseline,1,4,30000,87437,19,0.018311544001335278,1638310.7835042418,0.18511758900422137,32689,32689,256,0,0,0,0,30cb374f711cc0e0f905711b55f2110838fe8ce0bdf247854b0e25c23bcd2a67,02f8ccb3d723f0e11e563b5439e1f883187322dcf8d61d37cbb6fc8d0d93138f,25839cd88d2bbc570420f28fae844a5017ad7b7aba0b7de4d03c362ca13ae595
yusa_library_simulated_reads,candidate,1,4,30000,87437,19,0.014145480992738158,2120818.6568842055,0.19342872400011402,32689,32689,256,0,0,0,0,30cb374f711cc0e0f905711b55f2110838fe8ce0bdf247854b0e25c23bcd2a67,02f8ccb3d723f0e11e563b5439e1f883187322dcf8d61d37cbb6fc8d0d93138f,25839cd88d2bbc570420f28fae844a5017ad7b7aba0b7de4d03c362ca13ae595
yusa_library_simulated_reads,baseline,2,0,30000,87437,19,0.178596097000991,167976.79514706045,0.18511758900422137,1686343,1686343,256,0,0,0,0,9f690d97867a2b8768dc5dede28af021001b0aad2d3d69482129d072f7c66cd3,02f8ccb3d723f0e11e563b5439e1f883187322dcf8d61d37cbb6fc8d0d93138f,25839cd88d2bbc570420f28fae844a5017ad7b7aba0b7de4d03c362ca13ae595
yusa_library_simulated_reads,candidate,2,0,30000,87437,19,0.03584948800562415,836832.0349594261,0.19342872400011402,1686343,1686343,256,0,0,0,0,9f690d97867a2b8768dc5dede28af021001b0aad2d3d69482129d072f7c66cd3,02f8ccb3d723f0e11e563b5439e1f883187322dcf8d61d37cbb6fc8d0d93138f,25839cd88d2bbc570420f28fae844a5017ad7b7aba0b7de4d03c362ca13ae595
yusa_library_simulated_reads,candidate,2,1,30000,87437,19,0.03807788700214587,787858.8430684023,0.19342872400011402,1686343,1686343,256,0,0,0,0,9f690d97867a2b8768dc5dede28af021001b0aad2d3d69482129d072f7c66cd3,02f8ccb3d723f0e11e563b5439e1f883187322dcf8d61d37cbb6fc8d0d93138f,25839cd88d2bbc570420f28fae844a5017ad7b7aba0b7de4d03c362ca13ae595
yusa_library_simulated_reads,baseline,2,1,30000,87437,19,0.21447742999589536,139874.85769749354,0.18511758900422137,1686343,1686343,256,0,0,0,0,9f690d97867a2b8768dc5dede28af021001b0aad2d3d69482129d072f7c66cd3,02f8ccb3d723f0e11e563b5439e1f883187322dcf8d61d37cbb6fc8d0d93138f,25839cd88d2bbc570420f28fae844a5017ad7b7aba0b7de4d03c362ca13ae595
yusa_library_simulated_reads,baseline,2,2,30000,87437,19,0.21169750700937584,141711.6357382108,0.18511758900422137,1686343,1686343,256,0,0,0,0,9f690d97867a2b8768dc5dede28af021001b0aad2d3d69482129d072f7c66cd3,02f8ccb3d723f0e11e563b5439e1f883187322dcf8d61d37cbb6fc8d0d93138f,25839cd88d2bbc570420f28fae844a5017ad7b7aba0b7de4d03c362ca13ae595
yusa_library_simulated_reads,candidate,2,2,30000,87437,19,0.04652919499494601,644756.4803830927,0.19342872400011402,1686343,1686343,256,0,0,0,0,9f690d97867a2b8768dc5dede28af021001b0aad2d3d69482129d072f7c66cd3,02f8ccb3d723f0e11e563b5439e1f883187322dcf8d61d37cbb6fc8d0d93138f,25839cd88d2bbc570420f28fae844a5017ad7b7aba0b7de4d03c362ca13ae595
yusa_library_simulated_reads,candidate,2,3,30000,87437,19,0.03352966000966262,894730.2177044015,0.19342872400011402,1686343,1686343,256,0,0,0,0,9f690d97867a2b8768dc5dede28af021001b0aad2d3d69482129d072f7c66cd3,02f8ccb3d723f0e11e563b5439e1f883187322dcf8d61d37cbb6fc8d0d93138f,25839cd88d2bbc570420f28fae844a5017ad7b7aba0b7de4d03c362ca13ae595
yusa_library_simulated_reads,baseline,2,3,30000,87437,19,0.28517760000249837,105197.60317688758,0.18511758900422137,1686343,1686343,256,0,0,0,0,9f690d97867a2b8768dc5dede28af021001b0aad2d3d69482129d072f7c66cd3,02f8ccb3d723f0e11e563b5439e1f883187322dcf8d61d37cbb6fc8d0d93138f,25839cd88d2bbc570420f28fae844a5017ad7b7aba0b7de4d03c362ca13ae595
yusa_library_simulated_reads,baseline,2,4,30000,87437,19,0.18049080300261267,166213.4552061677,0.18511758900422137,1686343,1686343,256,0,0,0,0,9f690d97867a2b8768dc5dede28af021001b0aad2d3d69482129d072f7c66cd3,02f8ccb3d723f0e11e563b5439e1f883187322dcf8d61d37cbb6fc8d0d93138f,25839cd88d2bbc570420f28fae844a5017ad7b7aba0b7de4d03c362ca13ae595
yusa_library_simulated_reads,candidate,2,4,30000,87437,19,0.04737532799481414,633240.9984218768,0.19342872400011402,1686343,1686343,256,0,0,0,0,9f690d97867a2b8768dc5dede28af021001b0aad2d3d69482129d072f7c66cd3,02f8ccb3d723f0e11e563b5439e1f883187322dcf8d61d37cbb6fc8d0d93138f,25839cd88d2bbc570420f28fae844a5017ad7b7aba0b7de4d03c362ca13ae595
yusa_library_simulated_reads,baseline,3,0,30000,87437,19,2.3903281429957133,12550.578081887144,0.18511758900422137,19742013,19742013,256,0,0,0,0,2f92a2c5bcfb4e7dea6fbf42262c577693ae7b33c483bad1413d13a46fef5cd7,02f8ccb3d723f0e11e563b5439e1f883187322dcf8d61d37cbb6fc8d0d93138f,25839cd88d2bbc570420f28fae844a5017ad7b7aba0b7de4d03c362ca13ae595
yusa_library_simulated_reads,candidate,3,0,30000,87437,19,0.1315173280017916,228106.8240649728,0.19342872400011402,19742013,19742013,256,0,0,0,0,2f92a2c5bcfb4e7dea6fbf42262c577693ae7b33c483bad1413d13a46fef5cd7,02f8ccb3d723f0e11e563b5439e1f883187322dcf8d61d37cbb6fc8d0d93138f,25839cd88d2bbc570420f28fae844a5017ad7b7aba0b7de4d03c362ca13ae595
yusa_library_simulated_reads,candidate,3,1,30000,87437,19,0.12582949400530197,238417.87044566765,0.19342872400011402,19742013,19742013,256,0,0,0,0,2f92a2c5bcfb4e7dea6fbf42262c577693ae7b33c483bad1413d13a46fef5cd7,02f8ccb3d723f0e11e563b5439e1f883187322dcf8d61d37cbb6fc8d0d93138f,25839cd88d2bbc570420f28fae844a5017ad7b7aba0b7de4d03c362ca13ae595
yusa_library_simulated_reads,baseline,3,1,30000,87437,19,2.4441968769970117,12273.970350890306,0.18511758900422137,19742013,19742013,256,0,0,0,0,2f92a2c5bcfb4e7dea6fbf42262c577693ae7b33c483bad1413d13a46fef5cd7,02f8ccb3d723f0e11e563b5439e1f883187322dcf8d61d37cbb6fc8d0d93138f,25839cd88d2bbc570420f28fae844a5017ad7b7aba0b7de4d03c362ca13ae595
yusa_library_simulated_reads,baseline,3,2,30000,87437,19,2.2943437500071013,13075.634372533386,0.18511758900422137,19742013,19742013,256,0,0,0,0,2f92a2c5bcfb4e7dea6fbf42262c577693ae7b33c483bad1413d13a46fef5cd7,02f8ccb3d723f0e11e563b5439e1f883187322dcf8d61d37cbb6fc8d0d93138f,25839cd88d2bbc570420f28fae844a5017ad7b7aba0b7de4d03c362ca13ae595
yusa_library_simulated_reads,candidate,3,2,30000,87437,19,0.13184389100933913,227541.82822073234,0.19342872400011402,19742013,19742013,256,0,0,0,0,2f92a2c5bcfb4e7dea6fbf42262c577693ae7b33c483bad1413d13a46fef5cd7,02f8ccb3d723f0e11e563b5439e1f883187322dcf8d61d37cbb6fc8d0d93138f,25839cd88d2bbc570420f28fae844a5017ad7b7aba0b7de4d03c362ca13ae595
yusa_library_simulated_reads,candidate,3,3,30000,87437,19,0.13564672600477934,221162.72823969956,0.19342872400011402,19742013,19742013,256,0,0,0,0,2f92a2c5bcfb4e7dea6fbf42262c577693ae7b33c483bad1413d13a46fef5cd7,02f8ccb3d723f0e11e563b5439e1f883187322dcf8d61d37cbb6fc8d0d93138f,25839cd88d2bbc570420f28fae844a5017ad7b7aba0b7de4d03c362ca13ae595
yusa_library_simulated_reads,baseline,3,3,30000,87437,19,2.27718156199262,13174.180092055929,0.18511758900422137,19742013,19742013,256,0,0,0,0,2f92a2c5bcfb4e7dea6fbf42262c577693ae7b33c483bad1413d13a46fef5cd7,02f8ccb3d723f0e11e563b5439e1f883187322dcf8d61d37cbb6fc8d0d93138f,25839cd88d2bbc570420f28fae844a5017ad7b7aba0b7de4d03c362ca13ae595
yusa_library_simulated_reads,baseline,3,4,30000,87437,19,2.3604122280084994,12709.64437652963,0.18511758900422137,19742013,19742013,256,0,0,0,0,2f92a2c5bcfb4e7dea6fbf42262c577693ae7b33c483bad1413d13a46fef5cd7,02f8ccb3d723f0e11e563b5439e1f883187322dcf8d61d37cbb6fc8d0d93138f,25839cd88d2bbc570420f28fae844a5017ad7b7aba0b7de4d03c362ca13ae595
yusa_library_simulated_reads,candidate,3,4,30000,87437,19,0.11740907999046613,255516.86464484746,0.19342872400011402,19742013,19742013,256,0,0,0,0,2f92a2c5bcfb4e7dea6fbf42262c577693ae7b33c483bad1413d13a46fef5cd7,02f8ccb3d723f0e11e563b5439e1f883187322dcf8d61d37cbb6fc8d0d93138f,25839cd88d2bbc570420f28fae844a5017ad7b7aba0b7de4d03c362ca13ae595
