tool,workload,error_mode,n_targets,len,k,err,indel_rate,repeats,reads_per_sec_mean,reads_per_sec_p50,reads_per_sec_p95,reads_per_sec_std,seconds_mean,verified_per_read_median,peak_rss_kb_max,mismatches_sum,reads_per_sec_cv
bk_tree,synthetic_barcode,exact,96,16,1,0.0,0.0,3,389498.10000000003,526315.8,530592.24,241101.91984384952,0.004261,19.84,2016,0,0.6190066648434216
bk_tree,synthetic_barcode,exact,96,24,1,0.0,0.0,3,402160.8666666667,411522.6,420419.01,25263.74466509929,0.0024933333333333335,17.03,14096,0,0.06281999756589765
bk_tree,synthetic_barcode,exact,96,32,1,0.0,0.0,3,288272.1666666667,339098.0,348045.88999999996,96770.80090214884,0.0038246666666666668,16.73,23344,0,0.3356924881826914
bk_tree,synthetic_barcode,exact,737,16,1,0.0,0.0,3,92250.3,117757.9,122002.39,48322.29040070431,0.01468,72.53,4080,0,0.5238171626618483
bk_tree,synthetic_barcode,exact,737,24,1,0.0,0.0,3,93369.93333333333,105965.9,110165.12,25962.580808989947,0.011407,57.34,14208,0,0.2780614688488937
bk_tree,synthetic_barcode,exact,737,32,1,0.0,0.0,3,96274.03333333333,105318.6,105498.6,15839.169756124644,0.010598333333333333,47.8,23344,0,0.1645217220855812
bk_tree,synthetic_barcode,exact,4096,16,1,0.0,0.0,3,22463.5,20940.7,32195.38,10305.728061616997,0.05151766666666666,247.77,13680,0,0.4587765958829656
bk_tree,synthetic_barcode,exact,4096,24,1,0.0,0.0,3,30779.266666666663,32055.4,34082.469999999994,4310.581105063832,0.03294766666666667,166.0,23184,0,0.1400482068577711
bk_tree,synthetic_barcode,exact,4096,32,1,0.0,0.0,3,31818.399999999998,30155.9,34795.219999999994,3025.5771003231744,0.031609,131.44,23952,0,0.09508891397188968
bk_tree,synthetic_barcode,one_substitution,96,16,1,0.0,0.0,3,358166.7,389711.6,439505.18,106216.80137158147,0.0029946666666666667,22.95,2064,0,0.29655688642071265
bk_tree,synthetic_barcode,one_substitution,96,16,1,0.005,0.0,3,428114.60000000003,473036.9,506721.74,111798.32726865818,0.002465666666666667,19.85,2080,0,0.26114112265421024
bk_tree,synthetic_barcode,one_substitution,96,16,1,0.01,0.0,3,380453.39999999997,401767.8,453779.7,91640.88658606485,0.0027453333333333336,21.05,2080,0,0.24087282854106407
bk_tree,synthetic_barcode,one_substitution,96,16,1,0.03,0.0,3,397264.06666666665,442477.9,490897.9,127768.63806929826,0.002742333333333333,20.36,2080,0,0.32162143216568695
bk_tree,synthetic_barcode,one_substitution,96,24,1,0.0,0.0,3,378556.8333333333,392927.3,399436.81999999995,31363.361848075743,0.002654333333333333,18.64,14160,0,0.08284981034924059
bk_tree,synthetic_barcode,one_substitution,96,24,1,0.005,0.0,3,432199.89999999997,436681.2,455567.43,27977.133367984683,0.0023203333333333335,15.95,14160,0,0.06473192929471915
bk_tree,synthetic_barcode,one_substitution,96,24,1,0.01,0.0,3,433305.56666666665,434971.7,460936.88,31382.588812482245,0.002316,15.93,14160,0,0.07242599963324323
bk_tree,synthetic_barcode,one_substitution,96,24,1,0.03,0.0,3,414063.2,413394.0,425954.76,12965.55892509074,0.002416666666666667,15.91,14160,0,0.031312995033344525
bk_tree,synthetic_barcode,one_substitution,96,32,1,0.0,0.0,3,274117.26666666666,308546.7,361372.47,114297.12873052993,0.004262333333333333,15.68,23344,0,0.4169643529589037
bk_tree,synthetic_barcode,one_substitution,96,32,1,0.005,0.0,3,288469.10000000003,297619.0,403826.74,131971.55887315262,0.004112666666666666,14.07,23344,0,0.4574894117711485
bk_tree,synthetic_barcode,one_substitution,96,32,1,0.01,0.0,3,269190.3,311332.5,374382.72,138176.0716638015,0.004847,15.33,23344,0,0.5133025657455024
bk_tree,synthetic_barcode,one_substitution,96,32,1,0.03,0.0,3,272331.86666666664,292056.1,392108.82999999996,141788.75007222305,0.004706666666666666,14.59,23344,0,0.5206469290858716
bk_tree,synthetic_barcode,one_substitution,737,16,1,0.0,0.0,3,96795.06666666667,114982.2,116210.25,32689.850828710325,0.011408333333333333,79.2,4192,0,0.3377222822861874
bk_tree,synthetic_barcode,one_substitution,737,16,1,0.005,0.0,3,72436.2,56328.5,112419.74,40631.706334708615,0.016602000000000002,77.15,4192,0,0.5609309479888318
bk_tree,synthetic_barcode,one_substitution,737,16,1,0.01,0.0,3,93710.43333333333,111582.2,112841.66,32174.332977442333,0.011830333333333332,77.59,4192,0,0.3433377888990909
bk_tree,synthetic_barcode,one_substitution,737,16,1,0.03,0.0,3,84962.46666666666,120322.5,121030.70999999999,61928.099553460655,0.030295666666666665,76.19,4192,0,0.7288877310545048
bk_tree,synthetic_barcode,one_substitution,737,24,1,0.0,0.0,3,104133.96666666667,106439.6,108800.75,6401.333814396298,0.009628,56.0,14208,0,0.061472101940445605
bk_tree,synthetic_barcode,one_substitution,737,24,1,0.005,0.0,3,98811.2,101874.5,114065.54000000001,18333.505105952874,0.010372,58.03,14208,0,0.18554075960976968
bk_tree,synthetic_barcode,one_substitution,737,24,1,0.01,0.0,3,105422.46666666667,107123.7,114291.56999999999,10618.853844145953,0.009552,55.34,14208,0,0.10072666842184132
bk_tree,synthetic_barcode,one_substitution,737,24,1,0.03,0.0,3,92728.36666666665,98106.5,104308.76,15666.938200341938,0.011012,60.63,14208,0,0.16895518344090255
bk_tree,synthetic_barcode,one_substitution,737,32,1,0.0,0.0,3,89497.0,103659.2,104873.93,25707.38377645613,0.011962,51.36,23344,0,0.2872429665402877
bk_tree,synthetic_barcode,one_substitution,737,32,1,0.005,0.0,3,93747.40000000001,97684.9,99276.19,8397.831720747916,0.010727333333333334,48.76,23344,0,0.08957935602211811
bk_tree,synthetic_barcode,one_substitution,737,32,1,0.01,0.0,3,81423.26666666666,93729.5,94294.61,21861.05319291212,0.013021999999999999,53.14,23344,0,0.2684865651780792
bk_tree,synthetic_barcode,one_substitution,737,32,1,0.03,0.0,3,92235.73333333334,103359.2,104527.4,20400.83614103435,0.011262666666666666,48.59,23344,0,0.22118148144718694
bk_tree,synthetic_barcode,one_substitution,4096,16,1,0.0,0.0,3,25812.566666666666,30324.2,31451.359999999997,8920.99324757806,0.043003000000000006,228.9,13680,0,0.34560659398115107
bk_tree,synthetic_barcode,one_substitution,4096,16,1,0.005,0.0,3,27660.0,34941.8,37925.48,15571.970165653414,0.052331666666666665,217.34,13840,0,0.5629779524820469
bk_tree,synthetic_barcode,one_substitution,4096,16,1,0.01,0.0,3,33070.700000000004,34977.3,35553.57,3870.1088757294647,0.030536666666666667,221.38,13952,0,0.11702530867896549
bk_tree,synthetic_barcode,one_substitution,4096,16,1,0.03,0.0,3,32676.899999999998,32324.8,34298.05,1692.0525198704715,0.030656666666666665,230.26,13952,0,0.051781304832174156
bk_tree,synthetic_barcode,one_substitution,4096,24,1,0.0,0.0,3,30067.0,31808.6,35794.25,7200.635439320617,0.034723333333333335,167.47,23184,0,0.23948632851034743
bk_tree,synthetic_barcode,one_substitution,4096,24,1,0.005,0.0,3,25554.033333333336,30832.8,31715.61,10004.605141800117,0.04507166666666667,173.44,23344,0,0.391507869278305
bk_tree,synthetic_barcode,one_substitution,4096,24,1,0.01,0.0,3,29295.13333333333,36624.7,36864.19,12926.315981103562,0.041333666666666664,160.24,23344,0,0.4412444836492829
bk_tree,synthetic_barcode,one_substitution,4096,24,1,0.03,0.0,3,29878.63333333333,35559.3,38229.96,12497.432332016579,0.039462333333333335,152.39,23344,0,0.41827322530425576
bk_tree,synthetic_barcode,one_substitution,4096,32,1,0.0,0.0,3,30698.533333333336,31769.2,35281.899999999994,5586.486045210649,0.033357,130.06,23952,0,0.1819789233756221
bk_tree,synthetic_barcode,one_substitution,4096,32,1,0.005,0.0,3,25406.266666666666,32370.8,34258.73,13919.160307408394,0.05550666666666667,127.85,23952,0,0.5478632689339793
bk_tree,synthetic_barcode,one_substitution,4096,32,1,0.01,0.0,3,21665.300000000003,26208.9,33471.36,15396.119535779137,0.096374,132.34,23952,0,0.7106349570870995
bk_tree,synthetic_barcode,one_substitution,4096,32,1,0.03,0.0,3,23560.63333333333,28088.3,34402.159999999996,14352.885134819873,0.06586766666666666,128.47,23952,0,0.609189274827921
dotmatch_indexed,synthetic_barcode,exact,96,16,0,0.0,0.0,3,15394023.833333334,12195133.0,21219516.25,5917310.947094304,7.066666666666667e-05,1.0,1824,0,0.3843901380925044
dotmatch_indexed,synthetic_barcode,exact,96,16,1,0.0,0.0,3,1119531.0333333334,1414427.1,1463028.4500000002,558195.0575210814,0.0011633333333333333,1.0,2016,0,0.4985972169606506
dotmatch_indexed,synthetic_barcode,exact,96,24,0,0.0,0.0,3,14041685.133333333,14925363.2,15128892.35,1730120.1726247694,7.2e-05,1.0,14064,0,0.12321314402056094
dotmatch_indexed,synthetic_barcode,exact,96,24,1,0.0,0.0,3,655481.1333333333,645161.3,679690.43,24569.105140874235,0.001527,1.0,14096,0,0.037482551200112194
dotmatch_indexed,synthetic_barcode,exact,96,32,0,0.0,0.0,3,12736209.466666667,12499995.8,13412164.790000001,690212.3610023536,7.866666666666666e-05,1.0,23344,0,0.054192918451033974
dotmatch_indexed,synthetic_barcode,exact,96,32,1,0.0,0.0,3,394514.23333333334,428632.7,451768.28,82366.17269834345,0.0026203333333333335,1.0,23344,0,0.208778709965454
dotmatch_indexed,synthetic_barcode,exact,737,16,0,0.0,0.0,3,9291860.433333332,9615386.7,11188814.67,2251047.517632789,0.00011233333333333333,1.0,3200,0,0.24226015164384637
dotmatch_indexed,synthetic_barcode,exact,737,16,1,0.0,0.0,3,630874.4666666667,664451.8,986690.59,409443.00085377373,0.002448333333333333,1.0,3984,0,0.6490086736544213
dotmatch_indexed,synthetic_barcode,exact,737,24,0,0.0,0.0,3,8314953.8,8333334.6,8525643.81,241772.6951293099,0.00012033333333333334,1.0,14208,0,0.029076853695724672
dotmatch_indexed,synthetic_barcode,exact,737,24,1,0.0,0.0,3,528465.5,554939.0,573628.67,64676.48530640792,0.0019126666666666667,1.0,14208,0,0.12238544485194951
dotmatch_indexed,synthetic_barcode,exact,737,32,0,0.0,0.0,3,6034443.8,6329117.0,7299573.59,1541564.4015300462,0.000174,1.0,23344,0,0.2554608929376468
dotmatch_indexed,synthetic_barcode,exact,737,32,1,0.0,0.0,3,310177.4666666666,340136.1,388344.32999999996,101862.21988756837,0.0035213333333333333,1.0,23344,0,0.32839980602793106
dotmatch_indexed,synthetic_barcode,exact,4096,16,0,0.0,0.0,3,10767109.5,11764696.9,11764696.9,1727872.0617905373,9.466666666666667e-05,1.0,10128,0,0.16047687281257214
dotmatch_indexed,synthetic_barcode,exact,4096,16,1,0.0,0.0,3,454141.7666666666,531349.7,554527.67,156561.50413892727,0.0024423333333333332,1.0,13680,0,0.34474147860934606
dotmatch_indexed,synthetic_barcode,exact,4096,24,0,0.0,0.0,3,7383201.600000001,7194244.1,7750678.46,372674.0050337695,0.00013566666666666667,1.0,15280,0,0.05047593513277079
dotmatch_indexed,synthetic_barcode,exact,4096,24,1,0.0,0.0,3,270206.5333333333,331895.1,392470.94999999995,168531.08689931163,0.006030999999999999,1.0,23152,0,0.6237121094751902
dotmatch_indexed,synthetic_barcode,exact,4096,32,0,0.0,0.0,3,6143413.466666666,6369430.2,6519295.95,542112.5281938829,0.00016366666666666667,1.0,23744,0,0.08824288502398747
dotmatch_indexed,synthetic_barcode,exact,4096,32,1,0.0,0.0,3,255608.53333333333,263157.9,276593.91,27054.797846284735,0.0039429999999999995,1.0,23952,0,0.10584465821022956
dotmatch_indexed,synthetic_barcode,one_substitution,96,16,0,0.0,0.0,3,12177551.233333334,11494242.3,14006576.1,1863000.6140433275,8.333333333333333e-05,0.0,1936,0,0.15298647308859423
dotmatch_indexed,synthetic_barcode,one_substitution,96,16,0,0.005,0.0,3,12937635.0,13888895.4,14246019.99,2001134.2452855606,7.866666666666666e-05,0.0,1968,0,0.1546754291093821
dotmatch_indexed,synthetic_barcode,one_substitution,96,16,0,0.01,0.0,3,13170915.566666668,14705871.1,14705871.1,2658620.971092317,7.833333333333333e-05,0.0,1984,0,0.2018554410766121
dotmatch_indexed,synthetic_barcode,one_substitution,96,16,0,0.03,0.0,3,13210421.866666667,14705871.1,14903437.389999999,2782467.9598699305,7.833333333333334e-05,0.0,2000,0,0.2106267300131286
dotmatch_indexed,synthetic_barcode,one_substitution,96,16,1,0.0,0.0,3,847986.3666666667,1141552.5,1152217.59,518767.783213938,0.0019196666666666667,1.0,2048,0,0.611764296698722
dotmatch_indexed,synthetic_barcode,one_substitution,96,16,1,0.005,0.0,3,690753.5333333333,997009.0,1043097.1,575368.3192949133,0.012982666666666668,1.0,2064,0,0.8329574754665219
dotmatch_indexed,synthetic_barcode,one_substitution,96,16,1,0.01,0.0,3,920032.2999999999,801282.1,1124211.64,207902.34519148644,0.0011206666666666667,1.0,2080,0,0.22597287637780375
dotmatch_indexed,synthetic_barcode,one_substitution,96,16,1,0.03,0.0,3,967793.3333333334,1091703.1,1143653.08,266176.2126852499,0.0010986666666666668,1.0,2080,0,0.27503414573901785
dotmatch_indexed,synthetic_barcode,one_substitution,96,24,0,0.0,0.0,3,9759091.633333333,9708729.8,10249230.83,526822.4400945011,0.00010266666666666666,0.0,14096,0,0.05398273321823075
dotmatch_indexed,synthetic_barcode,one_substitution,96,24,0,0.005,0.0,3,10643842.066666666,10752687.1,10857877.209999999,295578.93043433176,9.400000000000001e-05,0.0,14096,0,0.02776994703444508
dotmatch_indexed,synthetic_barcode,one_substitution,96,24,0,0.01,0.0,3,10652717.033333333,10526313.0,11517752.91,918540.2915332699,9.433333333333333e-05,0.0,14096,0,0.08622591669891097
dotmatch_indexed,synthetic_barcode,one_substitution,96,24,0,0.03,0.0,3,10704994.033333333,10416663.1,11386484.38,691724.5580384542,9.366666666666666e-05,0.0,14096,0,0.0646169961313901
dotmatch_indexed,synthetic_barcode,one_substitution,96,24,1,0.0,0.0,3,595864.6666666666,590667.5,639337.61,46500.48725167656,0.001685,1.0,14160,0,0.07803867195516974
dotmatch_indexed,synthetic_barcode,one_substitution,96,24,1,0.005,0.0,3,575009.4333333333,593119.8,632925.72,73096.80052863687,0.0017590000000000001,1.0,14160,0,0.12712278493396925
dotmatch_indexed,synthetic_barcode,one_substitution,96,24,1,0.01,0.0,3,588073.4,590318.7,633744.51,51655.4615156035,0.0017093333333333333,1.0,14160,0,0.0878384594773433
dotmatch_indexed,synthetic_barcode,one_substitution,96,24,1,0.03,0.0,3,574786.0333333333,595238.1,619573.65,60374.1386933456,0.0017533333333333333,1.0,14160,0,0.10503758823647873
dotmatch_indexed,synthetic_barcode,one_substitution,96,32,0,0.0,0.0,3,6357260.666666667,7352941.8,8992173.809999999,3425205.8886182774,0.00021266666666666667,0.0,23344,0,0.5387864472158308
dotmatch_indexed,synthetic_barcode,one_substitution,96,32,0,0.005,0.0,3,7513331.8,8130081.0,9069887.729999999,2040499.4216460166,0.000141,0.0,23344,0,0.2715838293799319
dotmatch_indexed,synthetic_barcode,one_substitution,96,32,0,0.01,0.0,3,8029413.733333333,8771925.7,9367759.27,1888644.3025117153,0.00013000000000000002,0.0,23344,0,0.2352157162696937
dotmatch_indexed,synthetic_barcode,one_substitution,96,32,0,0.03,0.0,3,7239270.266666667,6849317.5,8511022.51,1305833.8054929897,0.00014099999999999998,0.0,23344,0,0.18038196632963435
dotmatch_indexed,synthetic_barcode,one_substitution,96,32,1,0.0,0.0,3,306666.8333333333,381242.8,402054.76,149643.02769899883,0.0041789999999999996,1.0,23344,0,0.487966129471665
dotmatch_indexed,synthetic_barcode,one_substitution,96,32,1,0.005,0.0,3,268023.8,260145.7,400546.42,144344.98007215213,0.004691,1.0,23344,0,0.5385528452031205
dotmatch_indexed,synthetic_barcode,one_substitution,96,32,1,0.01,0.0,3,302426.63333333336,341296.9,404195.47000000003,132538.83037187005,0.003940666666666666,1.0,23344,0,0.43825118479491293
dotmatch_indexed,synthetic_barcode,one_substitution,96,32,1,0.03,0.0,3,285385.0333333333,364431.5,417799.07,190585.7487021612,0.0066036666666666665,1.0,23344,0,0.6678197047549954
dotmatch_indexed,synthetic_barcode,one_substitution,737,16,0,0.0,0.0,3,11245310.833333334,11235943.0,12373590.520000001,1250027.3765910591,8.966666666666667e-05,0.0,3280,0,0.11115987766969765
dotmatch_indexed,synthetic_barcode,one_substitution,737,16,0,0.005,0.0,3,10129692.966666667,9803914.1,11325223.25,1234350.9180010376,9.966666666666667e-05,0.0,3792,0,0.12185472176332111
dotmatch_indexed,synthetic_barcode,one_substitution,737,16,0,0.01,0.0,3,11086589.299999999,11235943.0,12373606.9,1493712.194129167,9.133333333333334e-05,0.0,3984,0,0.13473144478520252
dotmatch_indexed,synthetic_barcode,one_substitution,737,16,0,0.03,0.0,3,11079992.266666666,11235957.7,12515998.0,1661713.7344878812,9.166666666666665e-05,0.0,3984,0,0.1499742684376255
dotmatch_indexed,synthetic_barcode,one_substitution,737,16,1,0.0,0.0,3,750426.6333333333,849617.7,927658.32,250676.3793866772,0.0014646666666666669,1.0,4144,0,0.3340451527862136
dotmatch_indexed,synthetic_barcode,one_substitution,737,16,1,0.005,0.0,3,699358.7999999999,896057.3,929941.8500000001,373771.56805226643,0.001971333333333333,1.0,4192,0,0.5344489381591631
dotmatch_indexed,synthetic_barcode,one_substitution,737,16,1,0.01,0.0,3,817376.5,864304.3,929916.82,148946.22365095397,0.0012536666666666666,1.0,4192,0,0.1822247442285825
dotmatch_indexed,synthetic_barcode,one_substitution,737,16,1,0.03,0.0,3,721189.5,809061.5,912699.11,258419.81815799267,0.0015473333333333335,1.0,4192,0,0.3583244322858176
dotmatch_indexed,synthetic_barcode,one_substitution,737,24,0,0.0,0.0,3,7667942.033333334,8064515.3,8369478.319999999,994868.2505313418,0.000132,0.0,14208,0,0.12974384081237794
dotmatch_indexed,synthetic_barcode,one_substitution,737,24,0,0.005,0.0,3,8264047.166666667,8130081.0,8777614.889999999,531353.4764049662,0.00012133333333333333,0.0,14208,0,0.06429700432352319
dotmatch_indexed,synthetic_barcode,one_substitution,737,24,0,0.01,0.0,3,8498503.766666666,8771934.7,8841800.26,542215.4663901541,0.000118,0.0,14208,0,0.06380128564711163
dotmatch_indexed,synthetic_barcode,one_substitution,737,24,0,0.03,0.0,3,8153638.899999999,8264463.5,8585070.229999999,531208.9203782533,0.000123,0.0,14208,0,0.06514991979571887
dotmatch_indexed,synthetic_barcode,one_substitution,737,24,1,0.0,0.0,3,450833.3,463821.9,528955.89,92540.18107541178,0.002286,1.0,14208,0,0.20526474214618082
dotmatch_indexed,synthetic_barcode,one_substitution,737,24,1,0.005,0.0,3,469207.7,475963.8,495803.58,32705.960834838643,0.0021383333333333332,1.0,14208,0,0.06970465496375836
dotmatch_indexed,synthetic_barcode,one_substitution,737,24,1,0.01,0.0,3,446143.2,461254.6,562772.98,136095.97096005455,0.002403,1.0,14208,0,0.3050499726546422
dotmatch_indexed,synthetic_barcode,one_substitution,737,24,1,0.03,0.0,3,464440.6666666667,476644.4,535469.3,84331.47861868267,0.002204,1.0,14208,0,0.18157643090114703
dotmatch_indexed,synthetic_barcode,one_substitution,737,32,0,0.0,0.0,3,5158891.5,5235600.5,6604637.84,1637564.1449756892,0.00020866666666666668,0.0,23344,0,0.31742558357268985
dotmatch_indexed,synthetic_barcode,one_substitution,737,32,0,0.005,0.0,3,6203484.5,6060606.9,6728506.71,542104.7321934849,0.000162,0.0,23344,0,0.08738713414911972
dotmatch_indexed,synthetic_barcode,one_substitution,737,32,0,0.01,0.0,3,6252625.633333333,6060606.9,6770446.44,527575.9293878496,0.00016066666666666668,0.0,23344,0,0.08437670193706992
dotmatch_indexed,synthetic_barcode,one_substitution,737,32,0,0.03,0.0,3,5687954.899999999,6060606.9,6646330.32,1252087.9116257138,0.0001823333333333333,0.0,23344,0,0.22012971861392816
dotmatch_indexed,synthetic_barcode,one_substitution,737,32,1,0.0,0.0,3,322682.1666666667,353107.3,385641.58,85926.5009492027,0.0032773333333333335,1.0,23344,0,0.2662883475614117
dotmatch_indexed,synthetic_barcode,one_substitution,737,32,1,0.005,0.0,3,314312.3,381388.3,388333.42,122922.55513387278,0.003663666666666667,1.0,23344,0,0.39108413871767916
dotmatch_indexed,synthetic_barcode,one_substitution,737,32,1,0.01,0.0,3,348229.26666666666,349040.1,357138.21,10238.25904357441,0.002873333333333333,1.0,23344,0,0.02940091492474903
dotmatch_indexed,synthetic_barcode,one_substitution,737,32,1,0.03,0.0,3,300177.86666666664,346380.3,366986.61,100507.49053997586,0.003668,1.0,23344,0,0.33482645358255103
dotmatch_indexed,synthetic_barcode,one_substitution,4096,16,0,0.0,0.0,3,10878386.633333333,10526313.0,11766924.479999999,903358.4436434759,9.233333333333333e-05,0.0,13680,0,0.0830415827357545
dotmatch_indexed,synthetic_barcode,one_substitution,4096,16,0,0.005,0.0,3,9130219.866666667,7874020.8,11375629.29,2282340.4092787965,0.00011366666666666666,0.0,13680,0,0.24997650030437343
dotmatch_indexed,synthetic_barcode,one_substitution,4096,16,0,0.01,0.0,3,11362043.4,11764696.9,11890762.87,821713.4939042263,8.833333333333333e-05,0.0,13680,0,0.07232092546876087
dotmatch_indexed,synthetic_barcode,one_substitution,4096,16,0,0.03,0.0,3,11240366.533333333,11363640.0,11979730.95,875985.4307866676,8.933333333333334e-05,0.0,13680,0,0.07793210552244277
dotmatch_indexed,synthetic_barcode,one_substitution,4096,16,1,0.0,0.0,3,439580.26666666666,479386.4,531289.85,122337.19859594357,0.0024186666666666666,1.0,13680,0,0.2783045734141468
dotmatch_indexed,synthetic_barcode,one_substitution,4096,16,1,0.005,0.0,3,405434.6333333333,436681.2,453877.77,71310.90567692525,0.002524,1.0,13840,0,0.1758875532922124
dotmatch_indexed,synthetic_barcode,one_substitution,4096,16,1,0.01,0.0,3,368409.8,498256.1,541360.34,267451.68171666074,0.006759666666666667,1.0,13840,0,0.7259624519126818
dotmatch_indexed,synthetic_barcode,one_substitution,4096,16,1,0.03,0.0,3,493337.23333333334,499251.1,529925.0800000001,43257.260352608275,0.002037666666666667,1.0,13952,0,0.0876829426806726
dotmatch_indexed,synthetic_barcode,one_substitution,4096,24,0,0.0,0.0,3,6492050.600000001,7407408.5,7883603.0,2060716.7882415887,0.00016766666666666666,0.0,19040,0,0.3174215537139511
dotmatch_indexed,synthetic_barcode,one_substitution,4096,24,0,0.005,0.0,3,7124043.566666666,7812497.4,7812503.79,1192443.166784541,0.00014333333333333334,0.0,22112,0,0.1673829133168095
dotmatch_indexed,synthetic_barcode,one_substitution,4096,24,0,0.01,0.0,3,6738759.100000001,7633590.7,8140408.42,2056941.6081416022,0.00016033333333333335,0.0,22112,0,0.30524041260676643
dotmatch_indexed,synthetic_barcode,one_substitution,4096,24,0,0.03,0.0,3,6468753.3,7462681.6,7513187.26,1770355.7764338474,0.0001643333333333333,0.0,23152,0,0.2736780480458031
dotmatch_indexed,synthetic_barcode,one_substitution,4096,24,1,0.0,0.0,3,317971.93333333335,323834.2,353353.48000000004,41901.30072698619,0.003183,1.0,23184,0,0.1317767272341632
dotmatch_indexed,synthetic_barcode,one_substitution,4096,24,1,0.005,0.0,3,344977.36666666664,372995.1,375899.94,51348.68696951593,0.0029463333333333334,1.0,23344,0,0.14884653873287707
dotmatch_indexed,synthetic_barcode,one_substitution,4096,24,1,0.01,0.0,3,268576.3,341296.9,355903.0,140245.44657948794,0.005026999999999999,1.0,23344,0,0.5221810211082957
dotmatch_indexed,synthetic_barcode,one_substitution,4096,24,1,0.03,0.0,3,295703.2,360230.6,388411.49,139761.47131205368,0.004239666666666667,1.0,23344,0,0.4726410512705093
dotmatch_indexed,synthetic_barcode,one_substitution,4096,32,0,0.0,0.0,3,5917833.466666666,6024097.0,6371639.5600000005,553261.0536365754,0.00017,0.0,23952,0,0.09349047362568151
dotmatch_indexed,synthetic_barcode,one_substitution,4096,32,0,0.005,0.0,3,5007558.5,5102041.4,5867347.04,995432.6419622323,0.00020533333333333333,0.0,23952,0,0.19878602356062985
dotmatch_indexed,synthetic_barcode,one_substitution,4096,32,0,0.01,0.0,3,5111465.533333333,5586593.2,6291142.27,1551096.7607117626,0.00021066666666666665,0.0,23952,0,0.30345441059841166
dotmatch_indexed,synthetic_barcode,one_substitution,4096,32,0,0.03,0.0,3,4188282.6333333333,5376343.5,5926856.22,2605525.155111148,0.0003953333333333333,0.0,23952,0,0.6220986937162561
dotmatch_indexed,synthetic_barcode,one_substitution,4096,32,1,0.0,0.0,3,266450.56666666665,265816.1,277697.72000000003,12262.416604133678,0.0037583333333333336,1.0,23952,0,0.04602135682253636
dotmatch_indexed,synthetic_barcode,one_substitution,4096,32,1,0.005,0.0,3,240782.66666666666,263713.1,283514.18,59790.95474704624,0.004358333333333333,1.0,23952,0,0.24831918167024583
dotmatch_indexed,synthetic_barcode,one_substitution,4096,32,1,0.01,0.0,3,188878.4,265604.2,282897.61,149841.8942158367,0.022986333333333334,1.0,23952,0,0.7933246692890067
dotmatch_indexed,synthetic_barcode,one_substitution,4096,32,1,0.03,0.0,3,154010.13333333333,175716.0,270593.82,139253.195811706,0.06745033333333333,1.0,23952,0,0.9041820352840809
dotmatch_scan,synthetic_barcode,exact,96,16,0,0.0,0.0,3,3670852.766666667,3333332.5,4948718.5600000005,1321329.5832066478,0.0002956666666666667,96.0,1824,0,0.35995166986947463
dotmatch_scan,synthetic_barcode,exact,96,16,1,0.0,0.0,3,4006139.033333333,5235603.7,5362269.52,2252478.9954471434,0.0003626666666666667,96.0,2016,0,0.5622568205210178
dotmatch_scan,synthetic_barcode,exact,96,24,0,0.0,0.0,3,4819553.233333333,4950497.3,5522983.61,840199.9711916225,0.00021200000000000003,96.0,14064,0,0.17433150553884794
dotmatch_scan,synthetic_barcode,exact,96,24,1,0.0,0.0,3,5081166.933333334,4878050.4,5630664.06,559911.6379427857,0.00019833333333333335,96.0,14096,0,0.1101935136729456
dotmatch_scan,synthetic_barcode,exact,96,32,0,0.0,0.0,3,4942881.399999999,5291007.4,5393965.33,704369.5127728698,0.00020533333333333333,96.0,23344,0,0.14250180325444786
dotmatch_scan,synthetic_barcode,exact,96,32,1,0.0,0.0,3,4478922.133333333,4878047.6,5877026.63,1743276.1095415787,0.00025366666666666663,96.0,23344,0,0.38921777553747877
dotmatch_scan,synthetic_barcode,exact,737,16,0,0.0,0.0,3,431922.3,582072.2,635130.26,312515.6350097863,0.005679666666666666,737.0,3200,0,0.7235459595621395
dotmatch_scan,synthetic_barcode,exact,737,16,1,0.0,0.0,3,572234.1,548847.4,702366.7,137002.28743334906,0.0018140000000000003,737.0,3984,0,0.23941650354872082
dotmatch_scan,synthetic_barcode,exact,737,24,0,0.0,0.0,3,700090.6333333333,727272.7,756617.83,77062.29201524789,0.0014406666666666665,737.0,14208,0,0.11007473653565697
dotmatch_scan,synthetic_barcode,exact,737,24,1,0.0,0.0,3,727510.9,735294.1,798751.03,82458.45595164876,0.001386666666666667,737.0,14208,0,0.11334325843317092
dotmatch_scan,synthetic_barcode,exact,737,32,0,0.0,0.0,3,566384.4666666667,741839.8,813100.27,374566.0025069324,0.0033009999999999997,737.0,23344,0,0.6613281693817623
dotmatch_scan,synthetic_barcode,exact,737,32,1,0.0,0.0,3,637002.7000000001,621890.5,807839.41,184406.60550042667,0.001662,737.0,23344,0,0.2894910892849067
dotmatch_scan,synthetic_barcode,exact,4096,16,0,0.0,0.0,3,90520.16666666667,124812.8,127910.33,62400.91561927063,0.023294333333333334,4096.0,10128,0,0.6893592656436112
dotmatch_scan,synthetic_barcode,exact,4096,16,1,0.0,0.0,3,105061.8,124610.6,139957.85,49369.243832268694,0.011843000000000001,4096.0,13680,0,0.4699067009347707
dotmatch_scan,synthetic_barcode,exact,4096,24,0,0.0,0.0,3,118952.0,126454.2,135261.24,22019.25445695198,0.008622666666666666,4096.0,15280,0,0.18511041812623563
dotmatch_scan,synthetic_barcode,exact,4096,24,1,0.0,0.0,3,95578.90000000001,112195.7,132562.43,49684.57553094319,0.013836333333333334,4096.0,23152,0,0.5198278650512109
dotmatch_scan,synthetic_barcode,exact,4096,32,0,0.0,0.0,3,112517.23333333332,123808.3,142176.03999999998,38604.146187855695,0.009798,4096.0,23744,0,0.343095408980512
dotmatch_scan,synthetic_barcode,exact,4096,32,1,0.0,0.0,3,122514.0,120569.1,130322.31,8096.681370166423,0.008185666666666666,4096.0,23952,0,0.06608780523178105
dotmatch_scan,synthetic_barcode,one_substitution,96,16,0,0.0,0.0,3,3996739.466666667,4132231.7,4935836.21,1102394.901321801,0.0002646666666666667,96.0,1936,0,0.2758235583069448
dotmatch_scan,synthetic_barcode,one_substitution,96,16,0,0.005,0.0,3,3366683.533333333,4975124.0,5042967.08,2851431.7539200853,0.004612,96.0,1968,0,0.8469556837428375
dotmatch_scan,synthetic_barcode,one_substitution,96,16,0,0.01,0.0,3,4540653.600000001,5128205.9,5300056.76,1186880.149096904,0.0002326666666666667,96.0,1984,0,0.2613897147091124
dotmatch_scan,synthetic_barcode,one_substitution,96,16,0,0.03,0.0,3,4401066.333333333,5181345.2,5305370.6899999995,1472439.2731383943,0.0002503333333333333,96.0,2000,0,0.3345642082206883
dotmatch_scan,synthetic_barcode,one_substitution,96,16,1,0.0,0.0,3,4345199.266666667,5154637.0,5252307.43,1496954.4461193008,0.0002553333333333333,96.0,2048,0,0.3445076633430576
dotmatch_scan,synthetic_barcode,one_substitution,96,16,1,0.005,0.0,3,3542666.766666667,4878050.4,5630660.64,3065797.2808949393,0.009472666666666666,96.0,2064,0,0.8653925087567806
dotmatch_scan,synthetic_barcode,one_substitution,96,16,1,0.01,0.0,3,4682396.5,5181348.3,5436167.7299999995,1118405.7997393387,0.00022333333333333333,96.0,2080,0,0.23885328799885672
dotmatch_scan,synthetic_barcode,one_substitution,96,16,1,0.03,0.0,3,4050309.8666666667,5076142.5,5425647.15,2122007.418379164,0.00033366666666666674,96.0,2080,0,0.523912364296596
dotmatch_scan,synthetic_barcode,one_substitution,96,24,0,0.0,0.0,3,4816025.8,5376343.5,5863077.9,1464047.831317498,0.000224,96.0,14096,0,0.30399501417070857
dotmatch_scan,synthetic_barcode,one_substitution,96,24,0,0.005,0.0,3,5632336.833333333,5617978.8,5951019.75,348730.2031116649,0.000178,96.0,14096,0,0.06191572227140386
dotmatch_scan,synthetic_barcode,one_substitution,96,24,0,0.01,0.0,3,5611072.833333333,5617978.8,6016340.3100000005,453022.3302176431,0.000179,96.0,14096,0,0.08073720368169221
dotmatch_scan,synthetic_barcode,one_substitution,96,24,0,0.03,0.0,3,5336749.566666666,5524862.5,6007032.46,833980.1202642025,0.00019066666666666668,96.0,14096,0,0.15627117402571064
dotmatch_scan,synthetic_barcode,one_substitution,96,24,1,0.0,0.0,3,4898691.133333333,4504503.3,5622862.83,735378.6551342265,0.00020700000000000002,96.0,14160,0,0.15011737525771202
dotmatch_scan,synthetic_barcode,one_substitution,96,24,1,0.005,0.0,3,5057031.433333334,5076139.5,5680029.87,699847.0691377963,0.00020033333333333331,96.0,14160,0,0.13839088769050686
dotmatch_scan,synthetic_barcode,one_substitution,96,24,1,0.01,0.0,3,4982708.233333333,4784689.9,5534649.91,563013.9735228986,0.00020233333333333334,96.0,14160,0,0.11299356638152047
dotmatch_scan,synthetic_barcode,one_substitution,96,24,1,0.03,0.0,3,4789686.466666666,4926107.6,5061136.31,373823.9069132998,0.00020966666666666668,96.0,14160,0,0.07804767796700038
dotmatch_scan,synthetic_barcode,one_substitution,96,32,0,0.0,0.0,3,4503667.266666667,5405405.1,5995086.720000001,2154331.3379101236,0.0002796666666666666,96.0,23344,0,0.4783504664865318
dotmatch_scan,synthetic_barcode,one_substitution,96,32,0,0.005,0.0,3,4321081.433333333,5405405.1,5962227.81,2433647.451468853,0.00033433333333333335,96.0,23344,0,0.5632033297718967
dotmatch_scan,synthetic_barcode,one_substitution,96,32,0,0.01,0.0,3,4505401.2,5347592.8,5619506.47,1726987.2815051673,0.00025366666666666663,96.0,23344,0,0.38331487138263454
dotmatch_scan,synthetic_barcode,one_substitution,96,32,0,0.03,0.0,3,4886938.833333333,5617975.2,5824954.77,1469863.0467177285,0.00022066666666666667,96.0,23344,0,0.30077377615040646
dotmatch_scan,synthetic_barcode,one_substitution,96,32,1,0.0,0.0,3,3931142.1999999997,4975124.0,5066040.65,1896386.8697936796,0.000324,96.0,23344,0,0.48240098508613594
dotmatch_scan,synthetic_barcode,one_substitution,96,32,1,0.005,0.0,3,4036742.1999999997,4566209.3,5570258.93,1964085.2705714258,0.0003106666666666667,96.0,23344,0,0.4865520692828553
dotmatch_scan,synthetic_barcode,one_substitution,96,32,1,0.01,0.0,3,4886405.933333334,4854367.6,5430491.9799999995,592730.4584839324,0.00020666666666666666,96.0,23344,0,0.12130192754567008
dotmatch_scan,synthetic_barcode,one_substitution,96,32,1,0.03,0.0,3,3719041.966666667,4424779.3,5614890.43,2458145.6192581886,0.0004716666666666667,96.0,23344,0,0.6609620545533653
dotmatch_scan,synthetic_barcode,one_substitution,737,16,0,0.0,0.0,3,386353.10000000003,478468.9,608594.59,293795.7860794977,0.007025,737.0,3280,0,0.7604333602590421
dotmatch_scan,synthetic_barcode,one_substitution,737,16,0,0.005,0.0,3,569386.5666666667,629326.6,697182.1,173263.8602031691,0.0018936666666666668,737.0,3792,0,0.30429917097886533
dotmatch_scan,synthetic_barcode,one_substitution,737,16,0,0.01,0.0,3,451272.0,515995.9,673576.09,277886.83097784605,0.0034000000000000002,737.0,3984,0,0.6157856702340186
dotmatch_scan,synthetic_barcode,one_substitution,737,16,0,0.03,0.0,3,472586.23333333334,648088.1,716982.74,372245.0133290885,0.008376333333333333,737.0,3984,0,0.7876763796175369
dotmatch_scan,synthetic_barcode,one_substitution,737,16,1,0.0,0.0,3,592857.4333333333,704225.4,728798.55,216970.41029666542,0.0019013333333333332,737.0,4144,0,0.36597400673000263
dotmatch_scan,synthetic_barcode,one_substitution,737,16,1,0.005,0.0,3,492238.30000000005,682593.9,702062.16,348606.73429748893,0.004669666666666667,737.0,4192,0,0.7082072530672419
dotmatch_scan,synthetic_barcode,one_substitution,737,16,1,0.01,0.0,3,551993.0,493583.4,704380.14,155085.62953014055,0.0019003333333333335,737.0,4192,0,0.2809557902548412
dotmatch_scan,synthetic_barcode,one_substitution,737,16,1,0.03,0.0,3,580381.6,686341.8,691040.79,188068.17444211562,0.0018853333333333333,737.0,4192,0,0.32404227570638977
dotmatch_scan,synthetic_barcode,one_substitution,737,24,0,0.0,0.0,3,740089.0333333333,774593.4,787238.49,72273.29156419636,0.0013603333333333332,737.0,14208,0,0.09765486084651216
dotmatch_scan,synthetic_barcode,one_substitution,737,24,0,0.005,0.0,3,744098.5333333332,735835.2,806482.5,66488.24266239358,0.001351,737.0,14208,0,0.08935408374553118
dotmatch_scan,synthetic_barcode,one_substitution,737,24,0,0.01,0.0,3,649345.8666666667,615384.6,758132.88,111612.15531694272,0.0015689999999999999,737.0,14208,0,0.17188398517093723
dotmatch_scan,synthetic_barcode,one_substitution,737,24,0,0.03,0.0,3,752684.1333333333,730994.1,811409.46,59840.012994010394,0.0013340000000000001,737.0,14208,0,0.07950215813505089
dotmatch_scan,synthetic_barcode,one_substitution,737,24,1,0.0,0.0,3,587089.9333333333,687757.9,695953.48,182305.09957492506,0.001848,737.0,14208,0,0.31052329332211065
dotmatch_scan,synthetic_barcode,one_substitution,737,24,1,0.005,0.0,3,635301.0333333333,643086.8,651392.8099999999,21967.914533321888,0.0015753333333333333,737.0,14208,0,0.034578748310953304
dotmatch_scan,synthetic_barcode,one_substitution,737,24,1,0.01,0.0,3,674508.8666666666,730994.2,807194.0499999999,176316.31033907025,0.0015636666666666665,737.0,14208,0,0.2613995442497325
dotmatch_scan,synthetic_barcode,one_substitution,737,24,1,0.03,0.0,3,671079.3666666666,666666.7,764882.35,102580.70632718092,0.0015136666666666666,737.0,14208,0,0.15285927629799118
dotmatch_scan,synthetic_barcode,one_substitution,737,32,0,0.0,0.0,3,700094.4333333332,736377.0,812553.99,142570.6098796079,0.0014726666666666666,737.0,23344,0,0.20364482717108864
dotmatch_scan,synthetic_barcode,one_substitution,737,32,0,0.005,0.0,3,741490.3333333334,699790.0,819354.55,79032.51072238143,0.0013583333333333336,737.0,23344,0,0.10658602974241708
dotmatch_scan,synthetic_barcode,one_substitution,737,32,0,0.01,0.0,3,620608.7666666666,682128.2,807129.02,237228.92730934676,0.001824,737.0,23344,0,0.38225197588413073
dotmatch_scan,synthetic_barcode,one_substitution,737,32,0,0.03,0.0,3,613849.2999999999,716332.4,803340.62,265664.2141866496,0.001943,737.0,23344,0,0.43278409568382603
dotmatch_scan,synthetic_barcode,one_substitution,737,32,1,0.0,0.0,3,670023.1333333333,684931.5,812910.06,165066.65566492625,0.0015589999999999998,737.0,23344,0,0.24635963663482405
dotmatch_scan,synthetic_barcode,one_substitution,737,32,1,0.005,0.0,3,689959.7000000001,683994.5,810361.52,131561.4658943872,0.0014853333333333333,737.0,23344,0,0.19067992796446978
dotmatch_scan,synthetic_barcode,one_substitution,737,32,1,0.01,0.0,3,721520.4,735835.2,759036.6599999999,48850.78123060053,0.001390333333333333,737.0,23344,0,0.06770533616319169
dotmatch_scan,synthetic_barcode,one_substitution,737,32,1,0.03,0.0,3,613672.4,645994.8,745901.46,161928.78754971272,0.001717333333333333,737.0,23344,0,0.26386845416172006
dotmatch_scan,synthetic_barcode,one_substitution,4096,16,0,0.0,0.0,3,88306.90000000001,119076.0,122080.2,56209.22127044637,0.019748666666666668,4096.0,13680,0,0.6365212828266689
dotmatch_scan,synthetic_barcode,one_substitution,4096,16,0,0.005,0.0,3,106953.93333333333,97247.9,123894.56,17236.82540444537,0.009500333333333333,4096.0,13680,0,0.1611612108806225
dotmatch_scan,synthetic_barcode,one_substitution,4096,16,0,0.01,0.0,3,111109.33333333333,123915.7,126445.59999999999,24655.767939841844,0.009351666666666668,4096.0,13680,0,0.22190546194596775
dotmatch_scan,synthetic_barcode,one_substitution,4096,16,0,0.03,0.0,3,111917.96666666667,125219.1,127376.40000000001,25142.6828849535,0.009293999999999998,4096.0,13680,0,0.22465278483693116
dotmatch_scan,synthetic_barcode,one_substitution,4096,16,1,0.0,0.0,3,95397.5,87343.9,120897.88,26149.112374227927,0.010982,4096.0,13680,0,0.2741068935163702
dotmatch_scan,synthetic_barcode,one_substitution,4096,16,1,0.005,0.0,3,79995.23333333334,67750.7,115945.34,36746.099973375865,0.014212333333333334,4096.0,13840,0,0.4593536194870261
dotmatch_scan,synthetic_barcode,one_substitution,4096,16,1,0.01,0.0,3,99445.13333333335,123350.2,126722.41,44688.98722843619,0.012285666666666667,4096.0,13840,0,0.44938335070296237
dotmatch_scan,synthetic_barcode,one_substitution,4096,16,1,0.03,0.0,3,126711.93333333333,125643.9,134946.75,8783.287437134986,0.007917,4096.0,13952,0,0.06931697122818992
dotmatch_scan,synthetic_barcode,one_substitution,4096,24,0,0.0,0.0,3,103268.0,125486.3,126084.62000000001,39060.372517808886,0.011029333333333334,4096.0,19040,0,0.3782427520413767
dotmatch_scan,synthetic_barcode,one_substitution,4096,24,0,0.005,0.0,3,111423.06666666667,134680.1,135535.01,41107.74472411901,0.010144333333333333,4096.0,22112,0,0.3689338837450684
dotmatch_scan,synthetic_barcode,one_substitution,4096,24,0,0.01,0.0,3,124521.53333333333,124269.9,133557.54,9944.53800451953,0.008065000000000001,4096.0,22112,0,0.07986199445439582
dotmatch_scan,synthetic_barcode,one_substitution,4096,24,0,0.03,0.0,3,117576.46666666667,121241.5,130436.26,16031.299903729992,0.008617333333333333,4096.0,23152,0,0.13634786244410013
dotmatch_scan,synthetic_barcode,one_substitution,4096,24,1,0.0,0.0,3,117187.7,123228.6,133829.52,21486.768175553992,0.008745666666666667,4096.0,23184,0,0.18335344217485275
dotmatch_scan,synthetic_barcode,one_substitution,4096,24,1,0.005,0.0,3,121374.43333333335,131908.7,144577.72999999998,31239.861399553836,0.008676,4096.0,23344,0,0.2573841997989733
dotmatch_scan,synthetic_barcode,one_substitution,4096,24,1,0.01,0.0,3,98713.83333333333,115767.5,132365.93000000002,46434.500086932494,0.012583666666666667,4096.0,23344,0,0.4703950654021726
dotmatch_scan,synthetic_barcode,one_substitution,4096,24,1,0.03,0.0,3,109136.8,121713.7,141947.86000000002,42758.2768627315,0.010470333333333333,4096.0,23344,0,0.39178605990583837
dotmatch_scan,synthetic_barcode,one_substitution,4096,32,0,0.0,0.0,3,118743.3,133475.7,148017.63,40327.74723450343,0.009283666666666667,4096.0,23952,0,0.33962124376283487
dotmatch_scan,synthetic_barcode,one_substitution,4096,32,0,0.005,0.0,3,96036.09999999999,87138.4,133713.84999999998,39169.37802122979,0.011594666666666665,4096.0,23952,0,0.40786098166449697
dotmatch_scan,synthetic_barcode,one_substitution,4096,32,0,0.01,0.0,3,108922.43333333333,101874.5,132039.62,23742.861226341975,0.009458333333333334,4096.0,23952,0,0.21797953368964987
dotmatch_scan,synthetic_barcode,one_substitution,4096,32,0,0.03,0.0,3,104685.63333333335,126710.6,137238.53,48631.86211758021,0.011850333333333333,4096.0,23952,0,0.4645514438712877
dotmatch_scan,synthetic_barcode,one_substitution,4096,32,1,0.0,0.0,3,124388.33333333333,126566.3,129418.40000000001,6706.646442398271,0.008055333333333333,4096.0,23952,0,0.05391700541903666
dotmatch_scan,synthetic_barcode,one_substitution,4096,32,1,0.005,0.0,3,112927.23333333334,120380.4,128062.26,20744.86465473644,0.009079666666666666,4096.0,23952,0,0.18370116793265198
dotmatch_scan,synthetic_barcode,one_substitution,4096,32,1,0.01,0.0,3,99529.66666666667,128353.2,133333.35,54785.8823859152,0.014257,4096.0,23952,0,0.5504477631719373
dotmatch_scan,synthetic_barcode,one_substitution,4096,32,1,0.03,0.0,3,82036.3,102228.6,124118.04,57341.558188368064,0.025129,4096.0,23952,0,0.6989778694110785
edlib_native_scan,synthetic_barcode,exact,96,16,0,0.0,0.0,3,25151.899999999998,22500.2,34993.99999999999,10167.190588849999,0.044089333333333335,96.0,1824,0,0.4042315128817306
edlib_native_scan,synthetic_barcode,exact,96,16,1,0.0,0.0,3,18656.899999999998,25884.6,26899.620000000003,13507.223063605636,0.13366599999999998,96.0,2016,0,0.7239800322457448
edlib_native_scan,synthetic_barcode,exact,96,24,0,0.0,0.0,3,32228.899999999998,31737.0,34765.95,2661.957687492422,0.031167,96.0,14064,0,0.08259536277975427
edlib_native_scan,synthetic_barcode,exact,96,24,1,0.0,0.0,3,21960.13333333333,21461.5,23430.789999999997,1503.4987274132727,0.04567566666666667,96.0,14096,0,0.06846491797620868
edlib_native_scan,synthetic_barcode,exact,96,32,0,0.0,0.0,3,26494.566666666666,30505.5,33160.95,9616.183508197695,0.04236499999999999,96.0,23344,0,0.36294926537885236
edlib_native_scan,synthetic_barcode,exact,96,32,1,0.0,0.0,3,17048.866666666665,20245.8,21700.11,6983.5560242138345,0.06858833333333333,96.0,23344,0,0.4096199566078978
edlib_native_scan,synthetic_barcode,exact,737,16,0,0.0,0.0,3,2431.9666666666667,3142.9,3638.1699999999996,1729.9677867906482,0.9211953333333334,737.0,3200,0,0.7113451884444613
edlib_native_scan,synthetic_barcode,exact,737,16,1,0.0,0.0,3,2309.766666666667,2931.8,3275.78,1421.2940101658537,0.7019916666666667,737.0,3984,0,0.6153409479308964
edlib_native_scan,synthetic_barcode,exact,737,24,0,0.0,0.0,3,4149.833333333333,4218.3,4468.23,384.99340686995316,0.24240166666666665,737.0,14208,0,0.09277322146350131
edlib_native_scan,synthetic_barcode,exact,737,24,1,0.0,0.0,3,2494.5333333333333,2758.4,2944.1600000000003,644.0994126168205,0.4226216666666667,737.0,14208,0,0.2582043719400371
edlib_native_scan,synthetic_barcode,exact,737,32,0,0.0,0.0,3,3113.7999999999997,3778.1,4516.37,1905.6629896180489,0.5061653333333334,737.0,23344,0,0.6120055846933166
edlib_native_scan,synthetic_barcode,exact,737,32,1,0.0,0.0,3,2304.233333333333,2609.2,2728.18,646.0964504881091,0.46273733333333333,737.0,23344,0,0.28039541010955593
edlib_native_scan,synthetic_barcode,exact,4096,16,0,0.0,0.0,3,638.5,828.7,851.92,352.0159655470189,2.2274686666666668,4096.0,10128,0,0.551317095610053
edlib_native_scan,synthetic_barcode,exact,4096,16,1,0.0,0.0,3,470.29999999999995,553.4,623.51,214.95513485376426,2.603864666666667,4096.0,13680,0,0.45705961057572675
edlib_native_scan,synthetic_barcode,exact,4096,24,0,0.0,0.0,3,657.1999999999999,735.0,755.4300000000001,154.82890556998723,1.589516,4096.0,15280,0,0.23558871815274993
edlib_native_scan,synthetic_barcode,exact,4096,24,1,0.0,0.0,3,446.9666666666667,436.0,518.98,76.34306342643931,2.280363,4096.0,23152,0,0.17080258802246098
edlib_native_scan,synthetic_barcode,exact,4096,32,0,0.0,0.0,3,619.5666666666667,695.7,802.8000000000001,242.34160462729741,1.8452866666666665,4096.0,23744,0,0.3911469381190575
edlib_native_scan,synthetic_barcode,exact,4096,32,1,0.0,0.0,3,437.0,418.7,470.81,34.327394308336316,2.297442333333333,4096.0,23952,0,0.0785523897215934
edlib_native_scan,synthetic_barcode,one_substitution,96,16,0,0.0,0.0,3,28490.266666666666,33469.4,36393.86,11552.986374670983,0.040848666666666665,96.0,1936,0,0.40550643171718237
edlib_native_scan,synthetic_barcode,one_substitution,96,16,0,0.005,0.0,3,27569.8,37093.4,37500.74,16888.838376868905,0.05916933333333333,96.0,1968,0,0.6125847259272431
edlib_native_scan,synthetic_barcode,one_substitution,96,16,0,0.01,0.0,3,27681.5,37120.9,38264.979999999996,17461.983345542398,0.061920333333333334,96.0,1984,0,0.6308178149862688
edlib_native_scan,synthetic_barcode,one_substitution,96,16,0,0.03,0.0,3,26885.766666666666,36231.9,38318.64,18232.83754804318,0.074585,96.0,2000,0,0.6781594802222431
edlib_native_scan,synthetic_barcode,one_substitution,96,16,1,0.0,0.0,3,19766.3,25997.0,26821.219999999998,11594.040809398595,0.07737966666666667,96.0,2048,0,0.5865559467072035
edlib_native_scan,synthetic_barcode,one_substitution,96,16,1,0.005,0.0,3,16636.466666666667,19838.5,25102.239999999998,11006.698452457636,0.10581733333333333,96.0,2064,0,0.661600727665989
edlib_native_scan,synthetic_barcode,one_substitution,96,16,1,0.01,0.0,3,18605.4,20956.9,25982.32,9335.866124254355,0.068536,96.0,2080,0,0.5017826074287225
edlib_native_scan,synthetic_barcode,one_substitution,96,16,1,0.03,0.0,3,18397.2,24148.2,25893.93,11681.185007951892,0.093846,96.0,2080,0,0.6349436331589531
edlib_native_scan,synthetic_barcode,one_substitution,96,24,0,0.0,0.0,3,32448.0,31634.6,35097.62,2720.481935246035,0.030959,96.0,14096,0,0.08384128252114259
edlib_native_scan,synthetic_barcode,one_substitution,96,24,0,0.005,0.0,3,32251.066666666666,31241.2,34496.14,2276.4964865629245,0.031106333333333333,96.0,14096,0,0.07058670369237166
edlib_native_scan,synthetic_barcode,one_substitution,96,24,0,0.01,0.0,3,32414.033333333336,31140.0,34688.520000000004,2312.0075180096933,0.03095166666666667,96.0,14096,0,0.07132736288119117
edlib_native_scan,synthetic_barcode,one_substitution,96,24,0,0.03,0.0,3,32726.033333333336,31558.7,34968.08,2274.243648629877,0.030651666666666664,96.0,14096,0,0.06949340989375055
edlib_native_scan,synthetic_barcode,one_substitution,96,24,1,0.0,0.0,3,22319.666666666668,22547.4,23777.61,1719.8456626492186,0.044984666666666666,96.0,14160,0,0.07705516790793852
edlib_native_scan,synthetic_barcode,one_substitution,96,24,1,0.005,0.0,3,22133.100000000002,21828.8,23752.64,1701.6798141836214,0.04535666666666666,96.0,14160,0,0.07688393465820971
edlib_native_scan,synthetic_barcode,one_substitution,96,24,1,0.01,0.0,3,22251.63333333333,21667.5,23934.239999999998,1718.5419905644815,0.045113999999999994,96.0,14160,0,0.07723217279470787
edlib_native_scan,synthetic_barcode,one_substitution,96,24,1,0.03,0.0,3,21379.033333333336,21569.4,22837.050000000003,1702.053172886598,0.046976333333333335,96.0,14160,0,0.07961319608556972
edlib_native_scan,synthetic_barcode,one_substitution,96,32,0,0.0,0.0,3,26372.36666666667,30338.0,33083.9,9632.485977323471,0.042629666666666656,96.0,23344,0,0.36524920569599256
edlib_native_scan,synthetic_barcode,one_substitution,96,32,0,0.005,0.0,3,26283.966666666664,31075.2,31635.45,8843.239511815416,0.041973666666666666,96.0,23344,0,0.336449959169611
edlib_native_scan,synthetic_barcode,one_substitution,96,32,0,0.01,0.0,3,25945.033333333336,31018.3,32498.260000000002,10244.295705090386,0.04450200000000001,96.0,23344,0,0.39484611846417816
edlib_native_scan,synthetic_barcode,one_substitution,96,32,0,0.03,0.0,3,27010.233333333334,31332.2,33189.35,9330.13153730071,0.04106633333333334,96.0,23344,0,0.3454295052603782
edlib_native_scan,synthetic_barcode,one_substitution,96,32,1,0.0,0.0,3,15698.800000000001,19208.2,21621.37,8506.838274588272,0.08814899999999999,96.0,23344,0,0.5418782502221998
edlib_native_scan,synthetic_barcode,one_substitution,96,32,1,0.005,0.0,3,14607.699999999999,15809.0,21237.53,7902.4308658791815,0.09034166666666665,96.0,23344,0,0.5409770782449792
edlib_native_scan,synthetic_barcode,one_substitution,96,32,1,0.01,0.0,3,15176.466666666667,18107.1,21731.94,8797.593614354628,0.096509,96.0,23344,0,0.5796865507356539
edlib_native_scan,synthetic_barcode,one_substitution,96,32,1,0.03,0.0,3,14565.133333333333,18314.7,21933.33,10177.004821819304,0.14258233333333334,96.0,23344,0,0.6987237664710224
edlib_native_scan,synthetic_barcode,one_substitution,737,16,0,0.0,0.0,3,3169.0,3589.3,4884.3099999999995,2101.1183902864686,0.533895,737.0,3280,0,0.663022527701631
edlib_native_scan,synthetic_barcode,one_substitution,737,16,0,0.005,0.0,3,3361.133333333333,4337.7,4912.08,2266.7335845514203,0.5768300000000001,737.0,3792,0,0.6743956159285818
edlib_native_scan,synthetic_barcode,one_substitution,737,16,0,0.01,0.0,3,3362.9666666666667,4373.6,4995.59,2374.258727125865,0.6543673333333334,737.0,3984,0,0.7060012668752386
edlib_native_scan,synthetic_barcode,one_substitution,737,16,0,0.03,0.0,3,3549.566666666667,4399.9,4919.83,1994.1540370125208,0.40495433333333336,737.0,3984,0,0.5618021083359999
edlib_native_scan,synthetic_barcode,one_substitution,737,16,1,0.0,0.0,3,2539.7000000000003,3178.3,3464.9500000000003,1391.0623386462594,0.5533186666666666,737.0,4144,0,0.5477270302186318
edlib_native_scan,synthetic_barcode,one_substitution,737,16,1,0.005,0.0,3,2615.2999999999997,3295.6,3451.9300000000003,1331.5781201266411,0.5055803333333334,737.0,4192,0,0.5091492831134635
edlib_native_scan,synthetic_barcode,one_substitution,737,16,1,0.01,0.0,3,2357.0666666666666,2951.5,3157.8700000000003,1233.508063748808,0.5727496666666666,737.0,4192,0,0.523323366790138
edlib_native_scan,synthetic_barcode,one_substitution,737,16,1,0.03,0.0,3,2286.5666666666666,2995.9,3230.98,1460.6575140440464,0.7630446666666666,737.0,4192,0,0.6387994434351559
edlib_native_scan,synthetic_barcode,one_substitution,737,24,0,0.0,0.0,3,4389.266666666666,4399.8,4670.7,316.9313069630916,0.22862666666666667,737.0,14208,0,0.07220598132484354
edlib_native_scan,synthetic_barcode,one_substitution,737,24,0,0.005,0.0,3,4479.2,4489.9,4776.82,334.97819332010243,0.22409366666666666,737.0,14208,0,0.07478527266478444
edlib_native_scan,synthetic_barcode,one_substitution,737,24,0,0.01,0.0,3,4351.733333333334,4195.6,4670.26,322.87683926434426,0.23060633333333333,737.0,14208,0,0.07419499646064653
edlib_native_scan,synthetic_barcode,one_substitution,737,24,0,0.03,0.0,3,4341.966666666666,4347.2,4690.64,389.4763706996016,0.231558,737.0,14208,0,0.08970045156947351
edlib_native_scan,synthetic_barcode,one_substitution,737,24,1,0.0,0.0,3,2534.4333333333334,2733.4,2895.85,509.00285198939065,0.40676333333333337,737.0,14208,0,0.200834973757207
edlib_native_scan,synthetic_barcode,one_substitution,737,24,1,0.005,0.0,3,2515.6,2689.3,2947.15,567.3556820901683,0.41311133333333333,737.0,14208,0,0.22553493484264922
edlib_native_scan,synthetic_barcode,one_substitution,737,24,1,0.01,0.0,3,2539.0,2598.4,2992.4199999999996,529.4052134235171,0.406215,737.0,14208,0,0.20850933967054633
edlib_native_scan,synthetic_barcode,one_substitution,737,24,1,0.03,0.0,3,2574.8333333333335,2718.7,2977.09,518.1038731116892,0.40017433333333335,737.0,14208,0,0.201218411461592
edlib_native_scan,synthetic_barcode,one_substitution,737,32,0,0.0,0.0,3,3434.4666666666667,3814.2,4497.929999999999,1369.3745080632004,0.33430566666666667,737.0,23344,0,0.3987153293271737
edlib_native_scan,synthetic_barcode,one_substitution,737,32,0,0.005,0.0,3,3509.8333333333335,3735.5,4388.45,1081.7994653970454,0.30683166666666667,737.0,23344,0,0.3082196112057682
edlib_native_scan,synthetic_barcode,one_substitution,737,32,0,0.01,0.0,3,3538.9,3746.6,4431.7699999999995,1087.8242459147525,0.304023,737.0,23344,0,0.3073905015441952
edlib_native_scan,synthetic_barcode,one_substitution,737,32,0,0.03,0.0,3,3447.9,3692.9,4488.14,1268.9641287286256,0.3237946666666667,737.0,23344,0,0.36803971366009036
edlib_native_scan,synthetic_barcode,one_substitution,737,32,1,0.0,0.0,3,2348.0333333333333,2654.4,2848.44,725.4122437161736,0.46105900000000005,737.0,23344,0,0.30894461054620476
edlib_native_scan,synthetic_barcode,one_substitution,737,32,1,0.005,0.0,3,2366.5666666666666,2597.6,2739.53,542.4945744736378,0.4401253333333333,737.0,23344,0,0.22923274552740447
edlib_native_scan,synthetic_barcode,one_substitution,737,32,1,0.01,0.0,3,2082.8333333333335,2451.9,2668.1699999999996,855.8240843382088,0.5615823333333333,737.0,23344,0,0.41089417508436044
edlib_native_scan,synthetic_barcode,one_substitution,737,32,1,0.03,0.0,3,2317.5,2655.3,2833.41,762.9172890949582,0.4732003333333334,737.0,23344,0,0.329198398746476
edlib_native_scan,synthetic_barcode,one_substitution,4096,16,0,0.0,0.0,3,652.8666666666667,797.2,859.75,312.12190460352724,1.9336933333333333,4096.0,13680,0,0.47807909415428457
edlib_native_scan,synthetic_barcode,one_substitution,4096,16,0,0.005,0.0,3,571.7333333333333,650.1,736.0500000000001,223.5985315992333,2.0031733333333333,4096.0,13680,0,0.39108884957888285
edlib_native_scan,synthetic_barcode,one_substitution,4096,16,0,0.01,0.0,3,736.0666666666666,852.0,862.35,210.8401369126223,1.453788333333333,4096.0,13680,0,0.2864416315269754
edlib_native_scan,synthetic_barcode,one_substitution,4096,16,0,0.03,0.0,3,699.3000000000001,855.9,916.29,331.05387779030775,1.7953723333333331,4096.0,13680,0,0.4734075186476587
edlib_native_scan,synthetic_barcode,one_substitution,4096,16,1,0.0,0.0,3,364.3,419.6,488.81,166.86997932522195,3.3513889999999997,4096.0,13680,0,0.4580564900500191
edlib_native_scan,synthetic_barcode,one_substitution,4096,16,1,0.005,0.0,3,443.29999999999995,542.8,570.25,199.3370261642327,2.7549596666666667,4096.0,13840,0,0.4496661993328056
edlib_native_scan,synthetic_barcode,one_substitution,4096,16,1,0.01,0.0,3,499.46666666666664,593.8,605.05,174.32751743007563,2.2286449999999998,4096.0,13840,0,0.3490273306795428
edlib_native_scan,synthetic_barcode,one_substitution,4096,16,1,0.03,0.0,3,576.7666666666667,609.8,610.43,57.822688741819434,1.7462346666666668,4096.0,13952,0,0.10025317356843225
edlib_native_scan,synthetic_barcode,one_substitution,4096,24,0,0.0,0.0,3,641.1999999999999,752.9,782.87,222.93135714833838,1.7337236666666669,4096.0,19040,0,0.3476783486405777
edlib_native_scan,synthetic_barcode,one_substitution,4096,24,0,0.005,0.0,3,691.3000000000001,699.5,768.5300000000001,89.28286509739705,1.4632303333333334,4096.0,22112,0,0.1291521265693578
edlib_native_scan,synthetic_barcode,one_substitution,4096,24,0,0.01,0.0,3,661.3666666666667,640.0,706.15,45.392767412147656,1.5166116666666667,4096.0,22112,0,0.0686347977604168
edlib_native_scan,synthetic_barcode,one_substitution,4096,24,0,0.03,0.0,3,686.3666666666667,664.6,758.92,74.57186690256138,1.468047,4096.0,23152,0,0.1086472734241582
edlib_native_scan,synthetic_barcode,one_substitution,4096,24,1,0.0,0.0,3,373.9666666666667,342.7,507.31,138.66940301787318,2.921199,4096.0,23184,0,0.3708068535998035
edlib_native_scan,synthetic_barcode,one_substitution,4096,24,1,0.005,0.0,3,394.3999999999999,382.0,524.92,140.6106681585718,2.7692339999999995,4096.0,23344,0,0.3565179212945533
edlib_native_scan,synthetic_barcode,one_substitution,4096,24,1,0.01,0.0,3,411.09999999999997,504.8,534.9499999999999,192.03689749628845,3.031803,4096.0,23344,0,0.46712940281266957
edlib_native_scan,synthetic_barcode,one_substitution,4096,24,1,0.03,0.0,3,430.23333333333335,517.1,521.3299999999999,154.54566746865905,2.607127333333333,4096.0,23344,0,0.3592136068846185
edlib_native_scan,synthetic_barcode,one_substitution,4096,32,0,0.0,0.0,3,565.5333333333334,613.7,732.95,208.9559363438458,1.9797316666666667,4096.0,23952,0,0.36948473949754645
edlib_native_scan,synthetic_barcode,one_substitution,4096,32,0,0.005,0.0,3,590.3000000000001,624.9,743.34,185.93041709198636,1.8299120000000002,4096.0,23952,0,0.3149761427951657
edlib_native_scan,synthetic_barcode,one_substitution,4096,32,0,0.01,0.0,3,484.6666666666667,368.2,718.8399999999999,237.3928670649843,2.361487,4096.0,23952,0,0.4898064657461849
edlib_native_scan,synthetic_barcode,one_substitution,4096,32,0,0.03,0.0,3,657.1333333333333,661.8,733.98,87.29360419488548,1.5402186666666668,4096.0,23952,0,0.13284001855770336
edlib_native_scan,synthetic_barcode,one_substitution,4096,32,1,0.0,0.0,3,444.06666666666666,463.2,482.01,52.29458225603619,2.2742166666666663,4096.0,23952,0,0.11776290854834753
edlib_native_scan,synthetic_barcode,one_substitution,4096,32,1,0.005,0.0,3,366.9666666666667,464.2,477.52,181.38126511118324,3.5283186666666673,4096.0,23952,0,0.49427177339771977
edlib_native_scan,synthetic_barcode,one_substitution,4096,32,1,0.01,0.0,3,336.73333333333335,403.7,489.11,203.77689597531253,4.5836049999999995,4096.0,23952,0,0.6051580755552738
edlib_native_scan,synthetic_barcode,one_substitution,4096,32,1,0.03,0.0,3,316.06666666666666,402.6,454.26,201.64288565018438,5.4469113333333325,4096.0,23952,0,0.6379758035757784
exact_hash_lookup,synthetic_barcode,exact,96,16,0,0.0,0.0,3,36579381.6,38461590.0,48846078.269999996,14453841.389061086,3.1e-05,1.0,1856,0,0.39513629692036906
exact_hash_lookup,synthetic_barcode,exact,96,24,0,0.0,0.0,3,23362053.400000002,23809540.5,24880979.16,1901624.9962060354,4.2999999999999995e-05,1.0,14080,0,0.08139802455061743
exact_hash_lookup,synthetic_barcode,exact,96,32,0,0.0,0.0,3,17999616.900000002,23255825.8,25402467.73,11233113.310526049,9.266666666666666e-05,1.0,23344,0,0.6240751329838607
exact_hash_lookup,synthetic_barcode,exact,737,16,0,0.0,0.0,3,16291132.966666667,18181833.7,24895137.37,10424672.59391014,9.733333333333333e-05,1.0,3248,0,0.6398985641600307
exact_hash_lookup,synthetic_barcode,exact,737,24,0,0.0,0.0,3,11790347.966666667,12048185.5,13704824.41,2238630.344058394,8.7e-05,1.0,14208,0,0.18986974348741745
exact_hash_lookup,synthetic_barcode,exact,737,32,0,0.0,0.0,3,9452244.533333333,11111112.7,12086715.399999999,3850356.800994238,0.00012333333333333334,1.0,23344,0,0.4073484120534501
exact_hash_lookup,synthetic_barcode,exact,4096,16,0,0.0,0.0,3,6070688.533333334,6451612.2,7119980.909999999,1354794.765775556,0.000171,1.0,10128,0,0.22316986917325113
exact_hash_lookup,synthetic_barcode,exact,4096,24,0,0.0,0.0,3,1779860.9000000001,1538461.7,2674855.07,924507.6497686376,0.000669,1.0,15424,0,0.5194269112651655
exact_hash_lookup,synthetic_barcode,exact,4096,32,0,0.0,0.0,3,2125217.566666667,2754821.2,2938203.94,1271055.1667973753,0.0007370000000000001,1.0,23952,0,0.5980823736512696
exact_hash_lookup,synthetic_barcode,one_substitution,96,16,0,0.0,0.0,3,46410940.23333333,52631500.7,58204285.94,16431056.07191037,2.4e-05,0.0,1936,0,0.35403411327808515
exact_hash_lookup,synthetic_barcode,one_substitution,96,16,0,0.005,0.0,3,50631311.76666667,62499978.8,66250006.64,24255238.19019746,2.5e-05,0.0,1968,0,0.4790560888877857
exact_hash_lookup,synthetic_barcode,one_substitution,96,16,0,0.01,0.0,3,50377073.56666666,58823484.3,65882357.19,21778009.34330577,2.3666666666666665e-05,0.0,1984,0,0.432300008742782
exact_hash_lookup,synthetic_barcode,one_substitution,96,16,0,0.03,0.0,3,53808238.800000004,62499978.8,66250006.64,18778923.242990203,2.0666666666666663e-05,0.0,2000,0,0.3489971733285982
exact_hash_lookup,synthetic_barcode,one_substitution,96,24,0,0.0,0.0,3,26943028.133333337,27027076.3,29173275.61,2511793.010700812,3.733333333333333e-05,0.0,14096,0,0.0932260842497238
exact_hash_lookup,synthetic_barcode,one_substitution,96,24,0,0.005,0.0,3,26684276.7,25641060.0,29034673.98,2383701.235175098,3.766666666666667e-05,0.0,14096,0,0.08932980503740234
exact_hash_lookup,synthetic_barcode,one_substitution,96,24,0,0.01,0.0,3,26481022.7,25641060.0,29034673.98,2613992.934364761,3.8e-05,0.0,14096,0,0.09871193284256205
exact_hash_lookup,synthetic_barcode,one_substitution,96,24,0,0.03,0.0,3,26370102.333333332,27026991.3,30827689.59,5239307.6709257765,3.9e-05,0.0,14096,0,0.19868363060172842
exact_hash_lookup,synthetic_barcode,one_substitution,96,32,0,0.0,0.0,3,19830408.53333333,24390265.9,24938986.27,8431423.805829939,5.9999999999999995e-05,0.0,23344,0,0.42517650565077314
exact_hash_lookup,synthetic_barcode,one_substitution,96,32,0,0.005,0.0,3,22135865.099999998,25640983.5,28278444.84,8732745.845373606,5.2e-05,0.0,23344,0,0.39450664367183946
exact_hash_lookup,synthetic_barcode,one_substitution,96,32,0,0.01,0.0,3,22250630.466666665,26315831.0,27631635.23,8339367.525777389,5.1e-05,0.0,23344,0,0.37479241490574705
exact_hash_lookup,synthetic_barcode,one_substitution,96,32,0,0.03,0.0,3,26425837.433333334,26315750.3,28345921.52,2092787.8246592938,3.8e-05,0.0,23344,0,0.07919475891498025
exact_hash_lookup,synthetic_barcode,one_substitution,737,16,0,0.0,0.0,3,23063982.833333332,24999955.2,29772803.79,8376626.430715531,4.8333333333333334e-05,0.0,3280,0,0.363190802353927
exact_hash_lookup,synthetic_barcode,one_substitution,737,16,0,0.005,0.0,3,25940205.96666667,27026991.3,28416960.12,3311168.1428870666,3.9e-05,0.0,3792,0,0.12764617779604137
exact_hash_lookup,synthetic_barcode,one_substitution,737,16,0,0.01,0.0,3,20690550.866666667,23255825.8,26009830.48,7256362.875510086,5.366666666666667e-05,0.0,3984,0,0.35070902279360705
exact_hash_lookup,synthetic_barcode,one_substitution,737,16,0,0.03,0.0,3,25480400.833333332,26315831.0,26315831.0,1447007.4948424012,3.933333333333333e-05,0.0,3984,0,0.056789039713591685
exact_hash_lookup,synthetic_barcode,one_substitution,737,24,0,0.0,0.0,3,12746480.6,12345673.7,13563338.959999999,828018.2784768766,7.866666666666666e-05,0.0,14208,0,0.06496054122397335
exact_hash_lookup,synthetic_barcode,one_substitution,737,24,0,0.005,0.0,3,12875093.866666665,12345673.7,13910610.35,1050071.509156916,7.8e-05,0.0,14208,0,0.08155835755695173
exact_hash_lookup,synthetic_barcode,one_substitution,737,24,0,0.01,0.0,3,12645491.1,12658243.4,13427989.55,874471.689667693,7.933333333333333e-05,0.0,14208,0,0.06915284529105342
exact_hash_lookup,synthetic_barcode,one_substitution,737,24,0,0.03,0.0,3,12442138.466666667,12048185.5,13366983.76,938604.2697126964,8.066666666666667e-05,0.0,14208,0,0.07543753609777619
exact_hash_lookup,synthetic_barcode,one_substitution,737,32,0,0.0,0.0,3,10336264.633333333,11904753.7,13519246.959999999,4363431.496244057,0.00011399999999999999,0.0,23344,0,0.4221478117126049
exact_hash_lookup,synthetic_barcode,one_substitution,737,32,0,0.005,0.0,3,10683305.700000001,11363640.0,13136365.77,3047690.5475339736,9.966666666666667e-05,0.0,23344,0,0.2852759841491733
exact_hash_lookup,synthetic_barcode,one_substitution,737,32,0,0.01,0.0,3,11207977.233333334,11627912.9,12851102.360000001,2021977.2524221176,9.133333333333334e-05,0.0,23344,0,0.1804051891191045
exact_hash_lookup,synthetic_barcode,one_substitution,737,32,0,0.03,0.0,3,12010887.466666667,11904753.7,12440471.59,445623.6399005817,8.333333333333333e-05,0.0,23344,0,0.03710164141803035
exact_hash_lookup,synthetic_barcode,one_substitution,4096,16,0,0.0,0.0,3,5171490.899999999,4999999.8,6838026.69,1791183.143839041,0.00021,0.0,13680,0,0.34635720693988675
exact_hash_lookup,synthetic_barcode,one_substitution,4096,16,0,0.005,0.0,3,7164204.600000001,7407408.5,7457160.14,469928.59886700835,0.00014000000000000001,0.0,13680,0,0.06559396682599047
exact_hash_lookup,synthetic_barcode,one_substitution,4096,16,0,0.01,0.0,3,5923003.666666667,7194244.1,7589656.04,2591665.0322637577,0.00020333333333333336,0.0,13680,0,0.4375592483335889
exact_hash_lookup,synthetic_barcode,one_substitution,4096,16,0,0.03,0.0,3,6560508.766666667,7692304.2,7745971.83,2012189.7999354994,0.000165,0.0,13680,0,0.30671246263083257
exact_hash_lookup,synthetic_barcode,one_substitution,4096,24,0,0.0,0.0,3,2713992.4666666663,3164557.3,3191855.65,806811.5819254725,0.0003966666666666667,0.0,19040,0,0.29727848983914124
exact_hash_lookup,synthetic_barcode,one_substitution,4096,24,0,0.005,0.0,3,2597972.566666667,2564102.2,3159636.7899999996,611603.3530759973,0.00039966666666666666,0.0,22112,0,0.23541563175962094
exact_hash_lookup,synthetic_barcode,one_substitution,4096,24,0,0.01,0.0,3,2933481.033333333,3067484.3,3182147.27,348309.6358633268,0.00034433333333333337,0.0,22128,0,0.11873594269247424
exact_hash_lookup,synthetic_barcode,one_substitution,4096,24,0,0.03,0.0,3,3038666.3333333335,2881844.7,3549053.94,524016.4736583414,0.0003353333333333333,0.0,23152,0,0.172449494671404
exact_hash_lookup,synthetic_barcode,one_substitution,4096,32,0,0.0,0.0,3,1878563.1666666667,2032520.7,2398374.12,651235.0364043486,0.000587,0.0,23952,0,0.3466665630200254
exact_hash_lookup,synthetic_barcode,one_substitution,4096,32,0,0.005,0.0,3,2529300.533333333,3003003.2,3300300.7399999998,1118810.266677283,0.00047733333333333335,0.0,23952,0,0.44233978996668183
exact_hash_lookup,synthetic_barcode,one_substitution,4096,32,0,0.01,0.0,3,2760240.0,3003003.2,3139417.28,556923.2183269791,0.0003736666666666667,0.0,23952,0,0.20176622986659823
exact_hash_lookup,synthetic_barcode,one_substitution,4096,32,0,0.03,0.0,3,2962173.5666666664,3039514.2,3073182.9299999997,167403.9307176604,0.0003383333333333333,0.0,23952,0,0.05651388311659267
neighbor_lookup,synthetic_barcode,exact,96,16,1,0.0,0.0,3,301726.1666666667,430477.8,437957.79000000004,230239.49865434325,0.010816,1.0,2048,0,0.7630743504878095
neighbor_lookup,synthetic_barcode,exact,96,24,1,0.0,0.0,3,125165.33333333333,125000.0,132101.36,7643.74117126772,0.008009333333333334,1.0,14160,0,0.06106915523415206
neighbor_lookup,synthetic_barcode,exact,96,32,1,0.0,0.0,3,69542.53333333334,85836.9,90127.56,32439.059001508253,0.017918666666666666,1.0,23344,0,0.46646357914544745
neighbor_lookup,synthetic_barcode,exact,737,16,1,0.0,0.0,3,256250.83333333334,313676.3,344411.12,130163.22871845691,0.005129000000000001,1.0,4144,0,0.5079524114137784
neighbor_lookup,synthetic_barcode,exact,737,24,1,0.0,0.0,3,103585.5,116959.1,119094.44,25246.373436990914,0.010119666666666667,1.0,14208,0,0.24372497537774027
neighbor_lookup,synthetic_barcode,exact,737,32,1,0.0,0.0,3,69333.2,80991.3,84164.07,23312.154055556526,0.015904333333333333,1.0,23344,0,0.33623363778906107
neighbor_lookup,synthetic_barcode,exact,4096,16,1,0.0,0.0,3,183825.36666666667,130838.7,281740.62,99413.05034437549,0.006393666666666666,1.0,13680,0,0.5408015887417904
neighbor_lookup,synthetic_barcode,exact,4096,24,1,0.0,0.0,3,100616.26666666668,105999.6,108874.65000000001,12195.771340236472,0.010043999999999999,1.0,23184,0,0.1212107320642302
neighbor_lookup,synthetic_barcode,exact,4096,32,1,0.0,0.0,3,71880.53333333334,71772.1,75535.09,4019.5470818654817,0.013941,1.0,23952,0,0.0559198282965645
neighbor_lookup,synthetic_barcode,one_substitution,96,16,1,0.0,0.0,3,252520.23333333337,287687.0,334787.06,109407.85432930916,0.004706,1.0,2064,0,0.4332637146936575
neighbor_lookup,synthetic_barcode,one_substitution,96,16,1,0.005,0.0,3,278498.89999999997,300480.8,347508.41000000003,87326.0064858688,0.0038829999999999997,1.0,2080,0,0.31355961005903005
neighbor_lookup,synthetic_barcode,one_substitution,96,16,1,0.01,0.0,3,274482.5,299850.1,358092.88,105087.60579002643,0.004122,1.0,2080,0,0.3828572159974732
neighbor_lookup,synthetic_barcode,one_substitution,96,16,1,0.03,0.0,3,199354.69999999998,180570.6,284802.74999999994,89134.37566186234,0.005723,1.0,2080,0,0.44711449322169156
neighbor_lookup,synthetic_barcode,one_substitution,96,24,1,0.0,0.0,3,120856.59999999999,125707.1,126987.17,9659.274635809876,0.008311333333333332,1.0,14160,0,0.07992343517697731
neighbor_lookup,synthetic_barcode,one_substitution,96,24,1,0.005,0.0,3,117739.59999999999,117233.3,126886.52,9975.990531771777,0.008534,1.0,14160,0,0.08472927147511777
neighbor_lookup,synthetic_barcode,one_substitution,96,24,1,0.01,0.0,3,119942.33333333333,120293.5,128534.17,9687.824617700991,0.008374,1.0,14160,0,0.08077068661635446
neighbor_lookup,synthetic_barcode,one_substitution,96,24,1,0.03,0.0,3,116730.76666666666,117054.9,120598.38,4432.297866043451,0.008575,1.0,14160,0,0.03797026261893923
neighbor_lookup,synthetic_barcode,one_substitution,96,32,1,0.0,0.0,3,39291.833333333336,18643.8,78427.56,39708.52420228349,0.04533533333333333,1.0,23344,0,1.010605024851224
neighbor_lookup,synthetic_barcode,one_substitution,96,32,1,0.005,0.0,3,54356.4,65724.6,83298.81,37880.92991295225,0.036545666666666664,1.0,23344,0,0.6968991675856431
neighbor_lookup,synthetic_barcode,one_substitution,96,32,1,0.01,0.0,3,59598.26666666667,69988.8,84565.02,33030.93225710309,0.02336566666666667,1.0,23344,0,0.5542263912110938
neighbor_lookup,synthetic_barcode,one_substitution,96,32,1,0.03,0.0,3,59706.86666666667,69637.9,85347.31,33475.14577120365,0.023501666666666667,1.0,23344,0,0.56065822308328
neighbor_lookup,synthetic_barcode,one_substitution,737,16,1,0.0,0.0,3,267102.8333333333,323729.4,339645.09,113739.18037749057,0.0044540000000000005,1.0,4192,0,0.42582543568734355
neighbor_lookup,synthetic_barcode,one_substitution,737,16,1,0.005,0.0,3,238788.69999999998,246487.6,339664.51,115271.23847243942,0.005085666666666666,1.0,4192,0,0.4827332217665217
neighbor_lookup,synthetic_barcode,one_substitution,737,16,1,0.01,0.0,3,203229.06666666668,174459.2,314084.03,114722.15470528495,0.006077666666666666,1.0,4192,0,0.5644967847707067
neighbor_lookup,synthetic_barcode,one_substitution,737,16,1,0.03,0.0,3,264823.4666666667,312402.4,338197.93,108184.27371324973,0.0044083333333333335,1.0,4192,0,0.40851467989210066
neighbor_lookup,synthetic_barcode,one_substitution,737,24,1,0.0,0.0,3,104831.7,108565.8,113350.56,11386.418449626732,0.009618666666666666,1.0,14208,0,0.10861617668726857
neighbor_lookup,synthetic_barcode,one_substitution,737,24,1,0.005,0.0,3,108119.43333333333,113986.1,125020.64,21664.76876620965,0.009526999999999999,1.0,14208,0,0.20037811980957154
neighbor_lookup,synthetic_barcode,one_substitution,737,24,1,0.01,0.0,3,105552.03333333333,110692.9,121241.89,19935.886043096583,0.009724,1.0,14208,0,0.18887259120948485
neighbor_lookup,synthetic_barcode,one_substitution,737,24,1,0.03,0.0,3,104429.83333333333,113340.1,118502.41,20601.07523269923,0.009862,1.0,14208,0,0.19727193441879698
neighbor_lookup,synthetic_barcode,one_substitution,737,32,1,0.0,0.0,3,68457.73333333334,82000.8,85859.91,27255.16459872025,0.016916666666666667,1.0,23344,0,0.3981312741689799
neighbor_lookup,synthetic_barcode,one_substitution,737,32,1,0.005,0.0,3,72831.26666666666,73708.3,76895.73999999999,4916.177043530199,0.013773,1.0,23344,0,0.06750091366707246
neighbor_lookup,synthetic_barcode,one_substitution,737,32,1,0.01,0.0,3,64545.63333333334,74760.8,80987.45,23936.069520356374,0.017501,1.0,23344,0,0.3708394864876948
neighbor_lookup,synthetic_barcode,one_substitution,737,32,1,0.03,0.0,3,66314.56666666667,79032.6,80279.64,23238.57405098973,0.016803,1.0,23344,0,0.3504294036602777
neighbor_lookup,synthetic_barcode,one_substitution,4096,16,1,0.0,0.0,3,205411.13333333333,276243.1,281359.87,127639.8373626484,0.00813,1.0,13680,0,0.6213871433907107
neighbor_lookup,synthetic_barcode,one_substitution,4096,16,1,0.005,0.0,3,249347.7333333333,283929.6,315565.86,92033.3662986057,0.004517,1.0,13840,0,0.3690964624714417
neighbor_lookup,synthetic_barcode,one_substitution,4096,16,1,0.01,0.0,3,296733.10000000003,298151.5,299114.95,3425.8922239323274,0.0033703333333333333,1.0,13952,0,0.011545365932996106
neighbor_lookup,synthetic_barcode,one_substitution,4096,16,1,0.03,0.0,3,280402.7,280820.0,290625.76999999996,11526.916588142729,0.0035703333333333333,1.0,13952,0,0.04110843650272529
neighbor_lookup,synthetic_barcode,one_substitution,4096,24,1,0.0,0.0,3,100058.43333333333,106179.7,119854.56999999999,24945.97273395714,0.010475666666666666,1.0,23184,0,0.2493140448327075
neighbor_lookup,synthetic_barcode,one_substitution,4096,24,1,0.005,0.0,3,87637.26666666666,109637.1,110554.29,38990.725247721835,0.013874,1.0,23344,0,0.4449103301683892
neighbor_lookup,synthetic_barcode,one_substitution,4096,24,1,0.01,0.0,3,99781.59999999999,116699.7,118254.54000000001,30811.26503845631,0.010861666666666667,1.0,23344,0,0.3087870412827246
neighbor_lookup,synthetic_barcode,one_substitution,4096,24,1,0.03,0.0,3,94597.53333333333,109289.6,118674.71,34870.24194357323,0.011918666666666666,1.0,23344,0,0.3686168202790337
neighbor_lookup,synthetic_barcode,one_substitution,4096,32,1,0.0,0.0,3,67816.43333333333,69180.2,78306.92,12243.547616738104,0.015087000000000001,1.0,23952,0,0.18053953909015322
neighbor_lookup,synthetic_barcode,one_substitution,4096,32,1,0.005,0.0,3,53368.4,73276.2,75961.8,37095.55747148167,0.040459333333333326,1.0,23952,0,0.6950846844102815
neighbor_lookup,synthetic_barcode,one_substitution,4096,32,1,0.01,0.0,3,48653.43333333333,49497.6,74010.54,28512.224065185328,0.027974333333333334,1.0,23952,0,0.5860269689467341
neighbor_lookup,synthetic_barcode,one_substitution,4096,32,1,0.03,0.0,3,46479.63333333333,54100.8,71727.93,31711.887999980914,0.03929333333333333,1.0,23952,0,0.6822749175441196
