variant,repetition,length,records,wall_seconds,process_peak_rss_bytes,input_sha256,source_sha256,python,platform
baseline,1,50,20000,0.16512863900061348,27000832,43aaa2bccedd67942dcd8ae291d6d0942827d6ae806b88e3c68fab3404b5b92c,1b7d0b8e74589c5bb248b33674e4e1e9db7ad5f8246a534a2df3ae1342e3ad78,3.12.14,Linux-6.18.44-x86_64-with-glibc2.39
candidate,1,50,20000,0.06936204700105009,27000832,43aaa2bccedd67942dcd8ae291d6d0942827d6ae806b88e3c68fab3404b5b92c,dfc5bf2822ab829fd92258f226506b3b573ea179e1684174c710e6ef5727dec4,3.12.14,Linux-6.18.44-x86_64-with-glibc2.39
candidate,2,50,20000,0.06216670499998145,27000832,43aaa2bccedd67942dcd8ae291d6d0942827d6ae806b88e3c68fab3404b5b92c,dfc5bf2822ab829fd92258f226506b3b573ea179e1684174c710e6ef5727dec4,3.12.14,Linux-6.18.44-x86_64-with-glibc2.39
baseline,2,50,20000,0.16710338200209662,27000832,43aaa2bccedd67942dcd8ae291d6d0942827d6ae806b88e3c68fab3404b5b92c,1b7d0b8e74589c5bb248b33674e4e1e9db7ad5f8246a534a2df3ae1342e3ad78,3.12.14,Linux-6.18.44-x86_64-with-glibc2.39
baseline,3,50,20000,0.16750177200083272,27000832,43aaa2bccedd67942dcd8ae291d6d0942827d6ae806b88e3c68fab3404b5b92c,1b7d0b8e74589c5bb248b33674e4e1e9db7ad5f8246a534a2df3ae1342e3ad78,3.12.14,Linux-6.18.44-x86_64-with-glibc2.39
candidate,3,50,20000,0.05832208299761987,27000832,43aaa2bccedd67942dcd8ae291d6d0942827d6ae806b88e3c68fab3404b5b92c,dfc5bf2822ab829fd92258f226506b3b573ea179e1684174c710e6ef5727dec4,3.12.14,Linux-6.18.44-x86_64-with-glibc2.39
candidate,4,50,20000,0.05766999199840939,27000832,43aaa2bccedd67942dcd8ae291d6d0942827d6ae806b88e3c68fab3404b5b92c,dfc5bf2822ab829fd92258f226506b3b573ea179e1684174c710e6ef5727dec4,3.12.14,Linux-6.18.44-x86_64-with-glibc2.39
baseline,4,50,20000,0.20585265699992306,27000832,43aaa2bccedd67942dcd8ae291d6d0942827d6ae806b88e3c68fab3404b5b92c,1b7d0b8e74589c5bb248b33674e4e1e9db7ad5f8246a534a2df3ae1342e3ad78,3.12.14,Linux-6.18.44-x86_64-with-glibc2.39
baseline,5,50,20000,0.172139131998847,27000832,43aaa2bccedd67942dcd8ae291d6d0942827d6ae806b88e3c68fab3404b5b92c,1b7d0b8e74589c5bb248b33674e4e1e9db7ad5f8246a534a2df3ae1342e3ad78,3.12.14,Linux-6.18.44-x86_64-with-glibc2.39
candidate,5,50,20000,0.06981400200311327,27000832,43aaa2bccedd67942dcd8ae291d6d0942827d6ae806b88e3c68fab3404b5b92c,dfc5bf2822ab829fd92258f226506b3b573ea179e1684174c710e6ef5727dec4,3.12.14,Linux-6.18.44-x86_64-with-glibc2.39
baseline,1,150,20000,0.38378884100166033,47054848,127a5c790bf2663bf6313b26bd13a5634a23a1810c5c9ce8282685af30e94d18,1b7d0b8e74589c5bb248b33674e4e1e9db7ad5f8246a534a2df3ae1342e3ad78,3.12.14,Linux-6.18.44-x86_64-with-glibc2.39
candidate,1,150,20000,0.07761930199922062,47054848,127a5c790bf2663bf6313b26bd13a5634a23a1810c5c9ce8282685af30e94d18,dfc5bf2822ab829fd92258f226506b3b573ea179e1684174c710e6ef5727dec4,3.12.14,Linux-6.18.44-x86_64-with-glibc2.39
candidate,2,150,20000,0.12071241999728954,47054848,127a5c790bf2663bf6313b26bd13a5634a23a1810c5c9ce8282685af30e94d18,dfc5bf2822ab829fd92258f226506b3b573ea179e1684174c710e6ef5727dec4,3.12.14,Linux-6.18.44-x86_64-with-glibc2.39
baseline,2,150,20000,0.5409940169993206,47054848,127a5c790bf2663bf6313b26bd13a5634a23a1810c5c9ce8282685af30e94d18,1b7d0b8e74589c5bb248b33674e4e1e9db7ad5f8246a534a2df3ae1342e3ad78,3.12.14,Linux-6.18.44-x86_64-with-glibc2.39
baseline,3,150,20000,0.510130675000255,47054848,127a5c790bf2663bf6313b26bd13a5634a23a1810c5c9ce8282685af30e94d18,1b7d0b8e74589c5bb248b33674e4e1e9db7ad5f8246a534a2df3ae1342e3ad78,3.12.14,Linux-6.18.44-x86_64-with-glibc2.39
candidate,3,150,20000,0.12614031699922634,47054848,127a5c790bf2663bf6313b26bd13a5634a23a1810c5c9ce8282685af30e94d18,dfc5bf2822ab829fd92258f226506b3b573ea179e1684174c710e6ef5727dec4,3.12.14,Linux-6.18.44-x86_64-with-glibc2.39
candidate,4,150,20000,0.09359397200023523,46661632,127a5c790bf2663bf6313b26bd13a5634a23a1810c5c9ce8282685af30e94d18,dfc5bf2822ab829fd92258f226506b3b573ea179e1684174c710e6ef5727dec4,3.12.14,Linux-6.18.44-x86_64-with-glibc2.39
baseline,4,150,20000,0.5341668000000936,47054848,127a5c790bf2663bf6313b26bd13a5634a23a1810c5c9ce8282685af30e94d18,1b7d0b8e74589c5bb248b33674e4e1e9db7ad5f8246a534a2df3ae1342e3ad78,3.12.14,Linux-6.18.44-x86_64-with-glibc2.39
baseline,5,150,20000,0.5100561619983637,47054848,127a5c790bf2663bf6313b26bd13a5634a23a1810c5c9ce8282685af30e94d18,1b7d0b8e74589c5bb248b33674e4e1e9db7ad5f8246a534a2df3ae1342e3ad78,3.12.14,Linux-6.18.44-x86_64-with-glibc2.39
candidate,5,150,20000,0.08969734800120932,47054848,127a5c790bf2663bf6313b26bd13a5634a23a1810c5c9ce8282685af30e94d18,dfc5bf2822ab829fd92258f226506b3b573ea179e1684174c710e6ef5727dec4,3.12.14,Linux-6.18.44-x86_64-with-glibc2.39
baseline,1,300,20000,0.8756145250008558,77070336,b2f7ffac13aff2d58e5727bff060afbf4fc58e05b59d315cec76c8c75117c67d,1b7d0b8e74589c5bb248b33674e4e1e9db7ad5f8246a534a2df3ae1342e3ad78,3.12.14,Linux-6.18.44-x86_64-with-glibc2.39
candidate,1,300,20000,0.09415519199683331,77070336,b2f7ffac13aff2d58e5727bff060afbf4fc58e05b59d315cec76c8c75117c67d,dfc5bf2822ab829fd92258f226506b3b573ea179e1684174c710e6ef5727dec4,3.12.14,Linux-6.18.44-x86_64-with-glibc2.39
candidate,2,300,20000,0.09659567499693367,77070336,b2f7ffac13aff2d58e5727bff060afbf4fc58e05b59d315cec76c8c75117c67d,dfc5bf2822ab829fd92258f226506b3b573ea179e1684174c710e6ef5727dec4,3.12.14,Linux-6.18.44-x86_64-with-glibc2.39
baseline,2,300,20000,0.8899911760017858,77070336,b2f7ffac13aff2d58e5727bff060afbf4fc58e05b59d315cec76c8c75117c67d,1b7d0b8e74589c5bb248b33674e4e1e9db7ad5f8246a534a2df3ae1342e3ad78,3.12.14,Linux-6.18.44-x86_64-with-glibc2.39
baseline,3,300,20000,0.904551117997471,77070336,b2f7ffac13aff2d58e5727bff060afbf4fc58e05b59d315cec76c8c75117c67d,1b7d0b8e74589c5bb248b33674e4e1e9db7ad5f8246a534a2df3ae1342e3ad78,3.12.14,Linux-6.18.44-x86_64-with-glibc2.39
candidate,3,300,20000,0.10016186000211746,77070336,b2f7ffac13aff2d58e5727bff060afbf4fc58e05b59d315cec76c8c75117c67d,dfc5bf2822ab829fd92258f226506b3b573ea179e1684174c710e6ef5727dec4,3.12.14,Linux-6.18.44-x86_64-with-glibc2.39
candidate,4,300,20000,0.10347392199764727,77070336,b2f7ffac13aff2d58e5727bff060afbf4fc58e05b59d315cec76c8c75117c67d,dfc5bf2822ab829fd92258f226506b3b573ea179e1684174c710e6ef5727dec4,3.12.14,Linux-6.18.44-x86_64-with-glibc2.39
baseline,4,300,20000,0.8972339410029235,77070336,b2f7ffac13aff2d58e5727bff060afbf4fc58e05b59d315cec76c8c75117c67d,1b7d0b8e74589c5bb248b33674e4e1e9db7ad5f8246a534a2df3ae1342e3ad78,3.12.14,Linux-6.18.44-x86_64-with-glibc2.39
baseline,5,300,20000,0.8398768019978888,77070336,b2f7ffac13aff2d58e5727bff060afbf4fc58e05b59d315cec76c8c75117c67d,1b7d0b8e74589c5bb248b33674e4e1e9db7ad5f8246a534a2df3ae1342e3ad78,3.12.14,Linux-6.18.44-x86_64-with-glibc2.39
candidate,5,300,20000,0.14401035099945148,77070336,b2f7ffac13aff2d58e5727bff060afbf4fc58e05b59d315cec76c8c75117c67d,dfc5bf2822ab829fd92258f226506b3b573ea179e1684174c710e6ef5727dec4,3.12.14,Linux-6.18.44-x86_64-with-glibc2.39
