tool,workload,n_reads,n_targets,len,k,err,seconds,reads_per_sec,assignments_per_sec,checksum
dotmatch_indexed,synthetic_barcode,200,96,8,0,0.000,0.000012,16666539.8,1599987816.9,179978
dotmatch_scan,synthetic_barcode,200,96,8,0,0.000,0.000070,2857140.1,274285450.4,179978
dotmatch_naive,synthetic_barcode,200,96,8,0,0.000,0.000069,2898553.1,278261098.1,179978
dotmatch_indexed,synthetic_barcode,200,96,8,0,0.005,0.000011,18181679.7,1745441254.8,172543
dotmatch_scan,synthetic_barcode,200,96,8,0,0.005,0.000068,2941179.3,282353208.1,172543
dotmatch_naive,synthetic_barcode,200,96,8,0,0.005,0.000068,2941174.2,282352724.7,172543
dotmatch_indexed,synthetic_barcode,200,96,8,0,0.010,0.000011,18181679.7,1745441254.8,177598
dotmatch_scan,synthetic_barcode,200,96,8,0,0.010,0.000068,2941179.3,282353208.1,177598
dotmatch_naive,synthetic_barcode,200,96,8,0,0.010,0.000068,2941179.3,282353208.1,177598
dotmatch_indexed,synthetic_barcode,200,96,8,0,0.030,0.000011,18181872.2,1745459727.2,136922
dotmatch_scan,synthetic_barcode,200,96,8,0,0.030,0.000067,2985072.6,286566973.8,136922
dotmatch_naive,synthetic_barcode,200,96,8,0,0.030,0.000069,2898553.1,278261098.1,136922
dotmatch_indexed,synthetic_barcode,200,96,8,1,0.000,0.000112,1785715.5,171428691.6,175982
dotmatch_scan,synthetic_barcode,200,96,8,1,0.000,0.000129,1550387.0,148837150.5,175982
dotmatch_naive,synthetic_barcode,200,96,8,1,0.000,0.000093,2150537.4,206451591.5,175982
dotmatch_indexed,synthetic_barcode,200,96,8,1,0.005,0.000104,1923077.3,184615425.4,178376
dotmatch_scan,synthetic_barcode,200,96,8,1,0.005,0.000133,1503759.8,144360940.3,178376
dotmatch_naive,synthetic_barcode,200,96,8,1,0.005,0.000100,2000001.1,192000102.6,178376
dotmatch_indexed,synthetic_barcode,200,96,8,1,0.010,0.000103,1941748.1,186407822.4,187288
dotmatch_scan,synthetic_barcode,200,96,8,1,0.010,0.000140,1428571.2,137142839.2,187288
dotmatch_naive,synthetic_barcode,200,96,8,1,0.010,0.000107,1869158.9,179439252.6,187288
dotmatch_indexed,synthetic_barcode,200,96,8,1,0.030,0.000113,1769912.6,169911611.0,178021
dotmatch_scan,synthetic_barcode,200,96,8,1,0.030,0.000134,1492537.6,143283611.4,178021
dotmatch_naive,synthetic_barcode,200,96,8,1,0.030,0.000101,1980196.6,190098877.1,178021
dotmatch_indexed,synthetic_barcode,200,96,8,2,0.000,0.007931,25217.5,2420880.1,178185
dotmatch_scan,synthetic_barcode,200,96,8,2,0.000,0.001532,130548.3,12532636.9,178185
dotmatch_naive,synthetic_barcode,200,96,8,2,0.000,0.001540,129870.1,12467532.7,178185
dotmatch_indexed,synthetic_barcode,200,96,8,2,0.005,0.010791,18534.0,1779260.5,177558
dotmatch_scan,synthetic_barcode,200,96,8,2,0.005,0.001957,102197.2,9810935.1,177558
dotmatch_naive,synthetic_barcode,200,96,8,2,0.005,0.001932,103519.7,9937888.0,177558
dotmatch_indexed,synthetic_barcode,200,96,8,2,0.010,0.009689,20642.0,1981628.6,170867
dotmatch_scan,synthetic_barcode,200,96,8,2,0.010,0.001939,103146.0,9902011.4,170867
dotmatch_naive,synthetic_barcode,200,96,8,2,0.010,0.002055,97323.6,9343066.0,170867
dotmatch_indexed,synthetic_barcode,200,96,8,2,0.030,0.009691,20637.7,1981219.7,180721
dotmatch_scan,synthetic_barcode,200,96,8,2,0.030,0.001943,102933.6,9881626.3,180721
dotmatch_naive,synthetic_barcode,200,96,8,2,0.030,0.001939,103146.0,9902011.4,180721
dotmatch_indexed,synthetic_barcode,200,96,8,3,0.000,0.002073,96478.5,9261938.9,187684
dotmatch_scan,synthetic_barcode,200,96,8,3,0.000,0.002404,83194.7,7986689.1,187684
dotmatch_naive,synthetic_barcode,200,96,8,3,0.000,0.002493,80224.6,7701564.4,187684
dotmatch_indexed,synthetic_barcode,200,96,8,3,0.005,0.002411,82953.1,7963500.4,189997
dotmatch_scan,synthetic_barcode,200,96,8,3,0.005,0.002216,90252.7,8664259.5,189997
dotmatch_naive,synthetic_barcode,200,96,8,3,0.005,0.002371,84352.6,8097849.0,189997
dotmatch_indexed,synthetic_barcode,200,96,8,3,0.010,0.002345,85287.8,8187633.5,190578
dotmatch_scan,synthetic_barcode,200,96,8,3,0.010,0.002314,86430.4,8297320.5,190578
dotmatch_naive,synthetic_barcode,200,96,8,3,0.010,0.001998,100100.1,9609609.8,190578
dotmatch_indexed,synthetic_barcode,200,96,8,3,0.030,0.001996,100200.4,9619238.7,192287
dotmatch_scan,synthetic_barcode,200,96,8,3,0.030,0.001984,100806.5,9677419.5,192287
dotmatch_naive,synthetic_barcode,200,96,8,3,0.030,0.002019,99058.9,9509658.2,192287
dotmatch_indexed,synthetic_barcode,200,384,8,0,0.000,0.000040,4999991.0,1919996556.0,664801
dotmatch_scan,synthetic_barcode,200,384,8,0,0.000,0.000319,626959.0,240752275.1,664801
dotmatch_naive,synthetic_barcode,200,384,8,0,0.000,0.000297,673400.6,258585815.4,664801
dotmatch_indexed,synthetic_barcode,200,384,8,0,0.005,0.000019,10526300.1,4042099251.1,601712
dotmatch_scan,synthetic_barcode,200,384,8,0,0.005,0.000282,709220.0,272340487.9,601712
dotmatch_naive,synthetic_barcode,200,384,8,0,0.005,0.000281,711743.7,273309565.6,601712
dotmatch_indexed,synthetic_barcode,200,384,8,0,0.010,0.000018,11111098.4,4266661772.9,593861
dotmatch_scan,synthetic_barcode,200,384,8,0,0.010,0.000280,714285.6,274285678.4,593861
dotmatch_naive,synthetic_barcode,200,384,8,0,0.010,0.000281,711743.7,273309565.6,593861
dotmatch_indexed,synthetic_barcode,200,384,8,0,0.030,0.000018,11111170.2,4266689367.8,551589
dotmatch_scan,synthetic_barcode,200,384,8,0,0.030,0.000280,714285.6,274285678.4,551589
dotmatch_naive,synthetic_barcode,200,384,8,0,0.030,0.000281,711744.0,273309678.8,551589
dotmatch_indexed,synthetic_barcode,200,384,8,1,0.000,0.000187,1069518.6,410695128.0,685611
dotmatch_scan,synthetic_barcode,200,384,8,1,0.000,0.000688,290697.7,111627907.0,685611
dotmatch_naive,synthetic_barcode,200,384,8,1,0.000,0.000569,351493.9,134973659.6,685611
dotmatch_indexed,synthetic_barcode,200,384,8,1,0.005,0.000177,1129943.8,433898425.7,651145
dotmatch_scan,synthetic_barcode,200,384,8,1,0.005,0.000729,274348.4,105349782.8,651145
dotmatch_naive,synthetic_barcode,200,384,8,1,0.005,0.000597,335008.4,128643214.9,651145
dotmatch_indexed,synthetic_barcode,200,384,8,1,0.010,0.000178,1123595.8,431460775.0,649266
dotmatch_scan,synthetic_barcode,200,384,8,1,0.010,0.000706,283286.1,108781866.5,649266
dotmatch_naive,synthetic_barcode,200,384,8,1,0.010,0.000588,340136.1,130612258.9,649266
dotmatch_indexed,synthetic_barcode,200,384,8,1,0.030,0.000185,1081081.0,415135108.9,670211
dotmatch_scan,synthetic_barcode,200,384,8,1,0.030,0.000779,256739.4,98587933.9,670211
dotmatch_naive,synthetic_barcode,200,384,8,1,0.030,0.000705,283687.9,108936168.2,670211
dotmatch_indexed,synthetic_barcode,200,384,8,2,0.000,0.009934,20132.9,7731024.8,685975
dotmatch_scan,synthetic_barcode,200,384,8,2,0.000,0.007837,25520.0,9799668.3,685975
dotmatch_naive,synthetic_barcode,200,384,8,2,0.000,0.007718,25913.4,9950764.5,685975
dotmatch_indexed,synthetic_barcode,200,384,8,2,0.005,0.010047,19906.4,7644072.8,662935
dotmatch_scan,synthetic_barcode,200,384,8,2,0.005,0.007663,26099.4,10022184.5,662935
dotmatch_naive,synthetic_barcode,200,384,8,2,0.005,0.007820,25575.4,9820971.9,662935
dotmatch_indexed,synthetic_barcode,200,384,8,2,0.010,0.009880,20242.9,7773279.3,659054
dotmatch_scan,synthetic_barcode,200,384,8,2,0.010,0.007869,25416.2,9759817.0,659054
dotmatch_naive,synthetic_barcode,200,384,8,2,0.010,0.007840,25510.2,9795918.4,659054
dotmatch_indexed,synthetic_barcode,200,384,8,2,0.030,0.009937,20126.8,7728690.8,662454
dotmatch_scan,synthetic_barcode,200,384,8,2,0.030,0.008076,24764.7,9509658.2,662454
dotmatch_naive,synthetic_barcode,200,384,8,2,0.030,0.007819,25578.7,9822228.0,662454
dotmatch_indexed,synthetic_barcode,200,384,8,3,0.000,0.007872,25406.5,9756097.6,684168
dotmatch_scan,synthetic_barcode,200,384,8,3,0.000,0.007970,25094.1,9636135.5,684168
dotmatch_naive,synthetic_barcode,200,384,8,3,0.000,0.008032,24900.4,9561752.9,684168
dotmatch_indexed,synthetic_barcode,200,384,8,3,0.005,0.007964,25113.0,9643395.3,718353
dotmatch_scan,synthetic_barcode,200,384,8,3,0.005,0.008036,24888.0,9556993.6,718353
dotmatch_naive,synthetic_barcode,200,384,8,3,0.005,0.008264,24201.4,9293320.5,718353
dotmatch_indexed,synthetic_barcode,200,384,8,3,0.010,0.008288,24131.3,9266409.3,691859
dotmatch_scan,synthetic_barcode,200,384,8,3,0.010,0.008276,24166.3,9279845.4,691859
dotmatch_naive,synthetic_barcode,200,384,8,3,0.010,0.008371,23892.0,9174531.1,691859
dotmatch_indexed,synthetic_barcode,200,384,8,3,0.030,0.008320,24038.5,9230769.2,671036
dotmatch_scan,synthetic_barcode,200,384,8,3,0.030,0.008300,24096.4,9253012.1,671036
dotmatch_naive,synthetic_barcode,200,384,8,3,0.030,0.008328,24015.4,9221902.1,671036
dotmatch_indexed,synthetic_barcode,200,737,8,0,0.000,0.000019,10526300.1,7757883198.0,1328751
dotmatch_scan,synthetic_barcode,200,737,8,0,0.000,0.000574,348432.1,256794448.8,1328751
dotmatch_naive,synthetic_barcode,200,737,8,0,0.000,0.000565,353982.3,260884958.1,1328751
dotmatch_indexed,synthetic_barcode,200,737,8,0,0.005,0.000018,11111098.4,8188879496.4,1213802
dotmatch_scan,synthetic_barcode,200,737,8,0,0.005,0.000577,346620.5,255459285.5,1213802
dotmatch_naive,synthetic_barcode,200,737,8,0,0.005,0.000563,355239.8,261811732.4,1213802
dotmatch_indexed,synthetic_barcode,200,737,8,0,0.010,0.000024,8333310.3,6141649692.0,1190466
dotmatch_scan,synthetic_barcode,200,737,8,0,0.010,0.000567,352733.7,259964722.0,1190466
dotmatch_naive,synthetic_barcode,200,737,8,0,0.010,0.000574,348432.0,256794396.7,1190466
dotmatch_indexed,synthetic_barcode,200,737,8,0,0.030,0.000024,8333310.3,6141649692.0,950061
dotmatch_scan,synthetic_barcode,200,737,8,0,0.030,0.000570,350877.2,258596529.1,950061
dotmatch_naive,synthetic_barcode,200,737,8,0,0.030,0.000570,350877.2,258596476.3,950061
dotmatch_indexed,synthetic_barcode,200,737,8,1,0.000,0.000249,803212.7,591967792.2,1219949
dotmatch_scan,synthetic_barcode,200,737,8,1,0.000,0.001532,130548.3,96214105.0,1219949
dotmatch_naive,synthetic_barcode,200,737,8,1,0.000,0.001355,147601.5,108782282.0,1219949
dotmatch_indexed,synthetic_barcode,200,737,8,1,0.005,0.000233,858369.4,632618266.0,1279556
dotmatch_scan,synthetic_barcode,200,737,8,1,0.005,0.001495,133779.3,98595311.7,1279556
dotmatch_naive,synthetic_barcode,200,737,8,1,0.005,0.001330,150375.9,110827067.7,1279556
dotmatch_indexed,synthetic_barcode,200,737,8,1,0.010,0.000227,881057.3,649339257.8,1303054
dotmatch_scan,synthetic_barcode,200,737,8,1,0.010,0.001470,136054.4,100272107.7,1303054
dotmatch_naive,synthetic_barcode,200,737,8,1,0.010,0.001353,147819.7,108943084.8,1303054
dotmatch_indexed,synthetic_barcode,200,737,8,1,0.030,0.000229,873362.5,643668129.3,1298888
dotmatch_scan,synthetic_barcode,200,737,8,1,0.030,0.001501,133244.5,98201197.8,1298888
dotmatch_naive,synthetic_barcode,200,737,8,1,0.030,0.001340,149253.7,110000003.4,1298888
dotmatch_indexed,synthetic_barcode,200,737,8,2,0.000,0.010264,19485.6,14360872.9,1334478
dotmatch_scan,synthetic_barcode,200,737,8,2,0.000,0.015835,12630.2,9308493.9,1334478
dotmatch_naive,synthetic_barcode,200,737,8,2,0.000,0.015781,12673.5,9340346.0,1334478
dotmatch_indexed,synthetic_barcode,200,737,8,2,0.005,0.010112,19778.5,14576740.6,1252709
dotmatch_scan,synthetic_barcode,200,737,8,2,0.005,0.015765,12686.3,9349825.6,1252709
dotmatch_naive,synthetic_barcode,200,737,8,2,0.005,0.015820,12642.2,9317319.9,1252709
dotmatch_indexed,synthetic_barcode,200,737,8,2,0.010,0.010382,19264.1,14197649.8,1206345
dotmatch_scan,synthetic_barcode,200,737,8,2,0.010,0.015934,12551.8,9250659.0,1206345
dotmatch_naive,synthetic_barcode,200,737,8,2,0.010,0.015856,12613.5,9296165.5,1206345
dotmatch_indexed,synthetic_barcode,200,737,8,2,0.030,0.010323,19374.2,14278794.9,1218212
dotmatch_scan,synthetic_barcode,200,737,8,2,0.030,0.015818,12643.8,9318497.9,1218212
dotmatch_naive,synthetic_barcode,200,737,8,2,0.030,0.015916,12566.0,9261120.9,1218212
dotmatch_indexed,synthetic_barcode,200,737,8,3,0.000,0.016046,12464.2,9186090.0,1370618
dotmatch_scan,synthetic_barcode,200,737,8,3,0.000,0.016014,12489.1,9204446.1,1370618
dotmatch_naive,synthetic_barcode,200,737,8,3,0.000,0.016087,12432.4,9162677.9,1370618
dotmatch_indexed,synthetic_barcode,200,737,8,3,0.005,0.016091,12429.3,9160400.2,1298076
dotmatch_scan,synthetic_barcode,200,737,8,3,0.005,0.015887,12588.9,9278026.0,1298076
dotmatch_naive,synthetic_barcode,200,737,8,3,0.005,0.015214,13145.8,9688444.8,1298076
dotmatch_indexed,synthetic_barcode,200,737,8,3,0.010,0.015310,13063.4,9627694.3,1304177
dotmatch_scan,synthetic_barcode,200,737,8,3,0.010,0.015448,12946.7,9541688.3,1304177
dotmatch_naive,synthetic_barcode,200,737,8,3,0.010,0.015349,13030.2,9603231.5,1304177
dotmatch_indexed,synthetic_barcode,200,737,8,3,0.030,0.015724,12719.4,9374205.0,1193115
dotmatch_scan,synthetic_barcode,200,737,8,3,0.030,0.015399,12987.9,9572050.1,1193115
dotmatch_naive,synthetic_barcode,200,737,8,3,0.030,0.015281,13088.1,9645965.6,1193115
dotmatch_indexed,synthetic_barcode,200,4096,8,0,0.000,0.000020,9999982.1,40959926529.1,6351117
dotmatch_scan,synthetic_barcode,200,4096,8,0,0.000,0.002969,67362.7,275917815.3,6351117
dotmatch_naive,synthetic_barcode,200,4096,8,0,0.000,0.003001,66644.5,272975671.7,6351117
dotmatch_indexed,synthetic_barcode,200,4096,8,0,0.005,0.000020,10000040.3,40960164948.2,6597408
dotmatch_scan,synthetic_barcode,200,4096,8,0,0.005,0.002996,66755.7,273431242.1,6597408
dotmatch_naive,synthetic_barcode,200,4096,8,0,0.005,0.002978,67159.2,275083951.3,6597408
dotmatch_indexed,synthetic_barcode,200,4096,8,0,0.010,0.000020,9999982.1,40959926529.1,6426010
dotmatch_scan,synthetic_barcode,200,4096,8,0,0.010,0.003092,64683.1,264941782.8,6426010
dotmatch_naive,synthetic_barcode,200,4096,8,0,0.010,0.002992,66844.9,273796794.6,6426010
dotmatch_indexed,synthetic_barcode,200,4096,8,0,0.030,0.000019,10526364.6,43115989521.1,5212286
dotmatch_scan,synthetic_barcode,200,4096,8,0,0.030,0.003041,65767.8,269385071.7,5212286
dotmatch_naive,synthetic_barcode,200,4096,8,0,0.030,0.002764,72358.9,296382045.2,5212286
dotmatch_indexed,synthetic_barcode,200,4096,8,1,0.000,0.000560,357142.8,1462856951.7,7137219
dotmatch_scan,synthetic_barcode,200,4096,8,1,0.000,0.007901,25313.3,103683078.4,7137219
dotmatch_naive,synthetic_barcode,200,4096,8,1,0.000,0.008019,24940.8,102157377.0,7137219
dotmatch_indexed,synthetic_barcode,200,4096,8,1,0.005,0.000559,357781.7,1465473889.0,7246021
dotmatch_scan,synthetic_barcode,200,4096,8,1,0.005,0.008031,24903.5,102004731.2,7246021
dotmatch_naive,synthetic_barcode,200,4096,8,1,0.005,0.007912,25278.1,103538929.0,7246021
dotmatch_indexed,synthetic_barcode,200,4096,8,1,0.010,0.000550,363636.4,1489454553.5,6363766
dotmatch_scan,synthetic_barcode,200,4096,8,1,0.010,0.007783,25697.0,105255042.9,6363766
dotmatch_naive,synthetic_barcode,200,4096,8,1,0.010,0.007784,25693.7,105241520.9,6363766
dotmatch_indexed,synthetic_barcode,200,4096,8,1,0.030,0.000557,359066.4,1470735953.3,6566235
dotmatch_scan,synthetic_barcode,200,4096,8,1,0.030,0.007809,25611.5,104904597.6,6566235
dotmatch_naive,synthetic_barcode,200,4096,8,1,0.030,0.007792,25667.4,105133469.2,6566235
dotmatch_indexed,synthetic_barcode,200,4096,8,2,0.000,0.009668,20686.8,84733139.9,7201668
dotmatch_scan,synthetic_barcode,200,4096,8,2,0.000,0.084582,2364.6,9685275.8,7201668
dotmatch_naive,synthetic_barcode,200,4096,8,2,0.000,0.084382,2370.2,9708231.6,7201668
dotmatch_indexed,synthetic_barcode,200,4096,8,2,0.005,0.009920,20161.3,82580645.3,7099994
dotmatch_scan,synthetic_barcode,200,4096,8,2,0.005,0.086731,2306.0,9445296.4,7099994
dotmatch_naive,synthetic_barcode,200,4096,8,2,0.005,0.087210,2293.3,9393418.2,7099994
dotmatch_indexed,synthetic_barcode,200,4096,8,2,0.010,0.010008,19984.0,81854516.8,6297387
dotmatch_scan,synthetic_barcode,200,4096,8,2,0.010,0.086081,2323.4,9516618.1,6297387
dotmatch_naive,synthetic_barcode,200,4096,8,2,0.010,0.083740,2388.3,9782660.6,6297387
dotmatch_indexed,synthetic_barcode,200,4096,8,2,0.030,0.009804,20399.8,83557732.3,6371124
dotmatch_scan,synthetic_barcode,200,4096,8,2,0.030,0.087711,2280.2,9339763.5,6371124
dotmatch_naive,synthetic_barcode,200,4096,8,2,0.030,0.087659,2281.6,9345304.0,6371124
dotmatch_indexed,synthetic_barcode,200,4096,8,3,0.000,0.084609,2363.8,9682185.1,7428618
dotmatch_scan,synthetic_barcode,200,4096,8,3,0.000,0.084544,2365.6,9689629.1,7428618
dotmatch_naive,synthetic_barcode,200,4096,8,3,0.000,0.085129,2349.4,9623042.7,7428618
dotmatch_indexed,synthetic_barcode,200,4096,8,3,0.005,0.085716,2333.3,9557142.2,7421059
dotmatch_scan,synthetic_barcode,200,4096,8,3,0.005,0.087757,2279.0,9334867.9,7421059
dotmatch_naive,synthetic_barcode,200,4096,8,3,0.005,0.086222,2319.6,9501055.4,7421059
dotmatch_indexed,synthetic_barcode,200,4096,8,3,0.010,0.088379,2263.0,9269170.3,6437123
dotmatch_scan,synthetic_barcode,200,4096,8,3,0.010,0.085489,2339.5,9582519.4,6437123
dotmatch_naive,synthetic_barcode,200,4096,8,3,0.010,0.084829,2357.7,9657074.8,6437123
dotmatch_indexed,synthetic_barcode,200,4096,8,3,0.030,0.085712,2333.4,9557588.2,6588877
dotmatch_scan,synthetic_barcode,200,4096,8,3,0.030,0.084806,2358.3,9659693.9,6588877
dotmatch_naive,synthetic_barcode,200,4096,8,3,0.030,0.084245,2374.0,9724019.2,6588877
dotmatch_indexed,synthetic_barcode,200,96,12,0,0.000,0.000016,12499995.8,1199999593.8,188801
dotmatch_scan,synthetic_barcode,200,96,12,0,0.000,0.000070,2857144.9,274285906.5,188801
dotmatch_naive,synthetic_barcode,200,96,12,0,0.000,0.000071,2816898.4,270422249.7,188801
dotmatch_indexed,synthetic_barcode,200,96,12,0,0.005,0.000037,5405398.3,518918233.0,168448
dotmatch_scan,synthetic_barcode,200,96,12,0,0.005,0.000073,2739722.6,263013373.7,168448
dotmatch_naive,synthetic_barcode,200,96,12,0,0.005,0.000074,2702703.4,259459524.7,168448
dotmatch_indexed,synthetic_barcode,200,96,12,0,0.010,0.000022,9090936.1,872729863.6,163964
dotmatch_scan,synthetic_barcode,200,96,12,0,0.010,0.000073,2739727.0,263013793.1,163964
dotmatch_naive,synthetic_barcode,200,96,12,0,0.010,0.000072,2777774.6,266666360.8,163964
dotmatch_indexed,synthetic_barcode,200,96,12,0,0.030,0.000025,7999976.3,767997728.4,121171
dotmatch_scan,synthetic_barcode,200,96,12,0,0.030,0.000065,3076921.7,295384482.3,121171
dotmatch_naive,synthetic_barcode,200,96,12,0,0.030,0.000065,3076921.7,295384482.3,121171
dotmatch_indexed,synthetic_barcode,200,96,12,1,0.000,0.000216,925925.9,88888882.8,177445
dotmatch_scan,synthetic_barcode,200,96,12,1,0.000,0.000152,1315789.5,126315795.1,177445
dotmatch_naive,synthetic_barcode,200,96,12,1,0.000,0.000189,1058200.8,101587278.9,177445
dotmatch_indexed,synthetic_barcode,200,96,12,1,0.005,0.000181,1104972.5,106077359.1,181957
dotmatch_scan,synthetic_barcode,200,96,12,1,0.005,0.000133,1503759.8,144360940.3,181957
dotmatch_naive,synthetic_barcode,200,96,12,1,0.005,0.000102,1960785.0,188235364.7,181957
dotmatch_indexed,synthetic_barcode,200,96,12,1,0.010,0.000693,288600.3,27705626.2,180331
dotmatch_scan,synthetic_barcode,200,96,12,1,0.010,0.000134,1492537.6,143283611.4,180331
dotmatch_naive,synthetic_barcode,200,96,12,1,0.010,0.000103,1941748.1,186407822.4,180331
dotmatch_indexed,synthetic_barcode,200,96,12,1,0.030,0.000229,873362.5,83842795.7,178524
dotmatch_scan,synthetic_barcode,200,96,12,1,0.030,0.000141,1418439.5,136170187.7,178524
dotmatch_naive,synthetic_barcode,200,96,12,1,0.030,0.000106,1886792.6,181132088.8,178524
dotmatch_indexed,synthetic_barcode,200,96,12,2,0.000,0.035321,5662.4,543586.0,182613
dotmatch_scan,synthetic_barcode,200,96,12,2,0.000,0.002895,69084.6,6632124.3,182613
dotmatch_naive,synthetic_barcode,200,96,12,2,0.000,0.003066,65231.6,6262231.0,182613
dotmatch_indexed,synthetic_barcode,200,96,12,2,0.005,0.020500,9756.1,936585.4,183539
dotmatch_scan,synthetic_barcode,200,96,12,2,0.005,0.002658,75244.5,7223476.0,183539
dotmatch_naive,synthetic_barcode,200,96,12,2,0.005,0.002764,72358.9,6946454.5,183539
dotmatch_indexed,synthetic_barcode,200,96,12,2,0.010,0.020040,9980.0,958083.8,175729
dotmatch_scan,synthetic_barcode,200,96,12,2,0.010,0.002676,74738.4,7174887.9,175729
dotmatch_naive,synthetic_barcode,200,96,12,2,0.010,0.002910,68728.5,6597938.1,175729
dotmatch_indexed,synthetic_barcode,200,96,12,2,0.030,0.020475,9768.0,937728.9,181149
dotmatch_scan,synthetic_barcode,200,96,12,2,0.030,0.002823,70846.6,6801275.3,181149
dotmatch_naive,synthetic_barcode,200,96,12,2,0.030,0.002693,74266.6,7129595.2,181149
dotmatch_indexed,synthetic_barcode,200,96,12,3,0.000,0.002760,72463.8,6956521.6,183866
dotmatch_scan,synthetic_barcode,200,96,12,3,0.000,0.002891,69180.2,6641300.6,183866
dotmatch_naive,synthetic_barcode,200,96,12,3,0.000,0.002677,74710.5,7172207.7,183866
dotmatch_indexed,synthetic_barcode,200,96,12,3,0.005,0.002662,75131.5,7212622.4,189537
dotmatch_scan,synthetic_barcode,200,96,12,3,0.005,0.002842,70373.0,6755805.8,189537
dotmatch_naive,synthetic_barcode,200,96,12,3,0.005,0.002654,75357.9,7234363.0,189537
dotmatch_indexed,synthetic_barcode,200,96,12,3,0.010,0.002686,74460.2,7148175.8,167908
dotmatch_scan,synthetic_barcode,200,96,12,3,0.010,0.002863,69856.8,6706252.1,167908
dotmatch_naive,synthetic_barcode,200,96,12,3,0.010,0.002657,75272.9,7226195.0,167908
dotmatch_indexed,synthetic_barcode,200,96,12,3,0.030,0.002660,75188.0,7218045.1,176229
dotmatch_scan,synthetic_barcode,200,96,12,3,0.030,0.002736,73099.4,7017543.9,176229
dotmatch_naive,synthetic_barcode,200,96,12,3,0.030,0.002654,75358.0,7234363.4,176229
dotmatch_indexed,synthetic_barcode,200,384,12,0,0.000,0.000024,8333350.7,3200006677.7,733770
dotmatch_scan,synthetic_barcode,200,384,12,0,0.000,0.000280,714285.6,274285678.4,733770
dotmatch_naive,synthetic_barcode,200,384,12,0,0.000,0.000281,711743.7,273309565.6,733770
dotmatch_indexed,synthetic_barcode,200,384,12,0,0.005,0.000024,8333310.3,3199991155.7,682458
dotmatch_scan,synthetic_barcode,200,384,12,0,0.005,0.000280,714285.9,274285792.5,682458
dotmatch_naive,synthetic_barcode,200,384,12,0,0.005,0.000281,711743.7,273309565.6,682458
dotmatch_indexed,synthetic_barcode,200,384,12,0,0.010,0.000024,8333310.3,3199991155.7,615318
dotmatch_scan,synthetic_barcode,200,384,12,0,0.010,0.000281,711744.0,273309678.8,615318
dotmatch_naive,synthetic_barcode,200,384,12,0,0.010,0.000281,711743.7,273309565.6,615318
dotmatch_indexed,synthetic_barcode,200,384,12,0,0.030,0.000044,4545456.0,1745455109.1,493860
dotmatch_scan,synthetic_barcode,200,384,12,0,0.030,0.000332,602409.5,231325243.2,493860
dotmatch_naive,synthetic_barcode,200,384,12,0,0.030,0.000280,714285.6,274285678.4,493860
dotmatch_indexed,synthetic_barcode,200,384,12,1,0.000,0.000283,706713.9,271378146.5,665685
dotmatch_scan,synthetic_barcode,200,384,12,1,0.000,0.000719,278164.1,106815020.4,665685
dotmatch_naive,synthetic_barcode,200,384,12,1,0.000,0.000605,330578.5,126942159.2,665685
dotmatch_indexed,synthetic_barcode,200,384,12,1,0.005,0.000295,677966.0,260338952.7,647563
dotmatch_scan,synthetic_barcode,200,384,12,1,0.005,0.000782,255754.5,98209716.5,647563
dotmatch_naive,synthetic_barcode,200,384,12,1,0.005,0.000700,285714.3,109714289.6,647563
dotmatch_indexed,synthetic_barcode,200,384,12,1,0.010,0.000280,714285.6,274285678.4,684003
dotmatch_scan,synthetic_barcode,200,384,12,1,0.010,0.000681,293685.8,112775339.2,684003
dotmatch_naive,synthetic_barcode,200,384,12,1,0.010,0.000628,318471.3,122292991.9,684003
dotmatch_indexed,synthetic_barcode,200,384,12,1,0.030,0.000339,589970.5,226548659.1,624738
dotmatch_scan,synthetic_barcode,200,384,12,1,0.030,0.000761,262812.1,100919845.8,624738
dotmatch_naive,synthetic_barcode,200,384,12,1,0.030,0.000661,302571.8,116187589.8,624738
dotmatch_indexed,synthetic_barcode,200,384,12,2,0.000,0.020424,9792.4,3760282.0,632920
dotmatch_scan,synthetic_barcode,200,384,12,2,0.000,0.010827,18472.3,7093377.7,632920
dotmatch_naive,synthetic_barcode,200,384,12,2,0.000,0.010867,18404.3,7067267.9,632920
dotmatch_indexed,synthetic_barcode,200,384,12,2,0.005,0.020836,9598.8,3685928.2,722626
dotmatch_scan,synthetic_barcode,200,384,12,2,0.005,0.010886,18372.2,7054932.9,722626
dotmatch_naive,synthetic_barcode,200,384,12,2,0.005,0.010732,18635.9,7156168.5,722626
dotmatch_indexed,synthetic_barcode,200,384,12,2,0.010,0.020204,9899.0,3801227.5,717056
dotmatch_scan,synthetic_barcode,200,384,12,2,0.010,0.010735,18630.6,7154168.6,717056
dotmatch_naive,synthetic_barcode,200,384,12,2,0.010,0.010631,18812.9,7224155.8,717056
dotmatch_indexed,synthetic_barcode,200,384,12,2,0.030,0.020292,9856.1,3784742.8,635820
dotmatch_scan,synthetic_barcode,200,384,12,2,0.030,0.010718,18660.2,7165516.0,635820
dotmatch_naive,synthetic_barcode,200,384,12,2,0.030,0.010709,18675.9,7171538.0,635820
dotmatch_indexed,synthetic_barcode,200,384,12,3,0.000,0.010741,18620.2,7150172.2,702131
dotmatch_scan,synthetic_barcode,200,384,12,3,0.000,0.010646,18786.4,7213977.1,702131
dotmatch_naive,synthetic_barcode,200,384,12,3,0.000,0.010652,18775.8,7209913.7,702131
dotmatch_indexed,synthetic_barcode,200,384,12,3,0.005,0.010665,18752.9,7201125.2,622187
dotmatch_scan,synthetic_barcode,200,384,12,3,0.005,0.010634,18807.6,7222117.8,622187
dotmatch_naive,synthetic_barcode,200,384,12,3,0.005,0.010643,18791.7,7216010.5,622187
dotmatch_indexed,synthetic_barcode,200,384,12,3,0.010,0.010718,18660.2,7165516.0,669112
dotmatch_scan,synthetic_barcode,200,384,12,3,0.010,0.010741,18620.2,7150172.2,669112
dotmatch_naive,synthetic_barcode,200,384,12,3,0.010,0.010688,18712.6,7185628.7,669112
dotmatch_indexed,synthetic_barcode,200,384,12,3,0.030,0.010654,18772.3,7208560.2,705619
dotmatch_scan,synthetic_barcode,200,384,12,3,0.030,0.010674,18737.1,7195053.4,705619
dotmatch_naive,synthetic_barcode,200,384,12,3,0.030,0.011127,17974.3,6902130.0,705619
dotmatch_indexed,synthetic_barcode,200,737,12,0,0.000,0.000027,7407414.9,5459264766.9,1265190
dotmatch_scan,synthetic_barcode,200,737,12,0,0.000,0.000536,373134.3,274999996.5,1265190
dotmatch_naive,synthetic_barcode,200,737,12,0,0.000,0.000536,373134.3,274999996.5,1265190
dotmatch_indexed,synthetic_barcode,200,737,12,0,0.005,0.000025,7999976.3,5895982560.4,1173906
dotmatch_scan,synthetic_barcode,200,737,12,0,0.005,0.000537,372439.5,274487888.3,1173906
dotmatch_naive,synthetic_barcode,200,737,12,0,0.005,0.000476,420168.1,309663855.4,1173906
dotmatch_indexed,synthetic_barcode,200,737,12,0,0.010,0.000026,7692318.0,5669238369.0,1124318
dotmatch_scan,synthetic_barcode,200,737,12,0,0.010,0.000475,421052.6,310315784.2,1124318
dotmatch_naive,synthetic_barcode,200,737,12,0,0.010,0.000477,419287.2,309014660.0,1124318
dotmatch_indexed,synthetic_barcode,200,737,12,0,0.030,0.000027,7407382.9,5459241228.4,815752
dotmatch_scan,synthetic_barcode,200,737,12,0,0.030,0.000472,423728.8,312288145.4,815752
dotmatch_naive,synthetic_barcode,200,737,12,0,0.030,0.000475,421052.6,310315784.2,815752
dotmatch_indexed,synthetic_barcode,200,737,12,1,0.000,0.000320,625000.0,460625011.6,1329926
dotmatch_scan,synthetic_barcode,200,737,12,1,0.000,0.001510,132450.3,97615895.8,1329926
dotmatch_naive,synthetic_barcode,200,737,12,1,0.000,0.001400,142857.1,105285709.3,1329926
dotmatch_indexed,synthetic_barcode,200,737,12,1,0.005,0.000315,634920.7,467936576.5,1280078
dotmatch_scan,synthetic_barcode,200,737,12,1,0.005,0.001416,141242.9,104096039.9,1280078
dotmatch_naive,synthetic_barcode,200,737,12,1,0.005,0.001266,157977.9,116429691.2,1280078
dotmatch_indexed,synthetic_barcode,200,737,12,1,0.010,0.000303,660065.8,486468493.9,1291612
dotmatch_scan,synthetic_barcode,200,737,12,1,0.010,0.001417,141143.3,104022585.6,1291612
dotmatch_naive,synthetic_barcode,200,737,12,1,0.010,0.001435,139372.8,102717771.2,1291612
dotmatch_indexed,synthetic_barcode,200,737,12,1,0.030,0.000351,569800.6,419943025.8,1190345
dotmatch_scan,synthetic_barcode,200,737,12,1,0.030,0.001414,141442.7,104243277.3,1190345
dotmatch_naive,synthetic_barcode,200,737,12,1,0.030,0.001336,149700.6,110329337.6,1190345
dotmatch_indexed,synthetic_barcode,200,737,12,2,0.000,0.026134,7652.9,5640162.3,1304393
dotmatch_scan,synthetic_barcode,200,737,12,2,0.000,0.024000,8333.3,6141666.6,1304393
dotmatch_naive,synthetic_barcode,200,737,12,2,0.000,0.033001,6060.4,4466531.3,1304393
dotmatch_indexed,synthetic_barcode,200,737,12,2,0.005,0.034722,5760.0,4245147.2,1331586
dotmatch_scan,synthetic_barcode,200,737,12,2,0.005,0.022814,8766.5,6460945.1,1331586
dotmatch_naive,synthetic_barcode,200,737,12,2,0.005,0.022325,8958.6,6602463.6,1331586
dotmatch_indexed,synthetic_barcode,200,737,12,2,0.010,0.021370,9358.9,6897519.9,1313621
dotmatch_scan,synthetic_barcode,200,737,12,2,0.010,0.022168,9022.0,6649224.1,1313621
dotmatch_naive,synthetic_barcode,200,737,12,2,0.010,0.022622,8841.0,6515781.1,1313621
dotmatch_indexed,synthetic_barcode,200,737,12,2,0.030,0.021401,9345.4,6887528.6,1202679
dotmatch_scan,synthetic_barcode,200,737,12,2,0.030,0.022059,9066.6,6682079.9,1202679
dotmatch_naive,synthetic_barcode,200,737,12,2,0.030,0.021826,9163.4,6753413.4,1202679
dotmatch_indexed,synthetic_barcode,200,737,12,3,0.000,0.021688,9221.7,6796385.1,1249692
dotmatch_scan,synthetic_barcode,200,737,12,3,0.000,0.021951,9111.2,6714956.0,1249692
dotmatch_naive,synthetic_barcode,200,737,12,3,0.000,0.021716,9209.8,6787622.1,1249692
dotmatch_indexed,synthetic_barcode,200,737,12,3,0.005,0.026278,7610.9,5609254.9,1239213
dotmatch_scan,synthetic_barcode,200,737,12,3,0.005,0.022574,8859.8,6529635.8,1239213
dotmatch_naive,synthetic_barcode,200,737,12,3,0.005,0.023436,8533.9,6289469.2,1239213
dotmatch_indexed,synthetic_barcode,200,737,12,3,0.010,0.023204,8619.2,6352353.0,1249067
dotmatch_scan,synthetic_barcode,200,737,12,3,0.010,0.022277,8977.9,6616689.9,1249067
dotmatch_naive,synthetic_barcode,200,737,12,3,0.010,0.020412,9798.2,7221242.4,1249067
dotmatch_indexed,synthetic_barcode,200,737,12,3,0.030,0.020515,9749.0,7184986.6,1289159
dotmatch_scan,synthetic_barcode,200,737,12,3,0.030,0.020534,9739.9,7178338.4,1289159
dotmatch_naive,synthetic_barcode,200,737,12,3,0.030,0.020523,9745.2,7182185.9,1289159
dotmatch_indexed,synthetic_barcode,200,4096,12,0,0.000,0.000027,7407414.9,30340771350.4,7155537
dotmatch_scan,synthetic_barcode,200,4096,12,0,0.000,0.002995,66778.0,273522538.7,7155537
dotmatch_naive,synthetic_barcode,200,4096,12,0,0.000,0.002956,67659.0,277131265.6,7155537
dotmatch_indexed,synthetic_barcode,200,4096,12,0,0.005,0.000027,7407414.9,30340771350.4,7298934
dotmatch_scan,synthetic_barcode,200,4096,12,0,0.005,0.002869,69710.7,285535033.6,7298934
dotmatch_naive,synthetic_barcode,200,4096,12,0,0.005,0.002590,77220.1,316293430.5,7298934
dotmatch_indexed,synthetic_barcode,200,4096,12,0,0.010,0.000026,7692318.0,31507734544.8,6325302
dotmatch_scan,synthetic_barcode,200,4096,12,0,0.010,0.002600,76923.1,315076922.2,6325302
dotmatch_naive,synthetic_barcode,200,4096,12,0,0.010,0.002624,76219.5,312195127.1,6325302
dotmatch_indexed,synthetic_barcode,200,4096,12,0,0.030,0.000026,7692318.0,31507734544.8,4390683
dotmatch_scan,synthetic_barcode,200,4096,12,0,0.030,0.002589,77249.9,316415599.6,4390683
dotmatch_naive,synthetic_barcode,200,4096,12,0,0.030,0.002591,77190.3,316171369.9,4390683
dotmatch_indexed,synthetic_barcode,200,4096,12,1,0.000,0.000669,298953.6,1224514038.8,6872590
dotmatch_scan,synthetic_barcode,200,4096,12,1,0.000,0.007795,25657.5,105093007.0,6872590
dotmatch_naive,synthetic_barcode,200,4096,12,1,0.000,0.007742,25833.1,105812450.9,6872590
dotmatch_indexed,synthetic_barcode,200,4096,12,1,0.005,0.000657,304414.0,1246879762.4,6454844
dotmatch_scan,synthetic_barcode,200,4096,12,1,0.005,0.007905,25300.4,103630613.5,6454844
dotmatch_naive,synthetic_barcode,200,4096,12,1,0.005,0.007837,25520.0,104529793.6,6454844
dotmatch_indexed,synthetic_barcode,200,4096,12,1,0.010,0.000618,323624.6,1325566487.3,7582809
dotmatch_scan,synthetic_barcode,200,4096,12,1,0.010,0.007903,25306.8,103656839.3,7582809
dotmatch_naive,synthetic_barcode,200,4096,12,1,0.010,0.007727,25883.3,106017858.8,7582809
dotmatch_indexed,synthetic_barcode,200,4096,12,1,0.030,0.000605,330578.5,1354049698.3,6715207
dotmatch_scan,synthetic_barcode,200,4096,12,1,0.030,0.007884,25367.8,103906646.9,6715207
dotmatch_naive,synthetic_barcode,200,4096,12,1,0.030,0.007815,25591.8,104824056.0,6715207
dotmatch_indexed,synthetic_barcode,200,4096,12,2,0.000,0.017048,11731.6,48052557.5,6907387
dotmatch_scan,synthetic_barcode,200,4096,12,2,0.000,0.113139,1767.7,7240650.9,6907387
dotmatch_naive,synthetic_barcode,200,4096,12,2,0.000,0.113225,1766.4,7235151.2,6907387
dotmatch_indexed,synthetic_barcode,200,4096,12,2,0.005,0.017706,11295.6,46266802.5,6690842
dotmatch_scan,synthetic_barcode,200,4096,12,2,0.005,0.114145,1752.2,7176836.5,6690842
dotmatch_naive,synthetic_barcode,200,4096,12,2,0.005,0.114555,1745.9,7151150.1,6690842
dotmatch_indexed,synthetic_barcode,200,4096,12,2,0.010,0.017227,11609.7,47553259.5,6517671
dotmatch_scan,synthetic_barcode,200,4096,12,2,0.010,0.114577,1745.6,7149777.0,6517671
dotmatch_naive,synthetic_barcode,200,4096,12,2,0.010,0.147670,1354.4,5547504.6,6517671
dotmatch_indexed,synthetic_barcode,200,4096,12,2,0.030,0.027624,7240.1,29655372.0,6734785
dotmatch_scan,synthetic_barcode,200,4096,12,2,0.030,0.154114,1297.7,5315545.6,6734785
dotmatch_naive,synthetic_barcode,200,4096,12,2,0.030,0.156038,1281.7,5250003.2,6734785
dotmatch_indexed,synthetic_barcode,200,4096,12,3,0.000,0.119042,1680.1,6881604.8,7058461
dotmatch_scan,synthetic_barcode,200,4096,12,3,0.000,0.105005,1904.7,7801533.3,7058461
dotmatch_naive,synthetic_barcode,200,4096,12,3,0.000,0.114507,1746.6,7154147.8,7058461
dotmatch_indexed,synthetic_barcode,200,4096,12,3,0.005,0.113451,1762.9,7220738.5,6946713
dotmatch_scan,synthetic_barcode,200,4096,12,3,0.005,0.113602,1760.5,7211140.7,6946713
dotmatch_naive,synthetic_barcode,200,4096,12,3,0.005,0.114917,1740.4,7128623.3,6946713
dotmatch_indexed,synthetic_barcode,200,4096,12,3,0.010,0.115127,1737.2,7115620.1,6811085
dotmatch_scan,synthetic_barcode,200,4096,12,3,0.010,0.118565,1686.8,6909290.3,6811085
dotmatch_naive,synthetic_barcode,200,4096,12,3,0.010,0.115258,1735.2,7107532.7,6811085
dotmatch_indexed,synthetic_barcode,200,4096,12,3,0.030,0.130478,1532.8,6278453.1,6788643
dotmatch_scan,synthetic_barcode,200,4096,12,3,0.030,0.195535,1022.8,4189531.3,6788643
dotmatch_naive,synthetic_barcode,200,4096,12,3,0.030,0.139057,1438.3,5891109.4,6788643
dotmatch_indexed,synthetic_barcode,200,96,16,0,0.000,0.000045,4444445.1,426666729.2,176544
dotmatch_scan,synthetic_barcode,200,96,16,0,0.000,0.000096,2083332.6,199999932.3,176544
dotmatch_naive,synthetic_barcode,200,96,16,0,0.000,0.000114,1754385.1,168420974.1,176544
dotmatch_indexed,synthetic_barcode,200,96,16,0,0.005,0.000079,2531644.9,243037914.8,166575
dotmatch_scan,synthetic_barcode,200,96,16,0,0.005,0.000175,1142856.8,109714253.1,166575
dotmatch_naive,synthetic_barcode,200,96,16,0,0.005,0.000159,1257861.3,120754681.6,166575
dotmatch_indexed,synthetic_barcode,200,96,16,0,0.010,0.000027,7407382.9,711108762.5,151198
dotmatch_scan,synthetic_barcode,200,96,16,0,0.010,0.000073,2739722.6,263013373.7,151198
dotmatch_naive,synthetic_barcode,200,96,16,0,0.010,0.000089,2247191.5,215730387.5,151198
dotmatch_indexed,synthetic_barcode,200,96,16,0,0.030,0.000029,6896554.6,662069239.7,111614
dotmatch_scan,synthetic_barcode,200,96,16,0,0.030,0.000073,2739727.0,263013793.1,111614
dotmatch_naive,synthetic_barcode,200,96,16,0,0.030,0.000074,2702703.4,259459524.7,111614
dotmatch_indexed,synthetic_barcode,200,96,16,1,0.000,0.000369,542005.4,52032518.1,174436
dotmatch_scan,synthetic_barcode,200,96,16,1,0.000,0.000159,1257861.3,120754681.6,174436
dotmatch_naive,synthetic_barcode,200,96,16,1,0.000,0.000115,1739131.3,166956602.5,174436
dotmatch_indexed,synthetic_barcode,200,96,16,1,0.005,0.000340,588235.2,56470583.6,182682
dotmatch_scan,synthetic_barcode,200,96,16,1,0.005,0.000167,1197604.9,114970066.0,182682
dotmatch_naive,synthetic_barcode,200,96,16,1,0.005,0.000124,1612903.1,154838693.6,182682
dotmatch_indexed,synthetic_barcode,200,96,16,1,0.010,0.000318,628930.9,60377362.9,172388
dotmatch_scan,synthetic_barcode,200,96,16,1,0.010,0.000173,1156069.9,110982710.1,172388
dotmatch_naive,synthetic_barcode,200,96,16,1,0.010,0.000125,1599999.7,153599974.8,172388
dotmatch_indexed,synthetic_barcode,200,96,16,1,0.030,0.000334,598802.2,57485013.0,163673
dotmatch_scan,synthetic_barcode,200,96,16,1,0.030,0.000180,1111111.3,106666682.3,163673
dotmatch_naive,synthetic_barcode,200,96,16,1,0.030,0.000133,1503759.8,144360940.3,163673
dotmatch_indexed,synthetic_barcode,200,96,16,2,0.000,0.038509,5193.6,498584.7,187339
dotmatch_scan,synthetic_barcode,200,96,16,2,0.000,0.003537,56545.1,5428329.0,187339
dotmatch_naive,synthetic_barcode,200,96,16,2,0.000,0.003802,52603.9,5049973.7,187339
dotmatch_indexed,synthetic_barcode,200,96,16,2,0.005,0.032700,6116.2,587156.0,181778
dotmatch_scan,synthetic_barcode,200,96,16,2,0.005,0.003364,59453.0,5707491.1,181778
dotmatch_naive,synthetic_barcode,200,96,16,2,0.005,0.003343,59826.5,5743344.4,181778
dotmatch_indexed,synthetic_barcode,200,96,16,2,0.010,0.033160,6031.4,579010.9,185612
dotmatch_scan,synthetic_barcode,200,96,16,2,0.010,0.003433,58258.1,5592775.9,185612
dotmatch_naive,synthetic_barcode,200,96,16,2,0.010,0.003349,59719.3,5733054.6,185612
dotmatch_indexed,synthetic_barcode,200,96,16,2,0.030,0.033007,6059.3,581694.8,191566
dotmatch_scan,synthetic_barcode,200,96,16,2,0.030,0.003355,59612.5,5722801.9,191566
dotmatch_naive,synthetic_barcode,200,96,16,2,0.030,0.003366,59417.7,5704099.8,191566
dotmatch_indexed,synthetic_barcode,200,96,16,3,0.000,0.003344,59808.6,5741626.8,177785
dotmatch_scan,synthetic_barcode,200,96,16,3,0.000,0.003351,59683.7,5729632.9,177785
dotmatch_naive,synthetic_barcode,200,96,16,3,0.000,0.003338,59916.1,5751947.4,177785
dotmatch_indexed,synthetic_barcode,200,96,16,3,0.005,0.003443,58088.9,5576532.1,183569
dotmatch_scan,synthetic_barcode,200,96,16,3,0.005,0.003338,59916.1,5751947.4,183569
dotmatch_naive,synthetic_barcode,200,96,16,3,0.005,0.003399,58840.8,5648720.1,183569
dotmatch_indexed,synthetic_barcode,200,96,16,3,0.010,0.003407,58702.7,5635456.4,182421
dotmatch_scan,synthetic_barcode,200,96,16,3,0.010,0.003380,59171.6,5680473.4,182421
dotmatch_naive,synthetic_barcode,200,96,16,3,0.010,0.003398,58858.2,5650382.5,182421
dotmatch_indexed,synthetic_barcode,200,96,16,3,0.030,0.003398,58858.2,5650382.5,187687
dotmatch_scan,synthetic_barcode,200,96,16,3,0.030,0.003364,59453.0,5707491.1,187687
dotmatch_naive,synthetic_barcode,200,96,16,3,0.030,0.003422,58445.4,5610754.0,187687
dotmatch_indexed,synthetic_barcode,200,384,16,0,0.000,0.000031,6451612.2,2477419097.6,686748
dotmatch_scan,synthetic_barcode,200,384,16,0,0.000,0.000282,709219.7,272340375.5,686748
dotmatch_naive,synthetic_barcode,200,384,16,0,0.000,0.000282,709220.0,272340487.9,686748
dotmatch_indexed,synthetic_barcode,200,384,16,0,0.005,0.000031,6451612.2,2477419097.6,623373
dotmatch_scan,synthetic_barcode,200,384,16,0,0.005,0.000281,711743.7,273309565.6,623373
dotmatch_naive,synthetic_barcode,200,384,16,0,0.005,0.000281,711744.0,273309678.8,623373
dotmatch_indexed,synthetic_barcode,200,384,16,0,0.010,0.000032,6249997.9,2399999187.5,547759
dotmatch_scan,synthetic_barcode,200,384,16,0,0.010,0.000281,711744.0,273309678.8,547759
dotmatch_naive,synthetic_barcode,200,384,16,0,0.010,0.000281,711743.7,273309565.6,547759
dotmatch_indexed,synthetic_barcode,200,384,16,0,0.030,0.000032,6249997.9,2399999187.5,464798
dotmatch_scan,synthetic_barcode,200,384,16,0,0.030,0.000281,711744.0,273309678.8,464798
dotmatch_naive,synthetic_barcode,200,384,16,0,0.030,0.000281,711743.7,273309565.6,464798
dotmatch_indexed,synthetic_barcode,200,384,16,1,0.000,0.000385,519480.5,199480508.5,613359
dotmatch_scan,synthetic_barcode,200,384,16,1,0.000,0.000736,271739.2,104347840.3,613359
dotmatch_naive,synthetic_barcode,200,384,16,1,0.000,0.000624,320512.8,123076904.4,613359
dotmatch_indexed,synthetic_barcode,200,384,16,1,0.005,0.000376,531915.0,204255344.9,703669
dotmatch_scan,synthetic_barcode,200,384,16,1,0.005,0.000812,246305.4,94581279.3,703669
dotmatch_naive,synthetic_barcode,200,384,16,1,0.005,0.000678,294985.3,113274349.0,703669
dotmatch_indexed,synthetic_barcode,200,384,16,1,0.010,0.000371,539083.5,207008069.0,675297
dotmatch_scan,synthetic_barcode,200,384,16,1,0.010,0.000737,271370.5,104206254.6,675297
dotmatch_naive,synthetic_barcode,200,384,16,1,0.010,0.000629,317965.0,122098566.0,675297
dotmatch_indexed,synthetic_barcode,200,384,16,1,0.030,0.000378,529100.6,203174620.4,610921
dotmatch_scan,synthetic_barcode,200,384,16,1,0.030,0.000748,267379.7,102673798.0,610921
dotmatch_naive,synthetic_barcode,200,384,16,1,0.030,0.000642,311526.5,119626168.4,610921
dotmatch_indexed,synthetic_barcode,200,384,16,2,0.000,0.034208,5846.6,2245088.9,713778
dotmatch_scan,synthetic_barcode,200,384,16,2,0.000,0.013748,14547.6,5586267.1,713778
dotmatch_naive,synthetic_barcode,200,384,16,2,0.000,0.013524,14788.5,5678793.2,713778
dotmatch_indexed,synthetic_barcode,200,384,16,2,0.005,0.034099,5865.3,2252265.5,669578
dotmatch_scan,synthetic_barcode,200,384,16,2,0.005,0.013417,14906.5,5724081.4,669578
dotmatch_naive,synthetic_barcode,200,384,16,2,0.005,0.013571,14737.3,5659126.0,669578
dotmatch_indexed,synthetic_barcode,200,384,16,2,0.010,0.033998,5882.7,2258956.4,670001
dotmatch_scan,synthetic_barcode,200,384,16,2,0.010,0.013401,14924.3,5730915.6,670001
dotmatch_naive,synthetic_barcode,200,384,16,2,0.010,0.013357,14973.4,5749794.1,670001
dotmatch_indexed,synthetic_barcode,200,384,16,2,0.030,0.034285,5833.5,2240046.7,681392
dotmatch_scan,synthetic_barcode,200,384,16,2,0.030,0.013502,14812.6,5688046.2,681392
dotmatch_naive,synthetic_barcode,200,384,16,2,0.030,0.013559,14750.4,5664134.5,681392
dotmatch_indexed,synthetic_barcode,200,384,16,3,0.000,0.013730,14566.6,5593590.7,747965
dotmatch_scan,synthetic_barcode,200,384,16,3,0.000,0.013574,14734.1,5657875.4,747965
dotmatch_naive,synthetic_barcode,200,384,16,3,0.000,0.013514,14799.5,5682995.4,747965
dotmatch_indexed,synthetic_barcode,200,384,16,3,0.005,0.013427,14895.4,5719818.3,616667
dotmatch_scan,synthetic_barcode,200,384,16,3,0.005,0.013391,14935.4,5735195.3,616667
dotmatch_naive,synthetic_barcode,200,384,16,3,0.005,0.013419,14904.2,5723228.2,616667
dotmatch_indexed,synthetic_barcode,200,384,16,3,0.010,0.013577,14730.8,5656625.2,679517
dotmatch_scan,synthetic_barcode,200,384,16,3,0.010,0.013552,14758.0,5667060.2,679517
dotmatch_naive,synthetic_barcode,200,384,16,3,0.010,0.013609,14696.2,5643324.3,679517
dotmatch_indexed,synthetic_barcode,200,384,16,3,0.030,0.013608,14697.2,5643739.0,670013
dotmatch_scan,synthetic_barcode,200,384,16,3,0.030,0.013500,14814.8,5688888.9,670013
dotmatch_naive,synthetic_barcode,200,384,16,3,0.030,0.013579,14728.6,5655792.1,670013
dotmatch_indexed,synthetic_barcode,200,737,16,0,0.000,0.000032,6249997.9,4606248440.6,1341384
dotmatch_scan,synthetic_barcode,200,737,16,0,0.000,0.000536,373134.3,274999996.5,1341384
dotmatch_naive,synthetic_barcode,200,737,16,0,0.000,0.000537,372439.5,274487888.3,1341384
dotmatch_indexed,synthetic_barcode,200,737,16,0,0.005,0.000032,6249997.9,4606248440.6,1170471
dotmatch_scan,synthetic_barcode,200,737,16,0,0.005,0.000536,373134.3,274999996.5,1170471
dotmatch_naive,synthetic_barcode,200,737,16,0,0.005,0.000536,373134.3,274999996.5,1170471
dotmatch_indexed,synthetic_barcode,200,737,16,0,0.010,0.000032,6249997.9,4606248440.6,1077842
dotmatch_scan,synthetic_barcode,200,737,16,0,0.010,0.000536,373134.3,274999996.5,1077842
dotmatch_naive,synthetic_barcode,200,737,16,0,0.010,0.000564,354609.9,261347523.7,1077842
dotmatch_indexed,synthetic_barcode,200,737,16,0,0.030,0.000034,5882348.4,4335290794.5,796294
dotmatch_scan,synthetic_barcode,200,737,16,0,0.030,0.000537,372439.5,274487947.8,796294
dotmatch_naive,synthetic_barcode,200,737,16,0,0.030,0.000538,371747.2,273977683.9,796294
dotmatch_indexed,synthetic_barcode,200,737,16,1,0.000,0.000416,480769.2,354326902.3,1325047
dotmatch_scan,synthetic_barcode,200,737,16,1,0.000,0.001421,140746.0,103729768.2,1325047
dotmatch_naive,synthetic_barcode,200,737,16,1,0.000,0.001347,148478.1,109428358.3,1325047
dotmatch_indexed,synthetic_barcode,200,737,16,1,0.005,0.000403,496278.0,365756891.5,1258027
dotmatch_scan,synthetic_barcode,200,737,16,1,0.005,0.001433,139567.3,102861132.8,1258027
dotmatch_naive,synthetic_barcode,200,737,16,1,0.005,0.001351,148038.5,109104363.7,1258027
dotmatch_indexed,synthetic_barcode,200,737,16,1,0.010,0.000420,476190.4,350952335.1,1262434
dotmatch_scan,synthetic_barcode,200,737,16,1,0.010,0.001351,148038.5,109104373.1,1262434
dotmatch_naive,synthetic_barcode,200,737,16,1,0.010,0.001237,161681.5,119159257.3,1262434
dotmatch_indexed,synthetic_barcode,200,737,16,1,0.030,0.000414,483091.8,356038639.4,1094561
dotmatch_scan,synthetic_barcode,200,737,16,1,0.030,0.001396,143266.5,105587389.8,1094561
dotmatch_naive,synthetic_barcode,200,737,16,1,0.030,0.001241,161160.4,118775179.4,1094561
dotmatch_indexed,synthetic_barcode,200,737,16,2,0.000,0.033966,5888.2,4339633.7,1301315
dotmatch_scan,synthetic_barcode,200,737,16,2,0.000,0.025989,7695.6,5671630.3,1301315
dotmatch_naive,synthetic_barcode,200,737,16,2,0.000,0.026597,7519.6,5541978.4,1301315
dotmatch_indexed,synthetic_barcode,200,737,16,2,0.005,0.034472,5801.8,4275934.1,1215312
dotmatch_scan,synthetic_barcode,200,737,16,2,0.005,0.026357,7588.1,5592442.2,1215312
dotmatch_naive,synthetic_barcode,200,737,16,2,0.005,0.026451,7561.2,5572568.1,1215312
dotmatch_indexed,synthetic_barcode,200,737,16,2,0.010,0.034891,5732.1,4224585.1,1271768
dotmatch_scan,synthetic_barcode,200,737,16,2,0.010,0.027115,7376.0,5436105.5,1271768
dotmatch_naive,synthetic_barcode,200,737,16,2,0.010,0.026513,7543.5,5559536.8,1271768
dotmatch_indexed,synthetic_barcode,200,737,16,2,0.030,0.034298,5831.2,4297626.7,1291512
dotmatch_scan,synthetic_barcode,200,737,16,2,0.030,0.026368,7585.0,5590109.2,1291512
dotmatch_naive,synthetic_barcode,200,737,16,2,0.030,0.026389,7578.9,5585660.7,1291512
dotmatch_indexed,synthetic_barcode,200,737,16,3,0.000,0.026340,7593.0,5596051.6,1320151
dotmatch_scan,synthetic_barcode,200,737,16,3,0.000,0.026495,7548.6,5563313.8,1320151
dotmatch_naive,synthetic_barcode,200,737,16,3,0.000,0.026604,7517.7,5540520.2,1320151
dotmatch_indexed,synthetic_barcode,200,737,16,3,0.005,0.026179,7639.7,5630467.2,1296709
dotmatch_scan,synthetic_barcode,200,737,16,3,0.005,0.026911,7431.9,5477314.1,1296709
dotmatch_naive,synthetic_barcode,200,737,16,3,0.005,0.027586,7250.1,5343290.1,1296709
dotmatch_indexed,synthetic_barcode,200,737,16,3,0.010,0.027073,7387.4,5444538.8,1287853
dotmatch_scan,synthetic_barcode,200,737,16,3,0.010,0.026123,7656.1,5642537.2,1287853
dotmatch_naive,synthetic_barcode,200,737,16,3,0.010,0.026886,7438.8,5482407.2,1287853
dotmatch_indexed,synthetic_barcode,200,737,16,3,0.030,0.025875,7729.5,5696618.4,1353959
dotmatch_scan,synthetic_barcode,200,737,16,3,0.030,0.026170,7642.3,5632403.5,1353959
dotmatch_naive,synthetic_barcode,200,737,16,3,0.030,0.026669,7499.3,5527016.4,1353959
dotmatch_indexed,synthetic_barcode,200,4096,16,0,0.000,0.000036,5555549.2,22755529455.5,6940266
dotmatch_scan,synthetic_barcode,200,4096,16,0,0.000,0.002971,67317.4,275732084.0,6940266
dotmatch_naive,synthetic_barcode,200,4096,16,0,0.000,0.003092,64683.1,264941782.8,6940266
dotmatch_indexed,synthetic_barcode,200,4096,16,0,0.005,0.000035,5714280.2,23405691765.0,6913034
dotmatch_scan,synthetic_barcode,200,4096,16,0,0.005,0.002959,67590.4,276850281.4,6913034
dotmatch_naive,synthetic_barcode,200,4096,16,0,0.005,0.002959,67590.4,276850292.2,6913034
dotmatch_indexed,synthetic_barcode,200,4096,16,0,0.010,0.000035,5714280.2,23405691765.0,5989775
dotmatch_scan,synthetic_barcode,200,4096,16,0,0.010,0.003236,61804.7,253152042.6,5989775
dotmatch_naive,synthetic_barcode,200,4096,16,0,0.010,0.003114,64226.1,263070009.6,5989775
dotmatch_indexed,synthetic_barcode,200,4096,16,0,0.030,0.000040,5000005.6,20480022869.1,4264455
dotmatch_scan,synthetic_barcode,200,4096,16,0,0.030,0.003090,64724.9,265113267.5,4264455
dotmatch_naive,synthetic_barcode,200,4096,16,0,0.030,0.002958,67613.3,276943875.8,4264455
dotmatch_indexed,synthetic_barcode,200,4096,16,1,0.000,0.000935,213903.8,876149824.6,7207727
dotmatch_scan,synthetic_barcode,200,4096,16,1,0.000,0.008065,24798.5,101574704.8,7207727
dotmatch_naive,synthetic_barcode,200,4096,16,1,0.000,0.008202,24384.3,99878077.8,7207727
dotmatch_indexed,synthetic_barcode,200,4096,16,1,0.005,0.000729,274348.4,1123731195.5,7271662
dotmatch_scan,synthetic_barcode,200,4096,16,1,0.005,0.008272,24177.9,99032881.9,7271662
dotmatch_naive,synthetic_barcode,200,4096,16,1,0.005,0.008160,24509.8,100392157.3,7271662
dotmatch_indexed,synthetic_barcode,200,4096,16,1,0.010,0.000758,263852.3,1080738856.1,6681443
dotmatch_scan,synthetic_barcode,200,4096,16,1,0.010,0.008221,24327.9,99647245.3,6681443
dotmatch_naive,synthetic_barcode,200,4096,16,1,0.010,0.008318,24044.2,98485212.7,6681443
dotmatch_indexed,synthetic_barcode,200,4096,16,1,0.030,0.000785,254777.1,1043566825.5,6404340
dotmatch_scan,synthetic_barcode,200,4096,16,1,0.030,0.008341,23977.9,98213644.0,6404340
dotmatch_naive,synthetic_barcode,200,4096,16,1,0.030,0.008339,23983.7,98237198.1,6404340
dotmatch_indexed,synthetic_barcode,200,4096,16,2,0.000,0.029632,6749.5,27645788.3,6916568
dotmatch_scan,synthetic_barcode,200,4096,16,2,0.000,0.171158,1168.5,4786220.9,6916568
dotmatch_naive,synthetic_barcode,200,4096,16,2,0.000,0.214955,930.4,3811030.2,6916568
dotmatch_indexed,synthetic_barcode,200,4096,16,2,0.005,0.044916,4452.8,18238489.6,7652477
dotmatch_scan,synthetic_barcode,200,4096,16,2,0.005,0.152765,1309.2,5362484.9,7652477
dotmatch_naive,synthetic_barcode,200,4096,16,2,0.005,0.143965,1389.2,5690271.9,7652477
dotmatch_indexed,synthetic_barcode,200,4096,16,2,0.010,0.028245,7080.9,29003363.5,7118080
dotmatch_scan,synthetic_barcode,200,4096,16,2,0.010,0.143201,1396.6,5720630.4,7118080
dotmatch_naive,synthetic_barcode,200,4096,16,2,0.010,0.145612,1373.5,5625910.0,7118080
dotmatch_indexed,synthetic_barcode,200,4096,16,2,0.030,0.029414,6799.5,27850683.4,6965899
dotmatch_scan,synthetic_barcode,200,4096,16,2,0.030,0.146340,1366.7,5597922.6,6965899
dotmatch_naive,synthetic_barcode,200,4096,16,2,0.030,0.143942,1389.4,5691181.2,6965899
dotmatch_indexed,synthetic_barcode,200,4096,16,3,0.000,0.145403,1375.5,5633996.5,6988173
dotmatch_scan,synthetic_barcode,200,4096,16,3,0.000,0.143141,1397.2,5723028.3,6988173
dotmatch_naive,synthetic_barcode,200,4096,16,3,0.000,0.145070,1378.6,5646929.1,6988173
dotmatch_indexed,synthetic_barcode,200,4096,16,3,0.005,0.145999,1369.9,5610997.3,7193241
dotmatch_scan,synthetic_barcode,200,4096,16,3,0.005,0.147824,1353.0,5541725.3,7193241
dotmatch_naive,synthetic_barcode,200,4096,16,3,0.005,0.148623,1345.7,5511932.9,7193241
dotmatch_indexed,synthetic_barcode,200,4096,16,3,0.010,0.147044,1360.1,5571121.6,7515953
dotmatch_scan,synthetic_barcode,200,4096,16,3,0.010,0.144873,1380.5,5654607.8,7515953
dotmatch_naive,synthetic_barcode,200,4096,16,3,0.010,0.142822,1400.3,5735811.0,7515953
dotmatch_indexed,synthetic_barcode,200,4096,16,3,0.030,0.142397,1404.5,5752930.2,7102851
dotmatch_scan,synthetic_barcode,200,4096,16,3,0.030,0.142548,1403.0,5746836.2,7102851
dotmatch_naive,synthetic_barcode,200,4096,16,3,0.030,0.142486,1403.6,5749336.8,7102851
dotmatch_indexed,synthetic_barcode,200,96,24,0,0.000,0.000038,5263166.2,505263954.3,177904
dotmatch_scan,synthetic_barcode,200,96,24,0,0.000,0.000066,3030301.3,290908928.3,177904
dotmatch_naive,synthetic_barcode,200,96,24,0,0.000,0.000067,2985077.8,286567471.7,177904
dotmatch_indexed,synthetic_barcode,200,96,24,0,0.005,0.000038,5263150.1,505262406.4,151588
dotmatch_scan,synthetic_barcode,200,96,24,0,0.005,0.000066,3030301.3,290908928.3,151588
dotmatch_naive,synthetic_barcode,200,96,24,0,0.005,0.000067,2985072.6,286566973.8,151588
dotmatch_indexed,synthetic_barcode,200,96,24,0,0.010,0.000039,5128212.0,492308352.3,152968
dotmatch_scan,synthetic_barcode,200,96,24,0,0.010,0.000066,3030301.3,290908928.3,152968
dotmatch_naive,synthetic_barcode,200,96,24,0,0.010,0.000066,3030301.3,290908928.3,152968
dotmatch_indexed,synthetic_barcode,200,96,24,0,0.030,0.000043,4651165.2,446511854.5,110568
dotmatch_scan,synthetic_barcode,200,96,24,0,0.030,0.000066,3030301.3,290908928.3,110568
dotmatch_naive,synthetic_barcode,200,96,24,0,0.030,0.000066,3030306.7,290909441.4,110568
dotmatch_indexed,synthetic_barcode,200,96,24,1,0.000,0.000624,320512.8,30769231.8,189532
dotmatch_scan,synthetic_barcode,200,96,24,1,0.000,0.000177,1129943.8,108474606.4,189532
dotmatch_naive,synthetic_barcode,200,96,24,1,0.000,0.000122,1639344.3,157377052.2,189532
dotmatch_indexed,synthetic_barcode,200,96,24,1,0.005,0.000619,323101.7,31017767.8,191535
dotmatch_scan,synthetic_barcode,200,96,24,1,0.005,0.000168,1190476.2,114285715.2,191535
dotmatch_naive,synthetic_barcode,200,96,24,1,0.005,0.000121,1652892.7,158677699.0,191535
dotmatch_indexed,synthetic_barcode,200,96,24,1,0.010,0.000596,335570.5,32214765.2,178319
dotmatch_scan,synthetic_barcode,200,96,24,1,0.010,0.000166,1204819.4,115662662.1,178319
dotmatch_naive,synthetic_barcode,200,96,24,1,0.010,0.000127,1574802.7,151181059.8,178319
dotmatch_indexed,synthetic_barcode,200,96,24,1,0.030,0.000603,331675.0,31840799.5,151062
dotmatch_scan,synthetic_barcode,200,96,24,1,0.030,0.000171,1169590.5,112280687.6,151062
dotmatch_naive,synthetic_barcode,200,96,24,1,0.030,0.000125,1599999.7,153599974.8,151062
dotmatch_indexed,synthetic_barcode,200,96,24,2,0.000,0.070247,2847.1,273321.3,182783
dotmatch_scan,synthetic_barcode,200,96,24,2,0.000,0.004856,41186.2,3953871.4,182783
dotmatch_naive,synthetic_barcode,200,96,24,2,0.000,0.004830,41407.9,3975155.3,182783
dotmatch_indexed,synthetic_barcode,200,96,24,2,0.005,0.071141,2811.3,269886.6,173058
dotmatch_scan,synthetic_barcode,200,96,24,2,0.005,0.004869,41076.2,3943314.8,173058
dotmatch_naive,synthetic_barcode,200,96,24,2,0.005,0.004808,41597.3,3993344.4,173058
dotmatch_indexed,synthetic_barcode,200,96,24,2,0.010,0.071636,2791.9,268021.7,179586
dotmatch_scan,synthetic_barcode,200,96,24,2,0.010,0.004791,41744.9,4007514.2,179586
dotmatch_naive,synthetic_barcode,200,96,24,2,0.010,0.004840,41322.3,3966942.1,179586
dotmatch_indexed,synthetic_barcode,200,96,24,2,0.030,0.070462,2838.4,272487.3,179832
dotmatch_scan,synthetic_barcode,200,96,24,2,0.030,0.004794,41718.8,4005006.2,179832
dotmatch_naive,synthetic_barcode,200,96,24,2,0.030,0.004731,42274.4,4058338.7,179832
dotmatch_indexed,synthetic_barcode,200,96,24,3,0.000,0.004821,41485.2,3982576.2,184058
dotmatch_scan,synthetic_barcode,200,96,24,3,0.000,0.004840,41322.3,3966942.2,184058
dotmatch_naive,synthetic_barcode,200,96,24,3,0.000,0.004785,41797.3,4012539.2,184058
dotmatch_indexed,synthetic_barcode,200,96,24,3,0.005,0.004802,41649.3,3998334.0,171343
dotmatch_scan,synthetic_barcode,200,96,24,3,0.005,0.004720,42372.9,4067796.6,171343
dotmatch_naive,synthetic_barcode,200,96,24,3,0.005,0.004777,41867.3,4019258.9,171343
dotmatch_indexed,synthetic_barcode,200,96,24,3,0.010,0.004808,41597.3,3993344.5,181007
dotmatch_scan,synthetic_barcode,200,96,24,3,0.010,0.004742,42176.3,4048924.5,181007
dotmatch_naive,synthetic_barcode,200,96,24,3,0.010,0.004751,42096.4,4041254.5,181007
dotmatch_indexed,synthetic_barcode,200,96,24,3,0.030,0.004854,41203.1,3955500.6,183866
dotmatch_scan,synthetic_barcode,200,96,24,3,0.030,0.004857,41177.7,3953057.4,183866
dotmatch_naive,synthetic_barcode,200,96,24,3,0.030,0.004827,41433.6,3977625.9,183866
dotmatch_indexed,synthetic_barcode,200,384,24,0,0.000,0.000046,4347826.0,1669565180.3,636853
dotmatch_scan,synthetic_barcode,200,384,24,0,0.000,0.000248,806451.5,309677387.2,636853
dotmatch_naive,synthetic_barcode,200,384,24,0,0.000,0.000259,772200.4,296524971.2,636853
dotmatch_indexed,synthetic_barcode,200,384,24,0,0.005,0.000045,4444445.1,1706666916.7,604879
dotmatch_scan,synthetic_barcode,200,384,24,0,0.005,0.000248,806451.5,309677387.2,604879
dotmatch_naive,synthetic_barcode,200,384,24,0,0.005,0.000248,806451.5,309677387.2,604879
dotmatch_indexed,synthetic_barcode,200,384,24,0,0.010,0.000046,4347826.0,1669565180.3,504144
dotmatch_scan,synthetic_barcode,200,384,24,0,0.010,0.000248,806451.5,309677387.2,504144
dotmatch_naive,synthetic_barcode,200,384,24,0,0.010,0.000248,806451.5,309677387.2,504144
dotmatch_indexed,synthetic_barcode,200,384,24,0,0.030,0.000048,4166665.3,1599999458.3,305292
dotmatch_scan,synthetic_barcode,200,384,24,0,0.030,0.000247,809716.5,310931151.3,305292
dotmatch_naive,synthetic_barcode,200,384,24,0,0.030,0.000248,806451.5,309677387.2,305292
dotmatch_indexed,synthetic_barcode,200,384,24,1,0.000,0.000648,308642.0,118518531.6,678146
dotmatch_scan,synthetic_barcode,200,384,24,1,0.000,0.000692,289017.3,110982654.1,678146
dotmatch_naive,synthetic_barcode,200,384,24,1,0.000,0.000584,342465.7,131506844.1,678146
dotmatch_indexed,synthetic_barcode,200,384,24,1,0.005,0.000631,316957.3,121711585.3,655708
dotmatch_scan,synthetic_barcode,200,384,24,1,0.005,0.000704,284090.9,109090908.2,655708
dotmatch_naive,synthetic_barcode,200,384,24,1,0.005,0.000604,331125.8,127152305.5,655708
dotmatch_indexed,synthetic_barcode,200,384,24,1,0.010,0.000637,313971.7,120565134.5,644042
dotmatch_scan,synthetic_barcode,200,384,24,1,0.010,0.000719,278164.1,106815020.4,644042
dotmatch_naive,synthetic_barcode,200,384,24,1,0.010,0.000721,277392.5,106518738.5,644042
dotmatch_indexed,synthetic_barcode,200,384,24,1,0.030,0.000680,294117.6,112941167.2,538245
dotmatch_scan,synthetic_barcode,200,384,24,1,0.030,0.000713,280504.9,107713873.8,538245
dotmatch_naive,synthetic_barcode,200,384,24,1,0.030,0.000608,328947.4,126315795.1,538245
dotmatch_indexed,synthetic_barcode,200,384,24,2,0.000,0.072995,2739.9,1052126.9,673913
dotmatch_scan,synthetic_barcode,200,384,24,2,0.000,0.019183,10425.9,4003544.8,673913
dotmatch_naive,synthetic_barcode,200,384,24,2,0.000,0.019128,10455.9,4015056.5,673913
dotmatch_indexed,synthetic_barcode,200,384,24,2,0.005,0.072250,2768.2,1062975.8,677570
dotmatch_scan,synthetic_barcode,200,384,24,2,0.005,0.019292,10367.0,3980924.7,677570
dotmatch_naive,synthetic_barcode,200,384,24,2,0.005,0.019259,10384.8,3987746.0,677570
dotmatch_indexed,synthetic_barcode,200,384,24,2,0.010,0.073351,2726.6,1047020.5,710097
dotmatch_scan,synthetic_barcode,200,384,24,2,0.010,0.019248,10390.7,3990024.9,710097
dotmatch_naive,synthetic_barcode,200,384,24,2,0.010,0.019239,10395.6,3991891.5,710097
dotmatch_indexed,synthetic_barcode,200,384,24,2,0.030,0.072213,2769.6,1063520.4,637856
dotmatch_scan,synthetic_barcode,200,384,24,2,0.030,0.017737,11275.9,4329931.8,637856
dotmatch_naive,synthetic_barcode,200,384,24,2,0.030,0.019206,10413.4,3998750.4,637856
dotmatch_indexed,synthetic_barcode,200,384,24,3,0.000,0.019246,10391.8,3990439.6,649552
dotmatch_scan,synthetic_barcode,200,384,24,3,0.000,0.019265,10381.5,3986504.0,649552
dotmatch_naive,synthetic_barcode,200,384,24,3,0.000,0.019219,10406.4,3996045.6,649552
dotmatch_indexed,synthetic_barcode,200,384,24,3,0.005,0.019508,10252.2,3936846.4,680340
dotmatch_scan,synthetic_barcode,200,384,24,3,0.005,0.019414,10301.8,3955908.1,680340
dotmatch_naive,synthetic_barcode,200,384,24,3,0.005,0.019322,10350.9,3974743.8,680340
dotmatch_indexed,synthetic_barcode,200,384,24,3,0.010,0.019158,10439.5,4008769.2,698536
dotmatch_scan,synthetic_barcode,200,384,24,3,0.010,0.019151,10443.3,4010234.5,698536
dotmatch_naive,synthetic_barcode,200,384,24,3,0.010,0.019115,10463.0,4017787.1,698536
dotmatch_indexed,synthetic_barcode,200,384,24,3,0.030,0.019113,10464.1,4018207.5,638524
dotmatch_scan,synthetic_barcode,200,384,24,3,0.030,0.019046,10500.9,4032342.8,638524
dotmatch_naive,synthetic_barcode,200,384,24,3,0.030,0.019076,10484.4,4026001.3,638524
dotmatch_indexed,synthetic_barcode,200,737,24,0,0.000,0.000046,4347826.0,3204347755.0,1301094
dotmatch_scan,synthetic_barcode,200,737,24,0,0.000,0.000472,423728.8,312288145.4,1301094
dotmatch_naive,synthetic_barcode,200,737,24,0,0.000,0.000471,424628.5,312951182.6,1301094
dotmatch_indexed,synthetic_barcode,200,737,24,0,0.005,0.000046,4347826.0,3204347755.0,1147612
dotmatch_scan,synthetic_barcode,200,737,24,0,0.005,0.000471,424628.5,312951182.6,1147612
dotmatch_naive,synthetic_barcode,200,737,24,0,0.005,0.000471,424628.5,312951182.6,1147612
dotmatch_indexed,synthetic_barcode,200,737,24,0,0.010,0.000045,4444445.1,3275556035.5,892728
dotmatch_scan,synthetic_barcode,200,737,24,0,0.010,0.000471,424628.5,312951182.6,892728
dotmatch_naive,synthetic_barcode,200,737,24,0,0.010,0.000471,424628.4,312951105.3,892728
dotmatch_indexed,synthetic_barcode,200,737,24,0,0.030,0.000047,4255318.4,3136169636.6,622806
dotmatch_scan,synthetic_barcode,200,737,24,0,0.030,0.000471,424628.5,312951182.6,622806
dotmatch_naive,synthetic_barcode,200,737,24,0,0.030,0.000471,424628.5,312951182.6,622806
dotmatch_indexed,synthetic_barcode,200,737,24,1,0.000,0.000778,257069.4,189460157.4,1293801
dotmatch_scan,synthetic_barcode,200,737,24,1,0.000,0.001398,143061.5,105436333.8,1293801
dotmatch_naive,synthetic_barcode,200,737,24,1,0.000,0.001313,152322.9,112261996.6,1293801
dotmatch_indexed,synthetic_barcode,200,737,24,1,0.005,0.000687,291120.8,214556043.1,1279415
dotmatch_scan,synthetic_barcode,200,737,24,1,0.005,0.001413,141542.8,104317060.9,1279415
dotmatch_naive,synthetic_barcode,200,737,24,1,0.005,0.001266,157977.9,116429701.9,1279415
dotmatch_indexed,synthetic_barcode,200,737,24,1,0.010,0.000677,295421.0,217725285.4,1168709
dotmatch_scan,synthetic_barcode,200,737,24,1,0.010,0.001548,129199.0,95219636.4,1168709
dotmatch_naive,synthetic_barcode,200,737,24,1,0.010,0.001319,151630.0,111751333.9,1168709
dotmatch_indexed,synthetic_barcode,200,737,24,1,0.030,0.000694,288184.4,212391916.8,1065120
dotmatch_scan,synthetic_barcode,200,737,24,1,0.030,0.001387,144196.1,106272533.1,1065120
dotmatch_naive,synthetic_barcode,200,737,24,1,0.030,0.001235,161943.3,119352229.2,1065120
dotmatch_indexed,synthetic_barcode,200,737,24,2,0.000,0.072054,2775.7,2045688.0,1240115
dotmatch_scan,synthetic_barcode,200,737,24,2,0.000,0.036744,5443.1,4011539.3,1240115
dotmatch_naive,synthetic_barcode,200,737,24,2,0.000,0.036696,5450.2,4016786.6,1240115
dotmatch_indexed,synthetic_barcode,200,737,24,2,0.005,0.071838,2784.0,2051838.9,1229682
dotmatch_scan,synthetic_barcode,200,737,24,2,0.005,0.036922,5416.8,3992199.8,1229682
dotmatch_naive,synthetic_barcode,200,737,24,2,0.005,0.037144,5384.4,3968339.4,1229682
dotmatch_indexed,synthetic_barcode,200,737,24,2,0.010,0.072418,2761.7,2035405.6,1266759
dotmatch_scan,synthetic_barcode,200,737,24,2,0.010,0.037441,5341.7,3936860.7,1266759
dotmatch_naive,synthetic_barcode,200,737,24,2,0.010,0.036940,5414.2,3990254.5,1266759
dotmatch_indexed,synthetic_barcode,200,737,24,2,0.030,0.069812,2864.8,2111384.9,1330665
dotmatch_scan,synthetic_barcode,200,737,24,2,0.030,0.036623,5461.0,4024793.2,1330665
dotmatch_naive,synthetic_barcode,200,737,24,2,0.030,0.036618,5461.8,4025342.7,1330665
dotmatch_indexed,synthetic_barcode,200,737,24,3,0.000,0.036793,5435.8,4006196.8,1262708
dotmatch_scan,synthetic_barcode,200,737,24,3,0.000,0.036763,5440.3,4009466.0,1262708
dotmatch_naive,synthetic_barcode,200,737,24,3,0.000,0.036693,5450.6,4017115.0,1262708
dotmatch_indexed,synthetic_barcode,200,737,24,3,0.005,0.036776,5438.3,4008048.7,1283447
dotmatch_scan,synthetic_barcode,200,737,24,3,0.005,0.036666,5454.6,4020073.1,1283447
dotmatch_naive,synthetic_barcode,200,737,24,3,0.005,0.036688,5451.4,4017662.4,1283447
dotmatch_indexed,synthetic_barcode,200,737,24,3,0.010,0.036812,5433.0,4004129.1,1342090
dotmatch_scan,synthetic_barcode,200,737,24,3,0.010,0.036786,5436.9,4006959.2,1342090
dotmatch_naive,synthetic_barcode,200,737,24,3,0.010,0.036807,5433.7,4004673.0,1342090
dotmatch_indexed,synthetic_barcode,200,737,24,3,0.030,0.036573,5468.5,4030295.6,1328763
dotmatch_scan,synthetic_barcode,200,737,24,3,0.030,0.036802,5434.5,4005217.1,1328763
dotmatch_naive,synthetic_barcode,200,737,24,3,0.030,0.036997,5405.8,3984106.8,1328763
dotmatch_indexed,synthetic_barcode,200,4096,24,0,0.000,0.000048,4166665.3,17066660889.0,6874442
dotmatch_scan,synthetic_barcode,200,4096,24,0,0.000,0.002738,73046.0,299196492.7,6874442
dotmatch_naive,synthetic_barcode,200,4096,24,0,0.000,0.002600,76923.1,315076922.2,6874442
dotmatch_indexed,synthetic_barcode,200,4096,24,0,0.005,0.000047,4255318.4,17429784031.7,5935581
dotmatch_scan,synthetic_barcode,200,4096,24,0,0.005,0.002640,75757.6,310303034.7,5935581
dotmatch_naive,synthetic_barcode,200,4096,24,0,0.005,0.002656,75301.2,308433738.7,5935581
dotmatch_indexed,synthetic_barcode,200,4096,24,0,0.010,0.000046,4347826.0,17808695257.0,5681507
dotmatch_scan,synthetic_barcode,200,4096,24,0,0.010,0.002597,77011.9,315440895.3,5681507
dotmatch_naive,synthetic_barcode,200,4096,24,0,0.010,0.002722,73475.4,300955179.5,5681507
dotmatch_indexed,synthetic_barcode,200,4096,24,0,0.030,0.000050,3999997.5,16383989685.1,2951870
dotmatch_scan,synthetic_barcode,200,4096,24,0,0.030,0.002596,77041.6,315562392.4,2951870
dotmatch_naive,synthetic_barcode,200,4096,24,0,0.030,0.002596,77041.6,315562392.4,2951870
dotmatch_indexed,synthetic_barcode,200,4096,24,1,0.000,0.000988,202429.2,829149834.4,7169902
dotmatch_scan,synthetic_barcode,200,4096,24,1,0.000,0.008207,24369.4,99817229.5,7169902
dotmatch_naive,synthetic_barcode,200,4096,24,1,0.000,0.008025,24922.1,102080997.0,7169902
dotmatch_indexed,synthetic_barcode,200,4096,24,1,0.005,0.000987,202634.2,829989813.7,6711808
dotmatch_scan,synthetic_barcode,200,4096,24,1,0.005,0.008042,24869.4,101865207.6,6711808
dotmatch_naive,synthetic_barcode,200,4096,24,1,0.005,0.007961,25122.5,102901646.0,6711808
dotmatch_indexed,synthetic_barcode,200,4096,24,1,0.010,0.000982,203666.0,834215863.1,6549708
dotmatch_scan,synthetic_barcode,200,4096,24,1,0.010,0.008038,24881.8,101915899.8,6549708
dotmatch_naive,synthetic_barcode,200,4096,24,1,0.010,0.008007,24978.1,102310478.7,6549708
dotmatch_indexed,synthetic_barcode,200,4096,24,1,0.030,0.001167,171379.6,701970912.3,5900435
dotmatch_scan,synthetic_barcode,200,4096,24,1,0.030,0.008079,24755.5,101398687.3,5900435
dotmatch_naive,synthetic_barcode,200,4096,24,1,0.030,0.007989,25034.4,102540993.1,5900435
dotmatch_indexed,synthetic_barcode,200,4096,24,2,0.000,0.060818,3288.5,13469696.5,6761715
dotmatch_scan,synthetic_barcode,200,4096,24,2,0.000,0.204659,977.2,4002755.8,6761715
dotmatch_naive,synthetic_barcode,200,4096,24,2,0.000,0.227241,880.1,3604983.3,6761715
dotmatch_indexed,synthetic_barcode,200,4096,24,2,0.005,0.064433,3104.0,12713982.0,6751624
dotmatch_scan,synthetic_barcode,200,4096,24,2,0.005,0.211823,944.2,3867379.8,6751624
dotmatch_naive,synthetic_barcode,200,4096,24,2,0.005,0.202843,986.0,4038591.4,6751624
dotmatch_indexed,synthetic_barcode,200,4096,24,2,0.010,0.061423,3256.1,13337023.6,7097916
dotmatch_scan,synthetic_barcode,200,4096,24,2,0.010,0.208268,960.3,3933393.5,7097916
dotmatch_naive,synthetic_barcode,200,4096,24,2,0.010,0.203910,980.8,4017458.7,7097916
dotmatch_indexed,synthetic_barcode,200,4096,24,2,0.030,0.061596,3247.0,13299564.9,7079276
dotmatch_scan,synthetic_barcode,200,4096,24,2,0.030,0.263080,760.2,3113881.7,7079276
dotmatch_naive,synthetic_barcode,200,4096,24,2,0.030,0.302134,662.0,2711379.7,7079276
dotmatch_indexed,synthetic_barcode,200,4096,24,3,0.000,0.203235,984.1,4030801.8,6855657
dotmatch_scan,synthetic_barcode,200,4096,24,3,0.000,0.204084,980.0,4014033.4,6855657
dotmatch_naive,synthetic_barcode,200,4096,24,3,0.000,0.206453,968.7,3967973.3,6855657
dotmatch_indexed,synthetic_barcode,200,4096,24,3,0.005,0.209020,956.8,3919242.2,6666458
dotmatch_scan,synthetic_barcode,200,4096,24,3,0.005,0.212398,941.6,3856910.1,6666458
dotmatch_naive,synthetic_barcode,200,4096,24,3,0.005,0.255942,781.4,3200725.2,6666458
dotmatch_indexed,synthetic_barcode,200,4096,24,3,0.010,0.332697,601.1,2462300.5,7210777
dotmatch_scan,synthetic_barcode,200,4096,24,3,0.010,0.224421,891.2,3650282.3,7210777
dotmatch_naive,synthetic_barcode,200,4096,24,3,0.010,0.208017,961.5,3938139.7,7210777
dotmatch_indexed,synthetic_barcode,200,4096,24,3,0.030,0.205766,972.0,3981221.4,6535985
dotmatch_scan,synthetic_barcode,200,4096,24,3,0.030,0.206323,969.4,3970473.5,6535985
dotmatch_naive,synthetic_barcode,200,4096,24,3,0.030,0.209535,954.5,3909609.4,6535985
dotmatch_indexed,synthetic_barcode,200,96,32,0,0.000,0.000044,4545456.0,436363777.3,179213
dotmatch_scan,synthetic_barcode,200,96,32,0,0.000,0.000067,2985077.8,286567471.7,179213
dotmatch_naive,synthetic_barcode,200,96,32,0,0.000,0.000067,2985072.6,286566973.8,179213
dotmatch_indexed,synthetic_barcode,200,96,32,0,0.005,0.000046,4347826.0,417391295.1,155381
dotmatch_scan,synthetic_barcode,200,96,32,0,0.005,0.000066,3030301.3,290908928.3,155381
dotmatch_naive,synthetic_barcode,200,96,32,0,0.005,0.000067,2985072.6,286566973.8,155381
dotmatch_indexed,synthetic_barcode,200,96,32,0,0.010,0.000050,3999997.5,383999758.2,137337
dotmatch_scan,synthetic_barcode,200,96,32,0,0.010,0.000090,2222222.5,213333364.6,137337
dotmatch_naive,synthetic_barcode,200,96,32,0,0.010,0.000066,3030301.3,290908928.3,137337
dotmatch_indexed,synthetic_barcode,200,96,32,0,0.030,0.000052,3846150.4,369230437.6,73763
dotmatch_scan,synthetic_barcode,200,96,32,0,0.030,0.000065,3076921.7,295384482.3,73763
dotmatch_naive,synthetic_barcode,200,96,32,0,0.030,0.000066,3030306.7,290909441.4,73763
dotmatch_indexed,synthetic_barcode,200,96,32,1,0.000,0.000921,217155.3,20846907.5,177054
dotmatch_scan,synthetic_barcode,200,96,32,1,0.000,0.000158,1265822.5,121518957.4,177054
dotmatch_naive,synthetic_barcode,200,96,32,1,0.000,0.000115,1739131.3,166956602.5,177054
dotmatch_indexed,synthetic_barcode,200,96,32,1,0.005,0.001094,182815.4,17550275.1,185407
dotmatch_scan,synthetic_barcode,200,96,32,1,0.005,0.000168,1190476.2,114285715.2,185407
dotmatch_naive,synthetic_barcode,200,96,32,1,0.005,0.000144,1388889.5,133333396.0,185407
dotmatch_indexed,synthetic_barcode,200,96,32,1,0.010,0.000934,214132.8,20556744.9,183900
dotmatch_scan,synthetic_barcode,200,96,32,1,0.010,0.000171,1169590.5,112280687.6,183900
dotmatch_naive,synthetic_barcode,200,96,32,1,0.010,0.000127,1574802.7,151181059.8,183900
dotmatch_indexed,synthetic_barcode,200,96,32,1,0.030,0.000933,214362.3,20578778.1,121449
dotmatch_scan,synthetic_barcode,200,96,32,1,0.030,0.000171,1169590.5,112280687.6,121449
dotmatch_naive,synthetic_barcode,200,96,32,1,0.030,0.000126,1587301.2,152380918.4,121449
dotmatch_indexed,synthetic_barcode,200,96,32,2,0.000,0.040513,4936.7,473922.0,191249
dotmatch_scan,synthetic_barcode,200,96,32,2,0.000,0.006373,31382.4,3012709.9,191249
dotmatch_naive,synthetic_barcode,200,96,32,2,0.000,0.006346,31515.9,3025527.9,191249
dotmatch_indexed,synthetic_barcode,200,96,32,2,0.005,0.041001,4877.9,468281.3,190641
dotmatch_scan,synthetic_barcode,200,96,32,2,0.005,0.006361,31441.6,3018393.3,190641
dotmatch_naive,synthetic_barcode,200,96,32,2,0.005,0.006291,31791.4,3051979.0,190641
dotmatch_indexed,synthetic_barcode,200,96,32,2,0.010,0.040971,4881.5,468624.1,174776
dotmatch_scan,synthetic_barcode,200,96,32,2,0.010,0.006194,32289.3,3099774.0,174776
dotmatch_naive,synthetic_barcode,200,96,32,2,0.010,0.006519,30679.6,2945237.0,174776
dotmatch_indexed,synthetic_barcode,200,96,32,2,0.030,0.040797,4902.3,470622.8,191082
dotmatch_scan,synthetic_barcode,200,96,32,2,0.030,0.006293,31781.3,3051009.0,191082
dotmatch_naive,synthetic_barcode,200,96,32,2,0.030,0.006278,31857.3,3058298.8,191082
dotmatch_indexed,synthetic_barcode,200,96,32,3,0.000,0.006310,31695.7,3042789.2,184364
dotmatch_scan,synthetic_barcode,200,96,32,3,0.000,0.006323,31630.6,3036533.3,184364
dotmatch_naive,synthetic_barcode,200,96,32,3,0.000,0.006342,31535.8,3027436.2,184364
dotmatch_indexed,synthetic_barcode,200,96,32,3,0.005,0.006366,31416.9,3016022.6,174730
dotmatch_scan,synthetic_barcode,200,96,32,3,0.005,0.006332,31585.6,3032217.3,174730
dotmatch_naive,synthetic_barcode,200,96,32,3,0.005,0.006554,30515.7,2929508.7,174730
dotmatch_indexed,synthetic_barcode,200,96,32,3,0.010,0.006470,30911.9,2967542.5,185409
dotmatch_scan,synthetic_barcode,200,96,32,3,0.010,0.006382,31338.1,3008461.3,185409
dotmatch_naive,synthetic_barcode,200,96,32,3,0.010,0.006224,32133.7,3084832.9,185409
dotmatch_indexed,synthetic_barcode,200,96,32,3,0.030,0.006340,31545.7,3028391.2,182351
dotmatch_scan,synthetic_barcode,200,96,32,3,0.030,0.006444,31036.6,2979515.9,182351
dotmatch_naive,synthetic_barcode,200,96,32,3,0.030,0.006298,31756.1,3048586.9,182351
dotmatch_indexed,synthetic_barcode,200,384,32,0,0.000,0.000056,3571423.7,1371426681.7,669323
dotmatch_scan,synthetic_barcode,200,384,32,0,0.000,0.000248,806451.5,309677387.2,669323
dotmatch_naive,synthetic_barcode,200,384,32,0,0.000,0.000248,806451.5,309677387.2,669323
dotmatch_indexed,synthetic_barcode,200,384,32,0,0.005,0.000057,3508773.9,1347369168.8,600155
dotmatch_scan,synthetic_barcode,200,384,32,0,0.005,0.000248,806451.5,309677387.2,600155
dotmatch_naive,synthetic_barcode,200,384,32,0,0.005,0.000248,806451.5,309677387.2,600155
dotmatch_indexed,synthetic_barcode,200,384,32,0,0.010,0.000058,3448277.3,1324138479.4,467157
dotmatch_scan,synthetic_barcode,200,384,32,0,0.010,0.000248,806451.5,309677387.2,467157
dotmatch_naive,synthetic_barcode,200,384,32,0,0.010,0.000248,806451.5,309677387.2,467157
dotmatch_indexed,synthetic_barcode,200,384,32,0,0.030,0.000060,3333333.8,1280000187.6,268896
dotmatch_scan,synthetic_barcode,200,384,32,0,0.030,0.000247,809716.5,310931151.3,268896
dotmatch_naive,synthetic_barcode,200,384,32,0,0.030,0.000247,809716.5,310931151.3,268896
dotmatch_indexed,synthetic_barcode,200,384,32,1,0.000,0.001058,189035.9,72589790.4,713421
dotmatch_scan,synthetic_barcode,200,384,32,1,0.000,0.000703,284495.0,109246088.5,713421
dotmatch_naive,synthetic_barcode,200,384,32,1,0.000,0.000760,263157.9,101052620.6,713421
dotmatch_indexed,synthetic_barcode,200,384,32,1,0.005,0.001032,193798.4,74418600.4,632018
dotmatch_scan,synthetic_barcode,200,384,32,1,0.005,0.000815,245398.8,94233124.7,632018
dotmatch_naive,synthetic_barcode,200,384,32,1,0.005,0.000645,310077.5,119069763.4,632018
dotmatch_indexed,synthetic_barcode,200,384,32,1,0.010,0.001017,196656.8,75516228.3,613592
dotmatch_scan,synthetic_barcode,200,384,32,1,0.010,0.000735,272108.8,104489794.7,613592
dotmatch_naive,synthetic_barcode,200,384,32,1,0.010,0.000719,278164.1,106815020.4,613592
dotmatch_indexed,synthetic_barcode,200,384,32,1,0.030,0.000997,200601.8,77031091.4,511321
dotmatch_scan,synthetic_barcode,200,384,32,1,0.030,0.000722,277008.3,106371187.3,511321
dotmatch_naive,synthetic_barcode,200,384,32,1,0.030,0.000643,311042.0,119440123.2,511321
dotmatch_indexed,synthetic_barcode,200,384,32,2,0.000,0.042662,4688.0,1800196.9,680492
dotmatch_scan,synthetic_barcode,200,384,32,2,0.000,0.025395,7875.6,3024217.4,680492
dotmatch_naive,synthetic_barcode,200,384,32,2,0.000,0.025006,7998.1,3071262.9,680492
dotmatch_indexed,synthetic_barcode,200,384,32,2,0.005,0.042990,4652.2,1786462.0,716736
dotmatch_scan,synthetic_barcode,200,384,32,2,0.005,0.032910,6077.2,2333637.2,716736
dotmatch_naive,synthetic_barcode,200,384,32,2,0.005,0.026779,7468.5,2867918.9,716736
dotmatch_indexed,synthetic_barcode,200,384,32,2,0.010,0.040685,4915.8,1887673.6,681766
dotmatch_scan,synthetic_barcode,200,384,32,2,0.010,0.025171,7945.7,3051130.3,681766
dotmatch_naive,synthetic_barcode,200,384,32,2,0.010,0.025270,7914.5,3039176.9,681766
dotmatch_indexed,synthetic_barcode,200,384,32,2,0.030,0.041291,4843.7,1859969.5,621073
dotmatch_scan,synthetic_barcode,200,384,32,2,0.030,0.025083,7973.5,3061834.7,621073
dotmatch_naive,synthetic_barcode,200,384,32,2,0.030,0.024848,8048.9,3090792.0,621073
dotmatch_indexed,synthetic_barcode,200,384,32,3,0.000,0.025071,7977.3,3063300.2,659548
dotmatch_scan,synthetic_barcode,200,384,32,3,0.000,0.025174,7944.7,3050766.7,659548
dotmatch_naive,synthetic_barcode,200,384,32,3,0.000,0.024887,8036.3,3085948.5,659548
dotmatch_indexed,synthetic_barcode,200,384,32,3,0.005,0.026738,7480.0,2872316.5,665144
dotmatch_scan,synthetic_barcode,200,384,32,3,0.005,0.025487,7847.1,3013300.9,665144
dotmatch_naive,synthetic_barcode,200,384,32,3,0.005,0.027455,7284.6,2797304.7,665144
dotmatch_indexed,synthetic_barcode,200,384,32,3,0.010,0.026127,7654.9,2939487.9,700981
dotmatch_scan,synthetic_barcode,200,384,32,3,0.010,0.024538,8150.6,3129839.4,700981
dotmatch_naive,synthetic_barcode,200,384,32,3,0.010,0.024885,8037.0,3086196.5,700981
dotmatch_indexed,synthetic_barcode,200,384,32,3,0.030,0.025499,7843.4,3011882.8,709089
dotmatch_scan,synthetic_barcode,200,384,32,3,0.030,0.025797,7752.8,2977090.4,709089
dotmatch_naive,synthetic_barcode,200,384,32,3,0.030,0.025551,7827.5,3005753.2,709089
dotmatch_indexed,synthetic_barcode,200,737,32,0,0.000,0.000060,3333333.8,2456667026.6,1291438
dotmatch_scan,synthetic_barcode,200,737,32,0,0.000,0.000471,424628.5,312951182.6,1291438
dotmatch_naive,synthetic_barcode,200,737,32,0,0.000,0.000471,424628.5,312951182.6,1291438
dotmatch_indexed,synthetic_barcode,200,737,32,0,0.005,0.000059,3389831.5,2498305779.5,1013598
dotmatch_scan,synthetic_barcode,200,737,32,0,0.005,0.000471,424628.5,312951182.6,1013598
dotmatch_naive,synthetic_barcode,200,737,32,0,0.005,0.000472,423728.8,312288145.4,1013598
dotmatch_indexed,synthetic_barcode,200,737,32,0,0.010,0.000060,3333333.8,2456667026.6,903544
dotmatch_scan,synthetic_barcode,200,737,32,0,0.010,0.000471,424628.5,312951182.6,903544
dotmatch_naive,synthetic_barcode,200,737,32,0,0.010,0.000471,424628.5,312951182.6,903544
dotmatch_indexed,synthetic_barcode,200,737,32,0,0.030,0.000075,2666667.1,1965333621.3,617058
dotmatch_scan,synthetic_barcode,200,737,32,0,0.030,0.001332,150150.1,110660659.5,617058
dotmatch_naive,synthetic_barcode,200,737,32,0,0.030,0.000471,424628.4,312951105.3,617058
dotmatch_indexed,synthetic_barcode,200,737,32,1,0.000,0.001057,189214.8,139451290.5,1294923
dotmatch_scan,synthetic_barcode,200,737,32,1,0.000,0.001374,145560.4,107278021.6,1294923
dotmatch_naive,synthetic_barcode,200,737,32,1,0.000,0.001395,143369.2,105663080.3,1294923
dotmatch_indexed,synthetic_barcode,200,737,32,1,0.005,0.001032,193798.5,142829465.4,1383406
dotmatch_scan,synthetic_barcode,200,737,32,1,0.005,0.001565,127795.5,94185301.0,1383406
dotmatch_naive,synthetic_barcode,200,737,32,1,0.005,0.001351,148038.5,109104373.1,1383406
dotmatch_indexed,synthetic_barcode,200,737,32,1,0.010,0.001040,192307.7,141730768.8,1163612
dotmatch_scan,synthetic_barcode,200,737,32,1,0.010,0.001397,143163.9,105511816.5,1163612
dotmatch_naive,synthetic_barcode,200,737,32,1,0.010,0.001265,158102.8,116521741.9,1163612
dotmatch_indexed,synthetic_barcode,200,737,32,1,0.030,0.001021,195886.4,144368270.0,880176
dotmatch_scan,synthetic_barcode,200,737,32,1,0.030,0.001453,137646.2,101445285.3,880176
dotmatch_naive,synthetic_barcode,200,737,32,1,0.030,0.001352,147929.0,109023664.6,880176
dotmatch_indexed,synthetic_barcode,200,737,32,2,0.000,0.039678,5040.6,3714905.0,1210705
dotmatch_scan,synthetic_barcode,200,737,32,2,0.000,0.047684,4194.3,3091183.6,1210705
dotmatch_naive,synthetic_barcode,200,737,32,2,0.000,0.047674,4195.2,3091832.0,1210705
dotmatch_indexed,synthetic_barcode,200,737,32,2,0.005,0.039993,5000.9,3685645.0,1252330
dotmatch_scan,synthetic_barcode,200,737,32,2,0.005,0.047815,4182.8,3082714.6,1252330
dotmatch_naive,synthetic_barcode,200,737,32,2,0.005,0.047964,4169.8,3073138.2,1252330
dotmatch_indexed,synthetic_barcode,200,737,32,2,0.010,0.039510,5062.0,3730701.1,1216241
dotmatch_scan,synthetic_barcode,200,737,32,2,0.010,0.047919,4173.7,3076024.1,1216241
dotmatch_naive,synthetic_barcode,200,737,32,2,0.010,0.047827,4181.7,3081941.2,1216241
dotmatch_indexed,synthetic_barcode,200,737,32,2,0.030,0.038994,5129.0,3780068.7,1249514
dotmatch_scan,synthetic_barcode,200,737,32,2,0.030,0.047777,4186.1,3085166.5,1249514
dotmatch_naive,synthetic_barcode,200,737,32,2,0.030,0.047758,4187.8,3086393.9,1249514
dotmatch_indexed,synthetic_barcode,200,737,32,3,0.000,0.047581,4203.4,3097875.2,1332493
dotmatch_scan,synthetic_barcode,200,737,32,3,0.000,0.047453,4214.7,3106231.4,1332493
dotmatch_naive,synthetic_barcode,200,737,32,3,0.000,0.047475,4212.7,3104792.0,1332493
dotmatch_indexed,synthetic_barcode,200,737,32,3,0.005,0.048037,4163.5,3068468.1,1207715
dotmatch_scan,synthetic_barcode,200,737,32,3,0.005,0.047836,4181.0,3081361.3,1207715
dotmatch_naive,synthetic_barcode,200,737,32,3,0.005,0.047941,4171.8,3074612.5,1207715
dotmatch_indexed,synthetic_barcode,200,737,32,3,0.010,0.047884,4176.8,3078272.5,1331095
dotmatch_scan,synthetic_barcode,200,737,32,3,0.010,0.047688,4193.9,3090924.3,1331095
dotmatch_naive,synthetic_barcode,200,737,32,3,0.010,0.047677,4194.9,3091637.5,1331095
dotmatch_indexed,synthetic_barcode,200,737,32,3,0.030,0.048028,4164.2,3069043.1,1344184
dotmatch_scan,synthetic_barcode,200,737,32,3,0.030,0.048075,4160.2,3066042.6,1344184
dotmatch_naive,synthetic_barcode,200,737,32,3,0.030,0.048010,4165.8,3070193.7,1344184
dotmatch_indexed,synthetic_barcode,200,4096,32,0,0.000,0.000060,3333333.8,13653335333.9,7241115
dotmatch_scan,synthetic_barcode,200,4096,32,0,0.000,0.002595,77071.3,315684011.5,7241115
dotmatch_naive,synthetic_barcode,200,4096,32,0,0.000,0.002629,76074.6,311601369.9,7241115
dotmatch_indexed,synthetic_barcode,200,4096,32,0,0.005,0.000060,3333333.8,13653335333.9,5814574
dotmatch_scan,synthetic_barcode,200,4096,32,0,0.005,0.002597,77011.9,315440895.3,5814574
dotmatch_naive,synthetic_barcode,200,4096,32,0,0.005,0.002624,76219.5,312195127.1,5814574
dotmatch_indexed,synthetic_barcode,200,4096,32,0,0.010,0.000062,3225806.1,13212901853.9,5021947
dotmatch_scan,synthetic_barcode,200,4096,32,0,0.010,0.002597,77011.9,315440881.1,5021947
dotmatch_naive,synthetic_barcode,200,4096,32,0,0.010,0.002606,76746.0,314351504.2,5021947
dotmatch_indexed,synthetic_barcode,200,4096,32,0,0.030,0.000063,3174602.5,13003171702.9,2863254
dotmatch_scan,synthetic_barcode,200,4096,32,0,0.030,0.002593,77130.7,315927488.6,2863254
dotmatch_naive,synthetic_barcode,200,4096,32,0,0.030,0.002596,77041.6,315562392.4,2863254
dotmatch_indexed,synthetic_barcode,200,4096,32,1,0.000,0.001335,149812.7,613632995.2,7144521
dotmatch_scan,synthetic_barcode,200,4096,32,1,0.000,0.008005,24984.4,102336040.6,7144521
dotmatch_naive,synthetic_barcode,200,4096,32,1,0.000,0.007987,25040.7,102566670.2,7144521
dotmatch_indexed,synthetic_barcode,200,4096,32,1,0.005,0.001324,151057.4,618731139.6,7206794
dotmatch_scan,synthetic_barcode,200,4096,32,1,0.005,0.007987,25040.7,102566671.7,7206794
dotmatch_naive,synthetic_barcode,200,4096,32,1,0.005,0.007992,25025.0,102502501.4,7206794
dotmatch_indexed,synthetic_barcode,200,4096,32,1,0.010,0.001327,150715.9,617332339.6,7165042
dotmatch_scan,synthetic_barcode,200,4096,32,1,0.010,0.007994,25018.8,102476857.8,7165042
dotmatch_naive,synthetic_barcode,200,4096,32,1,0.010,0.007994,25018.8,102476857.8,7165042
dotmatch_indexed,synthetic_barcode,200,4096,32,1,0.030,0.001306,153139.4,627258781.9,5674447
dotmatch_scan,synthetic_barcode,200,4096,32,1,0.030,0.008068,24789.3,101536936.5,5674447
dotmatch_naive,synthetic_barcode,200,4096,32,1,0.030,0.007972,25087.8,102759658.2,5674447
dotmatch_indexed,synthetic_barcode,200,4096,32,2,0.000,0.034426,5809.6,23795968.2,6553839
dotmatch_scan,synthetic_barcode,200,4096,32,2,0.000,0.265804,752.4,3081970.2,6553839
dotmatch_naive,synthetic_barcode,200,4096,32,2,0.000,0.284096,704.0,2883532.3,6553839
dotmatch_indexed,synthetic_barcode,200,4096,32,2,0.005,0.035719,5599.3,22934572.6,7269390
dotmatch_scan,synthetic_barcode,200,4096,32,2,0.005,0.266447,750.6,3074532.6,7269390
dotmatch_naive,synthetic_barcode,200,4096,32,2,0.005,0.267430,747.9,3063231.5,7269390
dotmatch_indexed,synthetic_barcode,200,4096,32,2,0.010,0.034169,5853.3,23974948.1,7146005
dotmatch_scan,synthetic_barcode,200,4096,32,2,0.010,0.269550,742.0,3039139.3,7146005
dotmatch_naive,synthetic_barcode,200,4096,32,2,0.010,0.267611,747.4,3061159.7,7146005
dotmatch_indexed,synthetic_barcode,200,4096,32,2,0.030,0.034003,5881.8,24091991.9,5932847
dotmatch_scan,synthetic_barcode,200,4096,32,2,0.030,0.266666,750.0,3072007.7,5932847
dotmatch_naive,synthetic_barcode,200,4096,32,2,0.030,0.268670,744.4,3049093.7,5932847
dotmatch_indexed,synthetic_barcode,200,4096,32,3,0.000,0.271297,737.2,3019569.0,6776233
dotmatch_scan,synthetic_barcode,200,4096,32,3,0.000,0.267164,748.6,3066281.4,6776233
dotmatch_naive,synthetic_barcode,200,4096,32,3,0.000,0.267710,747.1,3060027.6,6776233
dotmatch_indexed,synthetic_barcode,200,4096,32,3,0.005,0.267338,748.1,3064285.7,6678483
dotmatch_scan,synthetic_barcode,200,4096,32,3,0.005,0.267693,747.1,3060222.0,6678483
dotmatch_naive,synthetic_barcode,200,4096,32,3,0.005,0.266474,750.5,3074221.1,6678483
dotmatch_indexed,synthetic_barcode,200,4096,32,3,0.010,0.266622,750.1,3072514.6,6797939
dotmatch_scan,synthetic_barcode,200,4096,32,3,0.010,0.271370,737.0,3018756.7,6797939
dotmatch_naive,synthetic_barcode,200,4096,32,3,0.010,0.267224,748.4,3065592.9,6797939
dotmatch_indexed,synthetic_barcode,200,4096,32,3,0.030,0.267002,749.1,3068141.8,7058237
dotmatch_scan,synthetic_barcode,200,4096,32,3,0.030,0.266159,751.4,3077859.5,7058237
dotmatch_naive,synthetic_barcode,200,4096,32,3,0.030,0.242370,825.2,3379956.3,7058237
